-- Schema Database SQL SERVER

-- DROP DATABASE IF EXISTS dbDatware;
-- CREATE DATABASE IF NOT EXISTS dbDatware;

-- USE dbDatware;

DROP TABLE IF EXISTS factTable;
DROP TABLE IF EXISTS perKasus;
DROP TABLE IF EXISTS perProvinsi;
DROP TABLE IF EXISTS waktu;

CREATE TABLE perProvinsi (
  kode_provinsi INT PRIMARY KEY,
  nama_provinsi VARCHAR(50) NOT NULL,
  kasus_positif INT,
  kasus_sembuh INT,
  kasus_meninggal INT
);

CREATE TABLE perKasus (
  id_kasus INT PRIMARY KEY,
  kode_provinsi INT,
  jenis_kelamin VARCHAR(5),
  umur INT,
  keterangan VARCHAR(255),
  garis_penularan VARCHAR(50),
  keterangan_status VARCHAR(50),
  wn VARCHAR(5),
  detail_wn VARCHAR(50),
  tanggal_ditambahkan DATE,
  FOREIGN KEY (kode_provinsi) REFERENCES perProvinsi(kode_provinsi)
);

CREATE TABLE waktu (
  id_waktu INT PRIMARY KEY,
  tahun VARCHAR(10),
  bulan VARCHAR(10),
  hari VARCHAR(10)
);

CREATE TABLE factTable (
  id_factTable INT PRIMARY KEY,
  id_waktu INT,
  id_kasus INT,
  jumlah_kasus_sembuh_perhari INT,
  jumlah_kasus_meninggal_perhari INT,
  jumlah_kasus_dirawat_perhari INT,
  jumlah_kasus_diperiksa_spesimen INT,
  jumlah_negatif INT,
  pdp INT,
  odp INT,
  FOREIGN KEY (id_waktu) REFERENCES waktu(id_waktu),
  FOREIGN KEY (id_kasus) REFERENCES perKasus(id_kasus)
);

-- INSERTING DATA
INSERT INTO perProvinsi VALUES(31, 'DKI Jakarta', 8355, 3371, 533);
INSERT INTO perProvinsi VALUES(35, 'Jawa Timur', 6533, 1584, 514);
INSERT INTO perProvinsi VALUES(32, 'Jawa Barat', 2448, 962, 161);
INSERT INTO perProvinsi VALUES(33, 'Jawa Tengah', 1674, 508, 103);
INSERT INTO perProvinsi VALUES(73, 'Sulawesi Selatan', 2194, 704, 97);
INSERT INTO perProvinsi VALUES(63, 'Kalimantan Selatan', 1438, 118, 104);
INSERT INTO perProvinsi VALUES(16, 'Sumatera Selatan', 1188, 402, 42);
INSERT INTO perProvinsi VALUES(94, 'Papua', 1108, 78, 7);
INSERT INTO perProvinsi VALUES(36, 'Banten', 1061, 391, 72);
INSERT INTO perProvinsi VALUES(52, 'Nusa Tenggara Barat', 830, 325, 25);
INSERT INTO perProvinsi VALUES(13, 'Sumatera Barat', 645, 361, 29);
INSERT INTO perProvinsi VALUES(12, 'Sumatera Utara', 618, 189, 52);
INSERT INTO perProvinsi VALUES(71, 'Sulawesi Utara', 551, 73, 47);
INSERT INTO perProvinsi VALUES(51, 'Bali', 608, 409, 5);
INSERT INTO perProvinsi VALUES(64, 'Kalimantan Timur', 351, 216, 3);
INSERT INTO perProvinsi VALUES(74, 'Sulawesi Tenggara', 263, 172, 5);
INSERT INTO perProvinsi VALUES(62, 'Kalimantan Tengah', 522, 202, 28);
INSERT INTO perProvinsi VALUES(34, 'Daerah Istimewa Yogyakarta', 249, 191, 8);
INSERT INTO perProvinsi VALUES(21, 'Kepulauan Riau', 228, 122, 16);
INSERT INTO perProvinsi VALUES(61, 'Kalimantan Barat', 234, 117, 4);
INSERT INTO perProvinsi VALUES(91, 'Papua Barat', 183, 75, 2);
INSERT INTO perProvinsi VALUES(82, 'Maluku Utara', 190, 33, 19);
INSERT INTO perProvinsi VALUES(65, 'Kalimantan Utara', 170, 130, 2);
INSERT INTO perProvinsi VALUES(81, 'Maluku', 315, 89, 8);
INSERT INTO perProvinsi VALUES(72, 'Sulawesi Tengah', 159, 93, 4);
INSERT INTO perProvinsi VALUES(18, 'Lampung', 148, 105, 11);
INSERT INTO perProvinsi VALUES(19, 'Kepulauan Bangka Belitung', 121, 41, 1);
INSERT INTO perProvinsi VALUES(15, 'Jambi', 103, 27, 0);
INSERT INTO perProvinsi VALUES(14, 'Riau', 120, 107, 6);
INSERT INTO perProvinsi VALUES(75, 'Gorontalo', 139, 62, 7);
INSERT INTO perProvinsi VALUES(53, 'Nusa Tenggara Timur', 103, 30, 1);
INSERT INTO perProvinsi VALUES(76, 'Sulawesi Barat', 94, 63, 2);
INSERT INTO perProvinsi VALUES(17, 'Bengkulu', 92, 46, 4);
INSERT INTO perProvinsi VALUES(11, 'Aceh', 20, 18, 1);
INSERT INTO perKasus VALUES(1, 32, 'P', 31, '', '', '', '1', '', '2020-3-2');
INSERT INTO perKasus VALUES(2, 32, 'P', 34, 'Kontak kasus 1', '1', '', '1', '', '2020-3-2');
INSERT INTO perKasus VALUES(4, 31, 'P', 54, '', '1', '', '1', '', '2020-3-6');
INSERT INTO perKasus VALUES(3, 32, 'L', 36, 'ABK Diamond Princess', '1', '', '1', '', '2020-3-6');
INSERT INTO perKasus VALUES(5, 31, 'L', 55, 'kontak kasus 4', '1', '', '1', '', '2020-3-1');
INSERT INTO perKasus VALUES(6, 31, 'P', 55, 'Dancer beda grup dengan NT', '', '', '1', '', '2020-3-1');
INSERT INTO perKasus VALUES(7, 32, 'P', 33, 'kontak kasus 1', '8', '', '1', '', '2020-3-2');
INSERT INTO perKasus VALUES(8, 31, 'P', 48, 'kontak kasus 1', '', '', '1', '', '2020-3-2');
INSERT INTO perKasus VALUES(9, 31, 'L', 29, 'kontak kasus 1', '11', '', '2', 'WNA (Colombia)', '2020-3-2');
INSERT INTO perKasus VALUES(11, 31, 'L', 52, 'kontak kasus 1', '1', '', '1', '', '2020-3-2');
INSERT INTO perKasus VALUES(10, 31, 'P', 54, 'kontak kasus 1', '1', '', '2', 'WNA (New Zeland)', '2020-3-2');
INSERT INTO perKasus VALUES(12, 31, 'P', 65, 'Riwayat kontak erat dengan anggota keluarga yang pulang dari Singapore (anaknya)', '1', '', '1', '', '2020-3-2');
INSERT INTO perKasus VALUES(13, 31, 'P', 70, 'kontak kasus 1', '1', '', '1', '', '2020-3-2');
INSERT INTO perKasus VALUES(14, 31, 'P', 34, 'kontak kasus 1', '74', '', '1', '', '2020-3-2');
INSERT INTO perKasus VALUES(15, 31, 'P', 47, 'kontak kasus 1', '74', '', '1', '', '2020-3-2');
INSERT INTO perKasus VALUES(16, 32, 'L', 31, 'kontak kasus 1', '74', '', '1', '', '2020-3-2');
INSERT INTO perKasus VALUES(18, 32, 'L', 50, 'Kasus positif tersendiri (tidak terkait dengan NT)', '', '', '1', '', '2020-3-2');
INSERT INTO perKasus VALUES(17, 31, 'P', 16, 'kontak kasus 1', '74', '', '1', '', '2020-3-2');
INSERT INTO perKasus VALUES(19, 31, 'L', 50, 'kontak kasus 18', '74', '', '1', '', '2020-3-2');
INSERT INTO perKasus VALUES(21, 31, 'P', 70, 'kontak kasus 38', '1', '', '1', '', '2020-3-3');
INSERT INTO perKasus VALUES(22, 31, 'P', 73, 'kontak kasus 21', '', '', '1', '', '2020-3-3');
INSERT INTO perKasus VALUES(23, 32, 'P', 43, 'kontak kasus 18', '20', '', '1', '', '2020-3-3');
INSERT INTO perKasus VALUES(25, 31, 'L', 55, 'kontak kasus 18', '', '', '1', '', '2020-3-3');
INSERT INTO perKasus VALUES(24, 32, 'P', 17, 'kontak kasus 18', '', '', '1', '', '2020-3-3');
INSERT INTO perKasus VALUES(27, 36, 'L', 55, 'imported case', '1', '', '1', '', '2020-3-3');
INSERT INTO perKasus VALUES(28, 51, 'P', 53, 'imported case', '', '', '2', 'WNA (Inggris)', '2020-3-4');
INSERT INTO perKasus VALUES(20, 31, 'P', 36, '', '', '', '1', '', '2020-3-3');
INSERT INTO perKasus VALUES(26, 32, 'L', 46, 'imported case', '1', '', '1', '', '2020-3-3');
INSERT INTO perKasus VALUES(30, 31, 'L', 55, 'lokal transmisi', '', '', '2', 'WNA (China)', '2020-3-4');
INSERT INTO perKasus VALUES(29, 31, 'L', 64, 'kontak kasus 1', '', '', '1', '', '2020-3-4');
INSERT INTO perKasus VALUES(33, 32, 'P', 65, 'imported case', '', '', '1', '', '2020-3-4');
INSERT INTO perKasus VALUES(31, 31, 'P', 69, 'kontak kasus 34', '', '', '2', 'WNA (Albania)', '2020-3-4');
INSERT INTO perKasus VALUES(32, 31, 'L', 36, 'kasus tunggal', '', '', '1', '', '2020-3-4');
INSERT INTO perKasus VALUES(35, 31, 'L', 40, 'Kontak kasus 18', '', '', '1', '', '2020-3-6');
INSERT INTO perKasus VALUES(36, 36, 'L', 56, 'kontak kasus 18', '', '', '1', '', '2020-3-6');
INSERT INTO perKasus VALUES(34, 31, 'L', 86, 'kontak kasus 1', '', '', '2', 'WNA (Albania)', '2020-3-4');
INSERT INTO perKasus VALUES(38, 31, 'P', 43, 'kontak kasus 1', '', '', '1', '', '2020-3-6');
INSERT INTO perKasus VALUES(37, 31, 'P', 68, 'kasus tunggal', '', '', '1', '', '2020-3-6');
INSERT INTO perKasus VALUES(39, 31, 'L', 46, 'kontak kasus 1', '', '', '1', '', '2020-3-6');
INSERT INTO perKasus VALUES(41, 31, 'L', 78, 'kasus tunggal', '', '', '1', '', '2020-3-6');
INSERT INTO perKasus VALUES(40, 31, 'L', 33, 'kontak kasus 1', '71', '', '1', '', '2020-3-6');
INSERT INTO perKasus VALUES(44, 31, 'L', 37, 'imported case', '', '', '2', 'WNA (Arab Saudi)', '2020-3-6');
INSERT INTO perKasus VALUES(42, 31, 'L', 85, 'kasus tunggal', '', '', '1', '', '2020-3-6');
INSERT INTO perKasus VALUES(43, 31, 'L', 51, 'kasus tunggal', '', '', '1', '', '2020-3-6');
INSERT INTO perKasus VALUES(45, 31, 'P', 48, 'imported case', '', '', '1', '', '2020-3-6');
INSERT INTO perKasus VALUES(46, 31, 'L', 45, 'kasus tunggal', '78', '', '1', '', '2020-3-6');
INSERT INTO perKasus VALUES(49, 31, 'P', 66, 'kontak kasus 1', '', '', '2', 'WNA (China)', '2020-3-6');
INSERT INTO perKasus VALUES(47, 32, 'L', 29, 'imported case', '', '', '1', '', '2020-3-6');
INSERT INTO perKasus VALUES(48, 31, 'L', 52, 'kasus tunggal', '', '', '1', '', '2020-3-6');
INSERT INTO perKasus VALUES(51, 31, 'L', 43, 'imported case', '', '', '1', '', '2020-3-6');
INSERT INTO perKasus VALUES(50, 36, 'P', 57, 'imported case', '', '', '1', '', '2020-3-6');
INSERT INTO perKasus VALUES(52, 31, 'P', 80, 'kasus tunggal', '', '', '2', 'WNA (China)', '2020-3-6');
INSERT INTO perKasus VALUES(55, 32, 'L', 40, 'imported case', '', '', '1', '', '2020-3-6');
INSERT INTO perKasus VALUES(54, 31, 'P', 46, 'kontak kasus 11', '', '', '1', '', '2020-3-6');
INSERT INTO perKasus VALUES(53, 31, 'L', 54, 'Masih proses PE', '22', '', '1', '', '2020-3-6');
INSERT INTO perKasus VALUES(56, 31, 'L', 66, 'kasus tunggal', '', '', '1', '', '2020-3-6');
INSERT INTO perKasus VALUES(57, 31, 'L', 34, 'Masih proses PE', '', '', '1', '', '2020-3-6');
INSERT INTO perKasus VALUES(59, 31, 'P', 29, 'Nakes', '', '', '1', '', '2020-3-6');
INSERT INTO perKasus VALUES(58, 32, 'L', 57, 'Nakes', '', '', '1', '', '2020-3-6');
INSERT INTO perKasus VALUES(60, 31, 'L', 60, 'Kasus riwayat kontak erat dengan kasus Surveilans#31 dan 34', '', '', '2', 'WNA', '2020-3-6');
INSERT INTO perKasus VALUES(61, 31, 'L', 61, 'Masih proses PE', '', '', '1', '', '2020-3-6');
INSERT INTO perKasus VALUES(63, 34, 'L', 3, 'Masih proses PE', '', '', '1', '', '2020-3-6');
INSERT INTO perKasus VALUES(64, 33, 'L', 59, 'kontak kasus 65', '', '', '1', '', '2020-3-6');
INSERT INTO perKasus VALUES(65, 33, 'L', 60, 'kontak kasus 64', '', '', '1', '', '2020-3-6');
INSERT INTO perKasus VALUES(62, 36, 'L', 35, 'kasus tunggal', '', '', '1', '', '2020-3-6');
INSERT INTO perKasus VALUES(66, 31, 'P', 59, 'Masih proses PE', '', '', '1', '', '2020-3-6');
INSERT INTO perKasus VALUES(69, 31, 'P', 26, 'Masih proses PE', '', '', '1', '', '2020-3-6');
INSERT INTO perKasus VALUES(68, 31, 'L', 2, 'Masih proses PE', '', '', '1', '', '2020-3-6');
INSERT INTO perKasus VALUES(67, 31, 'P', 24, 'Masih proses PE', '', '', '1', '', '2020-3-6');
INSERT INTO perKasus VALUES(71, 31, 'P', 27, 'Masih proses PE', '1', '', '1', '', '2020-3-7');
INSERT INTO perKasus VALUES(73, 36, 'L', 63, 'Masih proses PE', '', '', '1', '', '2020-3-7');
INSERT INTO perKasus VALUES(70, 31, 'L', 58, 'Masih proses PE', '1', '', '1', '', '2020-3-7');
INSERT INTO perKasus VALUES(74, 32, 'P', 36, 'kasus tunggal', '', '', '1', '', '2020-3-7');
INSERT INTO perKasus VALUES(75, 32, 'P', 25, 'Masih proses PE', '', '', '1', '', '2020-3-7');
INSERT INTO perKasus VALUES(72, 31, 'L', 51, 'kasus tunggal', '', '', '1', '', '2020-3-7');
INSERT INTO perKasus VALUES(76, 32, 'P', 58, 'Masih proses PE', '', '', '1', '', '2020-3-7');
INSERT INTO perKasus VALUES(77, 71, 'L', 51, 'imported case', '', '', '1', '', '2020-3-7');
INSERT INTO perKasus VALUES(78, 61, 'L', 34, 'imported case', '81', '', '1', '', '2020-3-7');
INSERT INTO perKasus VALUES(80, 31, 'L', 48, 'Masih proses PE', '', '', '1', '', '2020-3-7');
INSERT INTO perKasus VALUES(81, 31, 'L', 73, 'Masih proses PE', '78', '', '1', '', '2020-3-7');
INSERT INTO perKasus VALUES(82, 31, 'P', 25, 'Masih proses PE', '', '', '1', '', '2020-3-7');
INSERT INTO perKasus VALUES(83, 31, 'P', 38, 'kasus tunggal', '1', '', '1', '', '2020-3-7');
INSERT INTO perKasus VALUES(84, 31, 'L', 80, 'Masih proses PE', '', '', '0', '', '2020-3-7');
INSERT INTO perKasus VALUES(86, 31, 'L', 66, 'kasus tunggal', '', '', '1', '', '2020-3-7');
INSERT INTO perKasus VALUES(85, 32, 'P', 67, '', '', '', '1', '', '2020-3-7');
INSERT INTO perKasus VALUES(79, 32, 'P', 49, 'kasus tunggal', '', '', '1', '', '2020-3-7');
INSERT INTO perKasus VALUES(87, 31, 'L', 20, 'Masih proses PE', '', '', '1', '', '2020-3-7');
INSERT INTO perKasus VALUES(88, 31, 'L', 0, 'Masih proses PE', '', '', '1', '', '2020-3-7');
INSERT INTO perKasus VALUES(89, 31, 'L', 64, 'Masih proses PE', '', '', '1', '', '2020-3-7');
INSERT INTO perKasus VALUES(90, 31, 'L', 31, 'kasus tunggal', '', '', '1', '', '2020-3-7');
INSERT INTO perKasus VALUES(91, 36, 'P', 42, 'Masih proses PE', '', '', '1', '', '2020-3-7');
INSERT INTO perKasus VALUES(94, 36, 'P', 57, 'Masih proses PE', '', '', '1', '', '2020-3-7');
INSERT INTO perKasus VALUES(92, 36, 'L', 39, 'Masih proses PE', '', '', '1', '', '2020-3-7');
INSERT INTO perKasus VALUES(93, 36, 'L', 61, 'Masih proses PE', '', '', '1', '', '2020-3-7');
INSERT INTO perKasus VALUES(95, 31, 'P', 29, 'Masih proses PE', '', '', '1', '', '2020-3-7');
INSERT INTO perKasus VALUES(98, 31, 'L', 51, 'Masih proses PE', '', '', '1', '', '2020-3-1');
INSERT INTO perKasus VALUES(99, 31, 'L', 41, 'kasus tunggal', '', '', '1', '', '2020-3-1');
INSERT INTO perKasus VALUES(96, 36, 'L', 65, 'Masih proses PE', '', '', '1', '', '2020-3-7');
INSERT INTO perKasus VALUES(100, 31, 'L', 43, 'Masih proses PE', '', '', '2', 'WNA (kanada)', '2020-3-1');
INSERT INTO perKasus VALUES(101, 31, 'L', 39, 'Masih proses PE', '', '', '1', '', '2020-3-1');
INSERT INTO perKasus VALUES(103, 33, 'L', 0, '', '', '', '1', '', '2020-3-1');
INSERT INTO perKasus VALUES(97, 31, 'L', 54, 'Masih proses PE', '', '', '1', '', '2020-3-1');
INSERT INTO perKasus VALUES(102, 31, 'L', 65, 'Masih proses PE', '', '', '1', '', '2020-3-1');
INSERT INTO perKasus VALUES(104, 33, 'L', 0, '', '', '', '0', '', '2020-3-1');
INSERT INTO perKasus VALUES(108, 31, 'L', 65, 'Masih proses PE', '', '', '0', '', '2020-3-1');
INSERT INTO perKasus VALUES(109, 31, 'P', 67, 'kasus tunggal', '', '', '1', '', '2020-3-1');
INSERT INTO perKasus VALUES(107, 32, 'L', 27, 'Masih proses PE', '', '', '1', '', '2020-3-1');
INSERT INTO perKasus VALUES(105, 31, 'L', 40, 'kontak kasus 49', '', '', '1', '', '2020-3-1');
INSERT INTO perKasus VALUES(111, 31, 'P', 56, 'Masih proses PE', '', '', '1', '', '2020-3-1');
INSERT INTO perKasus VALUES(110, 32, 'L', 57, 'Masih proses PE', '', '', '1', '', '2020-3-1');
INSERT INTO perKasus VALUES(112, 31, 'L', 54, 'Masih proses PE', '', '', '1', '', '2020-3-1');
INSERT INTO perKasus VALUES(114, 31, 'L', 29, 'Masih proses PE', '', '', '1', '', '2020-3-1');
INSERT INTO perKasus VALUES(113, 31, 'L', 66, 'kasus tunggal', '', '', '1', '', '2020-3-1');
INSERT INTO perKasus VALUES(115, 31, 'L', 72, 'Masih proses PE', '', '', '1', '', '2020-3-1');
INSERT INTO perKasus VALUES(116, 31, 'L', 50, 'kasus tunggal', '', '', '1', '', '2020-3-1');
INSERT INTO perKasus VALUES(117, 36, 'L', 49, 'kasus tunggal', '', '', '1', '', '2020-3-1');
INSERT INTO perKasus VALUES(118, 33, 'L', 43, 'kasus tunggal', '', '', '1', '', '2020-3-2');
INSERT INTO perKasus VALUES(120, 31, 'L', 62, 'kasus tunggal', '', '', '1', '', '2020-3-2');
INSERT INTO perKasus VALUES(119, 31, 'L', 50, 'Masih proses PE', '', '', '1', '', '2020-3-2');
INSERT INTO perKasus VALUES(121, 31, 'L', 74, 'Masih proses PE', '', '', '1', '', '2020-3-2');
INSERT INTO perKasus VALUES(124, 32, 'L', 43, 'Masih proses PE', '', '', '1', '', '2020-3-2');
INSERT INTO perKasus VALUES(122, 31, 'P', 65, 'Masih proses PE', '', '', '1', '', '2020-3-2');
INSERT INTO perKasus VALUES(126, 31, 'P', 56, 'Masih proses PE', '', '', '1', '', '2020-3-2');
INSERT INTO perKasus VALUES(125, 32, 'L', 56, 'Masih proses PE', '', '', '1', '', '2020-3-2');
INSERT INTO perKasus VALUES(127, 32, 'P', 32, 'Masih proses PE', '', '', '1', '', '2020-3-2');
INSERT INTO perKasus VALUES(123, 31, 'P', 74, 'Masih proses PE', '', '', '1', '', '2020-3-2');
INSERT INTO perKasus VALUES(128, 31, 'P', 26, 'Masih proses PE', '', '', '1', '', '2020-3-2');
INSERT INTO perKasus VALUES(131, 32, 'L', 0, 'kasus tunggal', '', '', '1', '', '2020-3-2');
INSERT INTO perKasus VALUES(129, 31, 'P', 42, 'kasus tunggal', '', '', '1', '', '2020-3-2');
INSERT INTO perKasus VALUES(134, 31, 'P', 22, 'Kontak kasus 72', '', '', '1', '', '2020-3-2');
INSERT INTO perKasus VALUES(130, 32, 'L', 40, 'kasus tunggal', '', '', '1', '', '2020-3-2');
INSERT INTO perKasus VALUES(133, 31, 'P', 37, 'kasus tunggal', '', '', '1', '', '2020-3-2');
INSERT INTO perKasus VALUES(135, 31, 'L', 40, 'kasus tunggal', '', '', '1', '', '2020-3-3');
INSERT INTO perKasus VALUES(132, 31, 'P', 28, 'kasus tunggal', '', '', '1', '', '2020-3-2');
INSERT INTO perKasus VALUES(136, 31, 'L', 30, 'kasus tunggal', '', '', '1', '', '2020-3-3');
INSERT INTO perKasus VALUES(137, 31, 'P', 34, 'kasus tunggal', '', '', '1', '', '2020-3-3');
INSERT INTO perKasus VALUES(138, 31, 'P', 44, 'kasus tunggal', '', '', '1', '', '2020-3-3');
INSERT INTO perKasus VALUES(141, 35, 'L', 50, 'kasus tunggal', '', '', '1', '', '2020-3-3');
INSERT INTO perKasus VALUES(140, 35, 'L', 22, 'kasus tunggal', '', '', '1', '', '2020-3-3');
INSERT INTO perKasus VALUES(139, 21, 'L', 71, 'kasus tunggal', '', '', '1', '', '2020-3-3');
INSERT INTO perKasus VALUES(144, 31, 'L', 44, 'Masih proses PE', '', '', '0', '', '2020-3-3');
INSERT INTO perKasus VALUES(143, 31, 'L', 48, 'dr. Sp.OT', '', '', '0', '', '2020-3-3');
INSERT INTO perKasus VALUES(142, 36, 'P', 28, 'kasus tunggal', '', '', '0', '', '2020-3-3');
INSERT INTO perKasus VALUES(146, 31, 'L', 34, 'Masih proses PE', '', '', '0', '', '2020-3-3');
INSERT INTO perKasus VALUES(145, 36, 'P', 74, 'Masih proses PE', '', '', '0', '', '2020-3-3');
INSERT INTO perKasus VALUES(149, 35, 'L', 55, 'Masih proses PE', '', '', '0', '', '2020-3-3');
INSERT INTO perKasus VALUES(150, 35, 'L', 56, '', '', '', '0', '', '2020-3-3');
INSERT INTO perKasus VALUES(151, 36, 'L', 35, 'Ajudan Sekjen', '', '', '0', '', '2020-3-3');
INSERT INTO perKasus VALUES(152, 31, 'P', 55, 'Masih proses PE', '', '', '0', '', '2020-3-3');
INSERT INTO perKasus VALUES(148, 33, 'P', 45, 'Masih proses PE', '', '', '0', '', '2020-3-3');
INSERT INTO perKasus VALUES(153, 31, 'L', 70, 'Masih proses PE', '', '', '0', '', '2020-3-3');
INSERT INTO perKasus VALUES(155, 31, 'L', 59, 'Masih proses PE', '', '', '0', '', '2020-3-3');
INSERT INTO perKasus VALUES(157, 31, 'P', 80, 'Masih proses PE', '', '', '0', '', '2020-3-3');
INSERT INTO perKasus VALUES(156, 61, 'L', 19, 'Masih proses PE', '', '', '0', '', '2020-3-3');
INSERT INTO perKasus VALUES(158, 31, 'L', 49, 'Masih proses PE', '', '', '0', '', '2020-3-3');
INSERT INTO perKasus VALUES(159, 31, 'L', 52, 'Masih proses PE', '', '', '0', '', '2020-3-3');
INSERT INTO perKasus VALUES(160, 31, 'P', 56, 'Masih proses PE', '', '', '0', '', '2020-3-3');
INSERT INTO perKasus VALUES(154, 31, 'P', 72, 'Masih proses PE', '', '', '0', '', '2020-3-3');
INSERT INTO perKasus VALUES(161, 31, 'P', 28, 'Masih proses PE', '', '', '0', '', '2020-3-3');
INSERT INTO perKasus VALUES(163, 31, 'P', 39, 'Masih proses PE', '', '', '0', '', '2020-3-3');
INSERT INTO perKasus VALUES(162, 31, 'L', 34, 'Masih proses PE', '', '', '0', '', '2020-3-3');
INSERT INTO perKasus VALUES(164, 36, 'L', 21, 'Masih proses PE', '', '', '0', '', '2020-3-3');
INSERT INTO perKasus VALUES(166, 33, 'P', 44, 'Masih proses PE', '', '', '0', '', '2020-3-3');
INSERT INTO perKasus VALUES(167, 31, 'L', 32, 'Masih proses PE', '', '', '0', '', '2020-3-3');
INSERT INTO perKasus VALUES(168, 34, 'L', 67, 'Masih proses PE', '', '', '0', '', '2020-3-3');
INSERT INTO perKasus VALUES(169, 36, 'P', 36, 'Masih proses PE', '', '', '0', '', '2020-3-3');
INSERT INTO perKasus VALUES(165, 33, 'L', 38, 'Masih proses PE', '', '', '0', '', '2020-3-3');
INSERT INTO perKasus VALUES(172, 36, 'P', 28, 'Masih proses PE', '', '', '0', '', '2020-3-3');
INSERT INTO perKasus VALUES(170, 36, 'P', 32, 'Masih proses PE', '', '', '0', '', '2020-3-3');
INSERT INTO perKasus VALUES(173, 36, 'P', 20, 'Masih proses PE', '', '', '0', '', '2020-3-4');
INSERT INTO perKasus VALUES(171, 36, 'P', 54, 'Masih proses PE', '', '', '0', '', '2020-3-3');
INSERT INTO perKasus VALUES(174, 36, 'P', 26, 'Masih proses PE', '', '', '0', '', '2020-3-4');
INSERT INTO perKasus VALUES(175, 35, 'L', 56, 'Masih proses PE', '', '', '0', '', '2020-3-4');
INSERT INTO perKasus VALUES(176, 35, 'P', 43, 'Masih proses PE', '', '', '0', '', '2020-3-4');
INSERT INTO perKasus VALUES(179, 31, 'P', 25, 'Kontak kasus 89', '', '', '0', '', '2020-3-4');
INSERT INTO perKasus VALUES(177, 35, 'L', 49, 'Masih proses PE', '', '', '0', '', '2020-3-4');
INSERT INTO perKasus VALUES(178, 35, 'L', 48, 'Masih proses PE', '', '', '0', '', '2020-3-4');
INSERT INTO perKasus VALUES(180, 31, 'P', 22, 'Kontak kasus 89', '', '', '0', '', '2020-3-4');
INSERT INTO perKasus VALUES(181, 31, 'P', 47, 'Kontak kasus 89', '', '', '0', '', '2020-3-4');
INSERT INTO perKasus VALUES(182, 31, 'L', 28, 'Kontak kasus 89', '', '', '0', '', '2020-3-4');
INSERT INTO perKasus VALUES(184, 31, 'P', 60, '', '', '', '0', '', '2020-3-4');
INSERT INTO perKasus VALUES(183, 31, 'P', 63, 'Kontak kasus 89', '', '', '0', '', '2020-3-4');
INSERT INTO perKasus VALUES(185, 31, 'L', 71, 'Masih proses PE', '', '', '0', '', '2020-3-4');
INSERT INTO perKasus VALUES(186, 31, 'P', 50, 'Masih proses PE', '', '', '0', '', '2020-3-4');
INSERT INTO perKasus VALUES(188, 31, 'L', 66, 'Masih proses PE', '', '', '0', '', '2020-3-4');
INSERT INTO perKasus VALUES(187, 32, 'L', 39, 'Masih proses PE', '', '', '0', '', '2020-3-4');
INSERT INTO perKasus VALUES(189, 31, 'P', 57, 'Masih proses PE', '', '', '0', '', '2020-3-4');
INSERT INTO perKasus VALUES(191, 14, 'L', 63, 'Masih proses PE', '', '', '0', '', '2020-3-4');
INSERT INTO perKasus VALUES(190, 32, 'L', 17, 'Masih proses PE', '', '', '0', '', '2020-3-4');
INSERT INTO perKasus VALUES(193, 64, 'P', 37, 'Masih proses PE', '', '', '0', '', '2020-3-4');
INSERT INTO perKasus VALUES(194, 33, 'P', 60, 'Masih proses PE', '', '', '0', '', '2020-3-4');
INSERT INTO perKasus VALUES(192, 18, 'L', 62, 'Masih proses PE', '', '', '0', '', '2020-3-4');
INSERT INTO perKasus VALUES(197, 32, 'P', 55, 'Masih proses PE', '', '', '0', '', '2020-3-4');
INSERT INTO perKasus VALUES(195, 32, 'L', 27, 'Masih proses PE', '', '', '0', '', '2020-3-4');
INSERT INTO perKasus VALUES(196, 32, 'L', 21, 'Masih proses PE', '', '', '0', '', '2020-3-4');
INSERT INTO perKasus VALUES(199, 31, 'L', 31, 'Masih proses PE', '', '', '0', '', '2020-3-4');
INSERT INTO perKasus VALUES(198, 31, 'L', 49, 'Masih proses PE', '', '', '0', '', '2020-3-4');
INSERT INTO perKasus VALUES(200, 12, 'L', 50, 'Masih proses PE', '', '', '0', '', '2020-3-4');
INSERT INTO perKasus VALUES(201, 31, 'P', 83, 'Masih proses PE', '', '', '0', '', '2020-3-4');
INSERT INTO perKasus VALUES(202, 31, 'P', 56, 'Kontak kasus 203', '', '', '0', '', '2020-3-4');
INSERT INTO perKasus VALUES(203, 31, 'L', 59, 'Masih proses PE', '', '', '0', '', '2020-3-4');
INSERT INTO perKasus VALUES(206, 32, 'L', 0, 'Masih proses PE', '', '', '0', '', '2020-3-4');
INSERT INTO perKasus VALUES(204, 32, 'L', 55, 'Masih proses PE', '', '', '0', '', '2020-3-4');
INSERT INTO perKasus VALUES(205, 32, 'L', 0, 'Masih proses PE', '', '', '0', '', '2020-3-4');
INSERT INTO perKasus VALUES(208, 31, 'L', 71, 'Masih proses PE', '', '', '0', '', '2020-3-4');
INSERT INTO perKasus VALUES(207, 32, 'P', 53, 'Masih proses PE', '', '', '0', '', '2020-3-4');
INSERT INTO perKasus VALUES(211, 31, 'L', 24, 'Masih proses PE', '', '', '0', '', '2020-3-4');
INSERT INTO perKasus VALUES(209, 31, 'P', 69, 'Masih proses PE', '', '', '0', '', '2020-3-4');
INSERT INTO perKasus VALUES(210, 31, 'L', 44, 'Masih proses PE', '', '', '0', '', '2020-3-4');
INSERT INTO perKasus VALUES(212, 31, 'L', 38, 'Masih proses PE', '', '', '0', '', '2020-3-4');
INSERT INTO perKasus VALUES(214, 31, 'L', 0, 'Masih proses PE', '', '', '0', '', '2020-3-4');
INSERT INTO perKasus VALUES(215, 32, 'L', 52, 'Masih proses PE', '', '', '0', '', '2020-3-4');
INSERT INTO perKasus VALUES(216, 32, 'P', 26, 'Masih proses PE', '', '', '0', '', '2020-3-4');
INSERT INTO perKasus VALUES(213, 31, 'L', 27, 'Masih proses PE', '', '', '0', '', '2020-3-4');
INSERT INTO perKasus VALUES(217, 31, 'P', 49, 'Masih proses PE', '', '', '0', '', '2020-3-4');
INSERT INTO perKasus VALUES(219, 36, 'P', 35, 'Masih proses PE', '', '', '0', '', '2020-3-4');
INSERT INTO perKasus VALUES(220, 31, 'L', 56, 'Kontak kasus 89', '', '', '0', '', '2020-3-4');
INSERT INTO perKasus VALUES(221, 31, 'L', 52, 'kontak kasus 24', '', '', '0', '', '2020-3-4');
INSERT INTO perKasus VALUES(222, 31, 'L', 65, 'Masih proses PE', '', '', '0', '', '2020-3-4');
INSERT INTO perKasus VALUES(223, 31, 'L', 78, 'Masih proses PE', '', '', '0', '', '2020-3-4');
INSERT INTO perKasus VALUES(224, 31, 'L', 63, 'Masih proses PE', '', '', '0', '', '2020-3-4');
INSERT INTO perKasus VALUES(226, 31, 'P', 49, 'Masih proses PE', '', '', '0', '', '2020-3-4');
INSERT INTO perKasus VALUES(218, 36, 'P', 24, 'Masih proses PE', '', '', '0', '', '2020-3-4');
INSERT INTO perKasus VALUES(227, 31, 'L', 26, 'Masih proses PE', '', '', '0', '', '2020-3-4');
INSERT INTO perKasus VALUES(225, 34, 'L', 50, 'Masih proses PE', '', '', '0', '', '2020-3-4');
INSERT INTO perKasus VALUES(228, 31, 'L', 44, 'Masih proses PE', '', '', '0', '', '2020-3-5');
INSERT INTO perKasus VALUES(229, 31, 'P', 51, 'kontak kasus 230', '', '', '0', '', '2020-3-5');
INSERT INTO perKasus VALUES(231, 62, 'L', 55, 'Masih proses PE', '', '', '0', '', '2020-3-5');
INSERT INTO perKasus VALUES(230, 62, 'L', 20, 'Masih proses PE', '', '', '0', '', '2020-3-5');
INSERT INTO perKasus VALUES(233, 33, 'L', 37, 'Masih proses PE', '', '', '0', '', '2020-3-5');
INSERT INTO perKasus VALUES(235, 31, 'L', 38, 'Masih proses PE', '', '', '0', '', '2020-3-5');
INSERT INTO perKasus VALUES(236, 31, 'L', 64, 'Masih proses PE', '', '', '0', '', '2020-3-5');
INSERT INTO perKasus VALUES(232, 34, 'L', 60, 'Masih proses PE', '', '', '0', '', '2020-3-5');
INSERT INTO perKasus VALUES(237, 64, 'P', 28, 'Masih proses PE', '', '', '0', '', '2020-3-5');
INSERT INTO perKasus VALUES(234, 31, 'L', 54, 'Masih proses PE', '', '', '0', '', '2020-3-5');
INSERT INTO perKasus VALUES(238, 74, 'L', 41, 'Masih proses PE', '', '', '0', '', '2020-3-5');
INSERT INTO perKasus VALUES(239, 74, 'L', 25, 'Masih proses PE', '', '', '0', '', '2020-3-5');
INSERT INTO perKasus VALUES(240, 74, 'P', 32, 'Masih proses PE', '', '', '0', '', '2020-3-5');
INSERT INTO perKasus VALUES(242, 31, 'L', 25, 'Masih proses PE', '', '', '0', '', '2020-3-5');
INSERT INTO perKasus VALUES(243, 36, 'L', 43, 'Masih proses PE', '', '', '0', '', '2020-3-5');
INSERT INTO perKasus VALUES(241, 31, 'P', 1, 'Masih proses PE', '', '', '0', '', '2020-3-5');
INSERT INTO perKasus VALUES(244, 36, 'P', 39, 'Masih proses PE', '', '', '0', '', '2020-3-5');
INSERT INTO perKasus VALUES(245, 36, 'L', 39, 'Masih proses PE', '', '', '0', '', '2020-3-5');
INSERT INTO perKasus VALUES(246, 32, 'L', 40, 'Masih proses PE', '', '', '0', '', '2020-3-5');
INSERT INTO perKasus VALUES(247, 36, 'P', 57, 'Kontak kasus 320', '', '', '0', '', '2020-3-5');
INSERT INTO perKasus VALUES(249, 31, 'P', 22, 'Masih proses PE', '', '', '0', '', '2020-3-5');
INSERT INTO perKasus VALUES(250, 36, 'L', 48, 'Masih proses PE', '', '', '0', '', '2020-3-5');
INSERT INTO perKasus VALUES(251, 36, 'P', 59, 'Masih proses PE', '', '', '0', '', '2020-3-5');
INSERT INTO perKasus VALUES(248, 36, 'L', 51, 'Masih proses PE', '', '', '0', '', '2020-3-5');
INSERT INTO perKasus VALUES(254, 31, 'L', 57, 'Masih proses PE', '', '', '0', '', '2020-3-5');
INSERT INTO perKasus VALUES(252, 36, 'L', 56, 'Masih proses PE', '', '', '0', '', '2020-3-5');
INSERT INTO perKasus VALUES(256, 31, 'L', 51, 'Masih proses PE', '', '', '0', '', '2020-3-5');
INSERT INTO perKasus VALUES(255, 31, 'L', 37, 'Masih proses PE', '', '', '0', '', '2020-3-5');
INSERT INTO perKasus VALUES(253, 31, 'L', 60, 'Masih proses PE', '', '', '0', '', '2020-3-5');
INSERT INTO perKasus VALUES(258, 31, 'L', 47, 'Masih proses PE', '', '', '0', '', '2020-3-5');
INSERT INTO perKasus VALUES(257, 31, 'L', 76, 'Masih proses PE', '', '', '0', '', '2020-3-5');
INSERT INTO perKasus VALUES(260, 31, 'P', 26, 'Masih proses PE', '', '', '0', '', '2020-3-5');
INSERT INTO perKasus VALUES(259, 31, 'P', 70, 'Masih proses PE', '', '', '0', '', '2020-3-5');
INSERT INTO perKasus VALUES(263, 21, 'L', 45, 'Masih proses PE', '', '', '0', '', '2020-3-5');
INSERT INTO perKasus VALUES(261, 31, 'L', 32, 'Masih proses PE', '', '', '0', '', '2020-3-5');
INSERT INTO perKasus VALUES(264, 36, 'P', 52, 'Masih proses PE', '', '', '0', '', '2020-3-5');
INSERT INTO perKasus VALUES(262, 21, 'P', 52, 'Masih proses PE', '', '', '0', '', '2020-3-5');
INSERT INTO perKasus VALUES(266, 31, 'P', 47, 'Masih proses PE', '', '', '0', '', '2020-3-5');
INSERT INTO perKasus VALUES(267, 31, 'L', 76, 'Masih proses PE', '', '', '0', '', '2020-3-5');
INSERT INTO perKasus VALUES(268, 36, 'L', 50, 'Masih proses PE', '', '', '0', '', '2020-3-5');
INSERT INTO perKasus VALUES(269, 36, 'L', 47, 'Masih proses PE', '', '', '0', '', '2020-3-5');
INSERT INTO perKasus VALUES(270, 31, 'P', 48, 'Masih proses PE', '', '', '0', '', '2020-3-5');
INSERT INTO perKasus VALUES(265, 31, 'L', 50, 'Masih proses PE', '', '', '0', '', '2020-3-5');
INSERT INTO perKasus VALUES(271, 36, 'L', 47, 'Masih proses PE', '', '', '0', '', '2020-3-5');
INSERT INTO perKasus VALUES(272, 33, 'L', 30, 'Masih proses PE', '', '', '0', '', '2020-3-5');
INSERT INTO perKasus VALUES(273, 33, 'L', 34, 'Masih proses PE', '', '', '0', '', '2020-3-5');
INSERT INTO perKasus VALUES(276, 64, 'L', 44, 'Masih proses PE', '', '', '0', '', '2020-3-5');
INSERT INTO perKasus VALUES(275, 12, 'P', 50, 'Masih proses PE', '', '', '0', '', '2020-3-5');
INSERT INTO perKasus VALUES(277, 31, 'L', 49, 'Masih proses PE', '', '', '0', '', '2020-3-5');
INSERT INTO perKasus VALUES(279, 35, 'P', 51, 'Masih proses PE', '', '', '0', '', '2020-3-5');
INSERT INTO perKasus VALUES(278, 32, 'P', 62, 'Masih proses PE', '', '', '0', '', '2020-3-5');
INSERT INTO perKasus VALUES(274, 31, 'L', 27, 'Kontak kasus 89', '', '', '0', '', '2020-3-5');
INSERT INTO perKasus VALUES(280, 31, 'L', 63, 'Masih proses PE', '', '', '0', '', '2020-3-5');
INSERT INTO perKasus VALUES(281, 73, 'P', 55, 'Masih proses PE', '', '', '0', '', '2020-3-5');
INSERT INTO perKasus VALUES(282, 73, 'L', 54, 'Masih proses PE', '', '', '0', '', '2020-3-5');
INSERT INTO perKasus VALUES(283, 31, 'L', 39, 'Masih proses PE', '', '', '0', '', '2020-3-5');
INSERT INTO perKasus VALUES(285, 31, 'P', 34, 'Masih proses PE', '', '', '0', '', '2020-3-5');
INSERT INTO perKasus VALUES(286, 31, 'P', 46, 'Masih proses PE', '', '', '0', '', '2020-3-5');
INSERT INTO perKasus VALUES(288, 31, 'P', 42, 'Masih proses PE', '', '', '0', '', '2020-3-5');
INSERT INTO perKasus VALUES(287, 31, 'L', 36, 'Masih proses PE', '', '', '0', '', '2020-3-5');
INSERT INTO perKasus VALUES(290, 31, 'L', 57, 'Masih proses PE', '', '', '0', '', '2020-3-5');
INSERT INTO perKasus VALUES(284, 31, 'P', 41, 'Masih proses PE', '', '', '0', '', '2020-3-5');
INSERT INTO perKasus VALUES(292, 31, 'L', 34, 'Masih proses PE', '', '', '0', '', '2020-3-5');
INSERT INTO perKasus VALUES(289, 31, 'L', 65, 'Masih proses PE', '', '', '0', '', '2020-3-5');
INSERT INTO perKasus VALUES(291, 31, 'P', 41, 'Masih proses PE', '', '', '0', '', '2020-3-5');
INSERT INTO perKasus VALUES(295, 31, 'L', 51, 'Masih proses PE', '', '', '0', '', '2020-3-5');
INSERT INTO perKasus VALUES(294, 31, 'P', 56, 'Masih proses PE', '', '', '0', '', '2020-3-5');
INSERT INTO perKasus VALUES(296, 31, 'L', 51, 'Masih proses PE', '', '', '0', '', '2020-3-5');
INSERT INTO perKasus VALUES(298, 31, 'P', 28, 'Masih proses PE', '', '', '0', '', '2020-3-5');
INSERT INTO perKasus VALUES(293, 31, 'L', 51, 'Masih proses PE', '', '', '0', '', '2020-3-5');
INSERT INTO perKasus VALUES(297, 31, 'L', 37, 'Masih proses PE', '', '', '0', '', '2020-3-5');
INSERT INTO perKasus VALUES(301, 31, 'P', 63, 'Masih proses PE', '', '', '0', '', '2020-3-5');
INSERT INTO perKasus VALUES(299, 31, 'L', 37, 'Masih proses PE', '', '', '0', '', '2020-3-5');
INSERT INTO perKasus VALUES(300, 32, 'P', 28, 'Masih proses PE', '', '', '0', '', '2020-3-5');
INSERT INTO perKasus VALUES(302, 31, 'L', 39, 'Masih proses PE', '', '', '0', '', '2020-3-5');
INSERT INTO perKasus VALUES(306, 21, 'L', 31, 'Masih proses PE', '', '', '0', '', '2020-3-5');
INSERT INTO perKasus VALUES(303, 73, 'L', 56, 'Masih proses PE', '', '', '0', '', '2020-3-5');
INSERT INTO perKasus VALUES(304, 31, 'P', 11, 'Masih proses PE', '', '', '0', '', '2020-3-5');
INSERT INTO perKasus VALUES(305, 31, 'L', 58, 'Masih proses PE', '', '', '0', '', '2020-3-5');
INSERT INTO perKasus VALUES(307, 64, 'P', 49, 'Masih proses PE', '', '', '0', '', '2020-3-5');
INSERT INTO perKasus VALUES(309, 36, 'L', 54, 'Masih proses PE', '', '', '0', '', '2020-3-5');
INSERT INTO perKasus VALUES(308, 31, 'L', 76, 'Masih proses PE', '', '', '0', '', '2020-3-5');
INSERT INTO perKasus VALUES(310, 31, 'L', 41, 'Masih proses PE', '', '', '0', '', '2020-3-6');
INSERT INTO perKasus VALUES(313, 51, 'P', 72, 'Masih proses PE', '', '', '2', 'WNA', '2020-3-6');
INSERT INTO perKasus VALUES(312, 32, 'L', 51, 'Masih proses PE', '', '', '0', '', '2020-3-6');
INSERT INTO perKasus VALUES(315, 31, 'P', 33, 'Masih proses PE', '', '', '0', '', '2020-3-6');
INSERT INTO perKasus VALUES(314, 31, 'P', 28, 'Masih proses PE', '', '', '0', '', '2020-3-6');
INSERT INTO perKasus VALUES(316, 31, 'P', 53, 'Masih proses PE', '', '', '0', '', '2020-3-6');
INSERT INTO perKasus VALUES(318, 31, 'L', 23, 'Masih proses PE', '', '', '0', '', '2020-3-6');
INSERT INTO perKasus VALUES(317, 31, 'L', 34, 'Masih proses PE', '', '', '0', '', '2020-3-6');
INSERT INTO perKasus VALUES(320, 31, 'L', 35, 'Masih proses PE', '', '', '0', '', '2020-3-6');
INSERT INTO perKasus VALUES(321, 64, 'P', 37, 'Masih proses PE', '', '', '0', '', '2020-3-6');
INSERT INTO perKasus VALUES(319, 31, 'L', 56, 'Masih proses PE', '', '', '0', '', '2020-3-6');
INSERT INTO perKasus VALUES(322, 64, 'P', 38, 'Masih proses PE', '', '', '0', '', '2020-3-6');
INSERT INTO perKasus VALUES(311, 64, 'L', 33, 'Masih proses PE', '', '', '0', '', '2020-3-6');
INSERT INTO perKasus VALUES(323, 64, 'P', 37, 'Masih proses PE', '', '', '0', '', '2020-3-6');
INSERT INTO perKasus VALUES(325, 31, 'L', 47, 'Masih proses PE', '', '', '0', '', '2020-3-6');
INSERT INTO perKasus VALUES(327, 36, 'P', 53, 'kontak kasus 117', '', '', '0', '', '2020-3-6');
INSERT INTO perKasus VALUES(328, 36, 'L', 47, 'Masih proses PE', '', '', '0', '', '2020-3-6');
INSERT INTO perKasus VALUES(329, 31, 'P', 67, 'Masih proses PE', '', '', '0', '', '2020-3-6');
INSERT INTO perKasus VALUES(331, 31, 'L', 64, 'Masih proses PE', '', '', '0', '', '2020-3-6');
INSERT INTO perKasus VALUES(326, 31, 'P', 62, 'Masih proses PE', '', '', '0', '', '2020-3-6');
INSERT INTO perKasus VALUES(332, 31, 'P', 60, 'Masih proses PE', '', '', '0', '', '2020-3-6');
INSERT INTO perKasus VALUES(324, 64, 'P', 48, 'Masih proses PE', '', '', '0', '', '2020-3-6');
INSERT INTO perKasus VALUES(333, 31, 'P', 57, 'Masih proses PE', '', '', '0', '', '2020-3-6');
INSERT INTO perKasus VALUES(334, 31, 'P', 31, 'Masih proses PE', '', '', '0', '', '2020-3-6');
INSERT INTO perKasus VALUES(330, 36, 'P', 50, 'Masih proses PE', '', '', '0', '', '2020-3-6');
INSERT INTO perKasus VALUES(337, 31, 'L', 57, 'Masih proses PE', '', '', '0', '', '2020-3-6');
INSERT INTO perKasus VALUES(335, 31, 'L', 45, 'Masih proses PE', '', '', '0', '', '2020-3-6');
INSERT INTO perKasus VALUES(339, 31, 'L', 51, 'Masih proses PE', '', '', '0', '', '2020-3-6');
INSERT INTO perKasus VALUES(336, 31, 'L', 55, 'Masih proses PE', '', '', '0', '', '2020-3-6');
INSERT INTO perKasus VALUES(340, 31, 'P', 31, 'Masih proses PE', '', '', '0', '', '2020-3-6');
INSERT INTO perKasus VALUES(338, 31, 'L', 85, 'Masih proses PE', '', '', '0', '', '2020-3-6');
INSERT INTO perKasus VALUES(343, 31, 'L', 34, 'Masih proses PE', '', '', '0', '', '2020-3-6');
INSERT INTO perKasus VALUES(342, 51, 'L', 39, 'Masih proses PE', '', '', '0', '', '2020-3-6');
INSERT INTO perKasus VALUES(341, 31, 'L', 27, 'Masih proses PE', '', '', '0', '', '2020-3-6');
INSERT INTO perKasus VALUES(345, 31, 'P', 30, 'Masih proses PE', '', '', '0', '', '2020-3-6');
INSERT INTO perKasus VALUES(346, 31, 'P', 45, 'Masih proses PE', '', '', '0', '', '2020-3-6');
INSERT INTO perKasus VALUES(347, 35, 'L', 31, 'Masih proses PE', '', '', '0', '', '2020-3-6');
INSERT INTO perKasus VALUES(348, 35, 'L', 31, 'Masih proses PE', '', '', '0', '', '2020-3-6');
INSERT INTO perKasus VALUES(349, 35, 'L', 30, 'Masih proses PE', '', '', '0', '', '2020-3-6');
INSERT INTO perKasus VALUES(350, 35, 'L', 58, 'Masih proses PE', '', '', '0', '', '2020-3-6');
INSERT INTO perKasus VALUES(352, 35, 'P', 51, 'Masih proses PE', '', '', '0', '', '2020-3-6');
INSERT INTO perKasus VALUES(344, 31, 'L', 30, 'Masih proses PE', '', '', '0', '', '2020-3-6');
INSERT INTO perKasus VALUES(351, 35, 'P', 38, 'Masih proses PE', '', '', '0', '', '2020-3-6');
INSERT INTO perKasus VALUES(353, 31, 'L', 51, 'Masih proses PE', '', '', '0', '', '2020-3-6');
INSERT INTO perKasus VALUES(355, 31, 'L', 62, 'Masih proses PE', '', '', '0', '', '2020-3-6');
INSERT INTO perKasus VALUES(356, 31, 'P', 44, 'Masih proses PE', '', '', '0', '', '2020-3-6');
INSERT INTO perKasus VALUES(357, 31, 'P', 44, 'Masih proses PE', '', '', '0', '', '2020-3-6');
INSERT INTO perKasus VALUES(358, 31, 'L', 24, 'Masih proses PE', '', '', '0', '', '2020-3-6');
INSERT INTO perKasus VALUES(354, 31, 'L', 48, 'Masih proses PE', '', '', '0', '', '2020-3-6');
INSERT INTO perKasus VALUES(359, 31, 'P', 25, 'Masih proses PE', '', '', '0', '', '2020-3-6');
INSERT INTO perKasus VALUES(361, 31, 'L', 60, 'Masih proses PE', '', '', '0', '', '2020-3-6');
INSERT INTO perKasus VALUES(362, 31, 'L', 68, 'Masih proses PE', '', '', '0', '', '2020-3-6');
INSERT INTO perKasus VALUES(363, 31, 'L', 55, 'Masih proses PE', '', '', '0', '', '2020-3-6');
INSERT INTO perKasus VALUES(365, 31, 'L', 56, 'Masih proses PE', '', '', '0', '', '2020-3-6');
INSERT INTO perKasus VALUES(366, 35, 'L', 48, 'Masih proses PE', '', '', '0', '', '2020-3-6');
INSERT INTO perKasus VALUES(364, 31, 'P', 52, 'Masih proses PE', '', '', '0', '', '2020-3-6');
INSERT INTO perKasus VALUES(368, 35, 'L', 47, 'Masih proses PE', '', '', '0', '', '2020-3-6');
INSERT INTO perKasus VALUES(367, 35, 'L', 48, 'Masih proses PE', '', '', '0', '', '2020-3-6');
INSERT INTO perKasus VALUES(369, 31, 'L', 55, 'Masih proses PE', '', '', '0', '', '2020-3-6');
INSERT INTO perKasus VALUES(371, 31, 'L', 23, 'Masih proses PE', '', '', '0', '', '2020-3-7');
INSERT INTO perKasus VALUES(372, 31, 'L', 49, 'Masih proses PE', '', '', '0', '', '2020-3-7');
INSERT INTO perKasus VALUES(373, 31, 'L', 30, 'Masih proses PE', '', '', '0', '', '2020-3-7');
INSERT INTO perKasus VALUES(375, 31, 'P', 44, 'Masih proses PE', '', '', '0', '', '2020-3-7');
INSERT INTO perKasus VALUES(374, 31, 'L', 36, 'Masih proses PE', '', '', '0', '', '2020-3-7');
INSERT INTO perKasus VALUES(376, 35, 'P', 25, 'Masih proses PE', '', '', '0', '', '2020-3-7');
INSERT INTO perKasus VALUES(377, 35, 'L', 40, 'Masih proses PE', '', '', '0', '', '2020-3-7');
INSERT INTO perKasus VALUES(378, 35, 'L', 49, 'Masih proses PE', '', '', '0', '', '2020-3-7');
INSERT INTO perKasus VALUES(379, 35, 'L', 35, 'Masih proses PE', '', '', '0', '', '2020-3-7');
INSERT INTO perKasus VALUES(380, 35, 'L', 34, 'Masih proses PE', '', '', '0', '', '2020-3-7');
INSERT INTO perKasus VALUES(381, 35, 'L', 38, 'Masih proses PE', '', '', '0', '', '2020-3-7');
INSERT INTO perKasus VALUES(382, 31, 'L', 55, 'Masih proses PE', '', '', '0', '', '2020-3-7');
INSERT INTO perKasus VALUES(384, 31, 'P', 45, 'Masih proses PE', '', '', '0', '', '2020-3-7');
INSERT INTO perKasus VALUES(385, 36, 'L', 38, 'Masih proses PE', '', '', '0', '', '2020-3-7');
INSERT INTO perKasus VALUES(360, 31, 'L', 44, 'Masih proses PE', '', '', '0', '', '2020-3-6');
INSERT INTO perKasus VALUES(386, 31, 'L', 76, 'Masih proses PE', '', '', '0', '', '2020-3-7');
INSERT INTO perKasus VALUES(383, 36, 'L', 54, 'Masih proses PE', '', '', '0', '', '2020-3-7');
INSERT INTO perKasus VALUES(387, 31, 'L', 69, 'Masih proses PE', '', '', '0', '', '2020-3-7');
INSERT INTO perKasus VALUES(370, 31, 'L', 28, 'Masih proses PE', '', '', '0', '', '2020-3-7');
INSERT INTO perKasus VALUES(390, 31, 'L', 0, 'Masih proses PE', '', '', '0', '', '2020-3-7');
INSERT INTO perKasus VALUES(389, 31, 'P', 71, 'Masih proses PE', '', '', '0', '', '2020-3-7');
INSERT INTO perKasus VALUES(388, 31, 'P', 49, 'Masih proses PE', '', '', '0', '', '2020-3-7');
INSERT INTO perKasus VALUES(392, 32, 'L', 46, 'Masih proses PE', '', '', '0', '', '2020-3-7');
INSERT INTO perKasus VALUES(393, 32, 'L', 0, 'Masih proses PE', '', '', '0', '', '2020-3-7');
INSERT INTO perKasus VALUES(395, 31, 'L', 65, 'Masih proses PE', '', '', '0', '', '2020-3-7');
INSERT INTO perKasus VALUES(394, 31, 'L', 50, 'Masih proses PE', '', '', '0', '', '2020-3-7');
INSERT INTO perKasus VALUES(391, 32, 'L', 63, 'Masih proses PE', '', '', '0', '', '2020-3-7');
INSERT INTO perKasus VALUES(396, 31, 'P', 29, 'Masih proses PE', '', '', '0', '', '2020-3-7');
INSERT INTO perKasus VALUES(398, 31, 'L', 75, 'Masih proses PE', '', '', '0', '', '2020-3-7');
INSERT INTO perKasus VALUES(400, 33, 'L', 45, 'Masih proses PE', '', '', '0', '', '2020-3-7');
INSERT INTO perKasus VALUES(399, 31, 'L', 62, 'Masih proses PE', '', '', '0', '', '2020-3-7');
INSERT INTO perKasus VALUES(402, 31, 'P', 57, 'Masih proses PE', '', '', '0', '', '2020-3-7');
INSERT INTO perKasus VALUES(397, 31, 'L', 57, 'Masih proses PE', '', '', '0', '', '2020-3-7');
INSERT INTO perKasus VALUES(403, 31, 'L', 68, 'Masih proses PE', '', '', '0', '', '2020-3-7');
INSERT INTO perKasus VALUES(404, 31, 'L', 53, 'Masih proses PE', '', '', '0', '', '2020-3-7');
INSERT INTO perKasus VALUES(405, 31, 'P', 31, 'Masih proses PE', '', '', '0', '', '2020-3-7');
INSERT INTO perKasus VALUES(406, 31, 'P', 53, 'Masih proses PE', '', '', '0', '', '2020-3-7');
INSERT INTO perKasus VALUES(408, 31, 'L', 40, 'Masih proses PE', '', '', '0', '', '2020-3-7');
INSERT INTO perKasus VALUES(401, 36, 'P', 44, 'Masih proses PE', '', '', '0', '', '2020-3-7');
INSERT INTO perKasus VALUES(410, 31, 'L', 69, 'Masih proses PE', '', '', '0', '', '2020-3-7');
INSERT INTO perKasus VALUES(409, 31, 'P', 0, 'Masih proses PE', '', '', '0', '', '2020-3-7');
INSERT INTO perKasus VALUES(407, 31, 'L', 56, 'Masih proses PE', '', '', '0', '', '2020-3-7');
INSERT INTO perKasus VALUES(411, 31, 'L', 59, 'Masih proses PE', '', '', '0', '', '2020-3-7');
INSERT INTO perKasus VALUES(413, 31, 'L', 57, 'Masih proses PE', '', '', '0', '', '2020-3-7');
INSERT INTO perKasus VALUES(414, 31, 'L', 61, 'Masih proses PE', '', '', '0', '', '2020-3-7');
INSERT INTO perKasus VALUES(415, 31, 'L', 53, 'Masih proses PE', '', '', '0', '', '2020-3-7');
INSERT INTO perKasus VALUES(417, 32, 'L', 48, 'Masih proses PE', '', '', '0', '', '2020-3-7');
INSERT INTO perKasus VALUES(412, 31, 'L', 60, 'Masih proses PE', '', '', '0', '', '2020-3-7');
INSERT INTO perKasus VALUES(420, 32, 'L', 49, 'Masih proses PE', '', '', '0', '', '2020-3-7');
INSERT INTO perKasus VALUES(416, 32, 'L', 33, 'Masih proses PE', '', '', '0', '', '2020-3-7');
INSERT INTO perKasus VALUES(419, 31, 'L', 47, 'Masih proses PE', '', '', '0', '', '2020-3-7');
INSERT INTO perKasus VALUES(421, 31, 'L', 64, 'Masih proses PE', '', '', '0', '', '2020-3-7');
INSERT INTO perKasus VALUES(418, 32, 'P', 48, 'Masih proses PE', '', '', '0', '', '2020-3-7');
INSERT INTO perKasus VALUES(423, 31, 'P', 65, 'Masih proses PE', '', '', '0', '', '2020-3-7');
INSERT INTO perKasus VALUES(424, 31, 'L', 56, 'Masih proses PE', '', '', '0', '', '2020-3-7');
INSERT INTO perKasus VALUES(425, 31, 'L', 49, 'Masih proses PE', '', '', '0', '', '2020-3-7');
INSERT INTO perKasus VALUES(426, 31, 'L', 29, 'Masih proses PE', '', '', '0', '', '2020-3-7');
INSERT INTO perKasus VALUES(422, 31, 'L', 55, 'Masih proses PE', '', '', '0', '', '2020-3-7');
INSERT INTO perKasus VALUES(427, 35, 'P', 25, 'Kontak kasus 48', '', '', '0', '', '2020-3-7');
INSERT INTO perKasus VALUES(430, 35, 'P', 52, 'Masih proses PE', '', '', '0', '', '2020-3-7');
INSERT INTO perKasus VALUES(428, 35, 'P', 21, 'Kontak kasus 48', '', '', '0', '', '2020-3-7');
INSERT INTO perKasus VALUES(429, 35, 'L', 53, 'Masih proses PE', '', '', '0', '', '2020-3-7');
INSERT INTO perKasus VALUES(432, 31, 'L', 57, 'Masih proses PE', '', '', '0', '', '2020-3-7');
INSERT INTO perKasus VALUES(434, 36, 'L', 30, 'Masih proses PE', '', '', '0', '', '2020-3-7');
INSERT INTO perKasus VALUES(433, 31, 'L', 31, 'Masih proses PE', '', '', '0', '', '2020-3-7');
INSERT INTO perKasus VALUES(437, 31, 'L', 56, 'Masih proses PE', '', '', '0', '', '2020-3-7');
INSERT INTO perKasus VALUES(435, 36, 'L', 52, 'Masih proses PE', '', '', '0', '', '2020-3-7');
INSERT INTO perKasus VALUES(438, 36, 'L', 34, 'Masih proses PE', '', '', '0', '', '2020-3-7');
INSERT INTO perKasus VALUES(436, 36, 'P', 54, 'Masih proses PE', '', '', '0', '', '2020-3-7');
INSERT INTO perKasus VALUES(441, 32, 'L', 32, 'Masih proses PE', '', '', '0', '', '2020-3-7');
INSERT INTO perKasus VALUES(440, 31, 'L', 65, 'Masih proses PE', '', '', '0', '', '2020-3-7');
INSERT INTO perKasus VALUES(439, 36, 'P', 48, 'Masih proses PE', '', '', '0', '', '2020-3-7');
INSERT INTO perKasus VALUES(443, 32, 'P', 53, 'Masih proses PE', '', '', '0', '', '2020-3-7');
INSERT INTO perKasus VALUES(444, 32, 'L', 39, 'Masih proses PE', '', '', '0', '', '2020-3-7');
INSERT INTO perKasus VALUES(445, 32, 'L', 59, 'Masih proses PE', '', '', '0', '', '2020-3-7');
INSERT INTO perKasus VALUES(446, 32, 'L', 47, 'Masih proses PE', '', '', '0', '', '2020-3-7');
INSERT INTO perKasus VALUES(447, 34, 'P', 30, 'Masih proses PE', '', '', '0', '', '2020-3-7');
INSERT INTO perKasus VALUES(448, 33, 'L', 74, 'Masih proses PE', '', '', '0', '', '2020-3-7');
INSERT INTO perKasus VALUES(442, 32, 'L', 53, 'Masih proses PE', '', '', '0', '', '2020-3-7');
INSERT INTO perKasus VALUES(451, 32, 'L', 56, 'Masih proses PE', '', '', '1', '', '2020-3-1');
INSERT INTO perKasus VALUES(449, 33, 'L', 48, 'Masih proses PE', '', '', '1', '', '2020-3-7');
INSERT INTO perKasus VALUES(453, 31, 'L', 54, 'Masih proses PE', '', '', '1', '', '2020-3-1');
INSERT INTO perKasus VALUES(452, 32, 'L', 54, 'Masih proses PE', '', '', '1', '', '2020-3-1');
INSERT INTO perKasus VALUES(454, 31, 'P', 54, 'Masih proses PE', '', '', '1', '', '2020-3-1');
INSERT INTO perKasus VALUES(450, 31, 'L', 50, 'Masih proses PE', '', '', '1', '', '2020-3-7');
INSERT INTO perKasus VALUES(456, 31, 'P', 22, 'Masih proses PE', '', '', '1', '', '2020-3-1');
INSERT INTO perKasus VALUES(455, 63, 'L', 45, 'Masih proses PE', '', '', '1', '', '2020-3-1');
INSERT INTO perKasus VALUES(459, 31, 'P', 21, 'Masih proses PE', '', '', '1', '', '2020-3-1');
INSERT INTO perKasus VALUES(458, 31, 'L', 64, 'Masih proses PE', '', '', '1', '', '2020-3-1');
INSERT INTO perKasus VALUES(462, 31, 'L', 55, 'Masih proses PE', '', '', '1', '', '2020-3-1');
INSERT INTO perKasus VALUES(460, 31, 'L', 40, 'Masih proses PE', '', '', '1', '', '2020-3-1');
INSERT INTO perKasus VALUES(461, 31, 'P', 64, 'Masih proses PE', '', '', '1', '', '2020-3-1');
INSERT INTO perKasus VALUES(463, 31, 'L', 55, 'Masih proses PE', '', '', '1', '', '2020-3-1');
INSERT INTO perKasus VALUES(464, 81, 'L', 28, 'Masih proses PE', '', '', '1', '', '2020-3-1');
INSERT INTO perKasus VALUES(465, 31, 'L', 65, 'Masih proses PE', '', '', '1', '', '2020-3-1');
INSERT INTO perKasus VALUES(457, 31, 'L', 28, 'Masih proses PE', '', '', '1', '', '2020-3-1');
INSERT INTO perKasus VALUES(467, 31, 'P', 51, 'Masih proses PE', '', '', '1', '', '2020-3-1');
INSERT INTO perKasus VALUES(468, 31, 'L', 57, 'Masih proses PE', '', '', '1', '', '2020-3-1');
INSERT INTO perKasus VALUES(469, 31, 'L', 61, 'Masih proses PE', '', '', '1', '', '2020-3-1');
INSERT INTO perKasus VALUES(471, 31, 'P', 26, 'Masih proses PE', '', '', '1', '', '2020-3-1');
INSERT INTO perKasus VALUES(470, 31, 'L', 26, 'Masih proses PE', '', '', '1', '', '2020-3-1');
INSERT INTO perKasus VALUES(472, 31, 'L', 52, 'Masih proses PE', '', '', '1', '', '2020-3-1');
INSERT INTO perKasus VALUES(475, 94, 'L', 46, 'Masih proses PE', '', '', '1', '', '2020-3-1');
INSERT INTO perKasus VALUES(473, 31, 'L', 65, 'Masih proses PE', '', '', '1', '', '2020-3-1');
INSERT INTO perKasus VALUES(476, 94, 'L', 30, 'Masih proses PE', '', '', '1', '', '2020-3-1');
INSERT INTO perKasus VALUES(474, 31, 'L', 37, 'Masih proses PE', '', '', '1', '', '2020-3-1');
INSERT INTO perKasus VALUES(477, 31, 'L', 68, 'Masih proses PE', '', '', '1', '', '2020-3-1');
INSERT INTO perKasus VALUES(478, 31, 'L', 76, 'Masih proses PE', '', '', '1', '', '2020-3-1');
INSERT INTO perKasus VALUES(481, 31, 'L', 72, 'Masih proses PE', '', '', '1', '', '2020-3-1');
INSERT INTO perKasus VALUES(466, 31, 'L', 53, 'Masih proses PE', '', '', '1', '', '2020-3-1');
INSERT INTO perKasus VALUES(479, 32, 'P', 54, 'Masih proses PE', '', '', '1', '', '2020-3-1');
INSERT INTO perKasus VALUES(483, 31, 'P', 53, 'Masih proses PE', '', '', '1', '', '2020-3-1');
INSERT INTO perKasus VALUES(482, 31, 'P', 55, 'Masih proses PE', '', '', '1', '', '2020-3-1');
INSERT INTO perKasus VALUES(484, 31, 'L', 51, 'Masih proses PE', '', '', '1', '', '2020-3-1');
INSERT INTO perKasus VALUES(486, 31, 'P', 52, 'Masih proses PE', '', '', '1', '', '2020-3-1');
INSERT INTO perKasus VALUES(485, 31, 'P', 47, 'Masih proses PE', '', '', '1', '', '2020-3-1');
INSERT INTO perKasus VALUES(488, 31, 'L', 40, 'Masih proses PE', '', '', '1', '', '2020-3-1');
INSERT INTO perKasus VALUES(480, 32, 'P', 62, 'Masih proses PE', '', '', '1', '', '2020-3-1');
INSERT INTO perKasus VALUES(489, 31, 'L', 16, 'Masih proses PE', '', '', '1', '', '2020-3-1');
INSERT INTO perKasus VALUES(487, 31, 'L', 17, 'Masih proses PE', '', '', '1', '', '2020-3-1');
INSERT INTO perKasus VALUES(492, 35, 'L', 69, 'Masih proses PE', '', '', '0', '', '2020-3-1');
INSERT INTO perKasus VALUES(491, 31, 'P', 48, 'Masih proses PE', '', '', '1', '', '2020-3-1');
INSERT INTO perKasus VALUES(493, 35, 'P', 60, 'Masih proses PE', '', '', '0', '', '2020-3-1');
INSERT INTO perKasus VALUES(495, 35, 'L', 76, 'Masih proses PE', '', '', '0', '', '2020-3-1');
INSERT INTO perKasus VALUES(494, 35, 'L', 58, 'Masih proses PE', '', '', '0', '', '2020-3-1');
INSERT INTO perKasus VALUES(496, 35, 'L', 55, 'Masih proses PE', '', '', '0', '', '2020-3-1');
INSERT INTO perKasus VALUES(490, 31, 'P', 30, 'Masih proses PE', '', '', '1', '', '2020-3-1');
INSERT INTO perKasus VALUES(498, 35, 'L', 26, 'Masih proses PE', '', '', '0', '', '2020-3-1');
INSERT INTO perKasus VALUES(497, 35, 'L', 38, 'Masih proses PE', '', '', '0', '', '2020-3-1');
INSERT INTO perKasus VALUES(500, 35, 'L', 80, 'Masih proses PE', '', '', '0', '', '2020-3-1');
INSERT INTO perKasus VALUES(503, 35, 'L', 36, 'Masih proses PE', '', '', '0', '', '2020-3-1');
INSERT INTO perKasus VALUES(502, 35, 'L', 17, 'Masih proses PE', '', '', '0', '', '2020-3-1');
INSERT INTO perKasus VALUES(501, 35, 'P', 20, 'Masih proses PE', '', '', '0', '', '2020-3-1');
INSERT INTO perKasus VALUES(499, 35, 'P', 63, 'Masih proses PE', '', '', '0', '', '2020-3-1');
INSERT INTO perKasus VALUES(504, 35, 'P', 45, 'Masih proses PE', '', '', '0', '', '2020-3-1');
INSERT INTO perKasus VALUES(506, 35, 'P', 28, 'Masih proses PE', '', '', '0', '', '2020-3-1');
INSERT INTO perKasus VALUES(505, 35, 'P', 60, 'Masih proses PE', '', '', '0', '', '2020-3-1');
INSERT INTO perKasus VALUES(507, 31, 'P', 46, 'Masih proses PE', '', '', '0', '', '2020-3-1');
INSERT INTO perKasus VALUES(508, 31, 'L', 36, 'Masih proses PE', '', '', '0', '', '2020-3-1');
INSERT INTO perKasus VALUES(511, 31, 'P', 48, 'Masih proses PE', '', '', '0', '', '2020-3-1');
INSERT INTO perKasus VALUES(509, 31, 'L', 33, 'Masih proses PE', '', '', '0', '', '2020-3-1');
INSERT INTO perKasus VALUES(510, 32, 'P', 23, 'Masih proses PE', '', '', '0', '', '2020-3-1');
INSERT INTO perKasus VALUES(512, 31, 'P', 41, 'Masih proses PE', '', '', '0', '', '2020-3-1');
INSERT INTO perKasus VALUES(514, 51, 'P', 63, 'kontak kasus 517', '', '', '2', 'WNA', '2020-3-1');
INSERT INTO perKasus VALUES(515, 51, 'L', 55, 'Masih proses PE', '', '', '1', '', '2020-3-2');
INSERT INTO perKasus VALUES(516, 51, 'L', 65, 'Masih proses PE', '', '', '2', 'WNA', '2020-3-2');
INSERT INTO perKasus VALUES(513, 31, 'L', 72, 'Masih proses PE', '', '', '0', '', '2020-3-1');
INSERT INTO perKasus VALUES(518, 64, 'P', 42, 'Masih proses PE', '', '', '1', '', '2020-3-2');
INSERT INTO perKasus VALUES(519, 15, 'L', 55, 'Masih proses PE', '', '', '1', '', '2020-3-2');
INSERT INTO perKasus VALUES(517, 64, 'P', 51, 'Masih proses PE', '', '', '1', '', '2020-3-2');
INSERT INTO perKasus VALUES(522, 31, 'L', 56, 'Masih proses PE', '', '', '1', '', '2020-3-2');
INSERT INTO perKasus VALUES(520, 31, 'P', 49, 'Masih proses PE', '', '', '1', '', '2020-3-2');
INSERT INTO perKasus VALUES(521, 31, 'L', 60, 'Masih proses PE', '', '', '1', '', '2020-3-2');
INSERT INTO perKasus VALUES(525, 52, 'P', 51, 'Masih proses PE', '', '', '1', '', '2020-3-2');
INSERT INTO perKasus VALUES(524, 31, 'L', 60, 'Masih proses PE', '', '', '1', '', '2020-3-2');
INSERT INTO perKasus VALUES(526, 36, 'L', 68, 'Masih proses PE', '', '', '1', '', '2020-3-2');
INSERT INTO perKasus VALUES(523, 31, 'L', 57, 'Masih proses PE', '', '', '1', '', '2020-3-2');
INSERT INTO perKasus VALUES(529, 32, 'P', 42, 'Masih proses PE', '', '', '1', '', '2020-3-2');
INSERT INTO perKasus VALUES(527, 31, 'L', 56, 'Masih proses PE', '', '', '1', '', '2020-3-2');
INSERT INTO perKasus VALUES(531, 31, 'P', 27, 'Masih proses PE', '', '', '1', '', '2020-3-2');
INSERT INTO perKasus VALUES(532, 31, 'P', 30, 'Masih proses PE', '', '', '1', '', '2020-3-2');
INSERT INTO perKasus VALUES(528, 32, 'L', 53, 'Masih proses PE', '', '', '0', '', '2020-3-2');
INSERT INTO perKasus VALUES(534, 31, 'P', 28, 'Masih proses PE', '', '', '1', '', '2020-3-2');
INSERT INTO perKasus VALUES(533, 31, 'P', 0, 'Masih proses PE', '', '', '1', '', '2020-3-2');
INSERT INTO perKasus VALUES(530, 31, 'P', 30, 'Masih proses PE', '', '', '1', '', '2020-3-2');
INSERT INTO perKasus VALUES(536, 82, 'P', 54, 'kontak kasus 54', '', '', '1', '', '2020-3-2');
INSERT INTO perKasus VALUES(537, 21, 'L', 47, 'Masih proses PE', '', '', '1', '', '2020-3-2');
INSERT INTO perKasus VALUES(535, 31, 'L', 24, 'kontak kasus 53', '', '', '1', '', '2020-3-2');
INSERT INTO perKasus VALUES(538, 36, 'L', 62, 'Masih proses PE', '', '', '1', '', '2020-3-2');
INSERT INTO perKasus VALUES(540, 36, 'L', 65, 'Masih proses PE', '', '', '1', '', '2020-3-2');
INSERT INTO perKasus VALUES(539, 36, 'L', 39, 'Masih proses PE', '', '', '1', '', '2020-3-2');
INSERT INTO perKasus VALUES(541, 31, 'P', 70, 'Masih proses PE', '', '', '1', '', '2020-3-2');
INSERT INTO perKasus VALUES(542, 31, 'L', 30, 'Masih proses PE', '', '', '1', '', '2020-3-2');
INSERT INTO perKasus VALUES(545, 31, 'L', 37, 'Masih proses PE', '', '', '1', '', '2020-3-2');
INSERT INTO perKasus VALUES(544, 31, 'L', 74, 'Masih proses PE', '', '', '1', '', '2020-3-2');
INSERT INTO perKasus VALUES(543, 31, 'L', 53, 'Masih proses PE', '', '', '1', '', '2020-3-2');
INSERT INTO perKasus VALUES(547, 31, 'L', 42, 'Masih proses PE', '', '', '1', '', '2020-3-2');
INSERT INTO perKasus VALUES(546, 31, 'P', 23, 'Masih proses PE', '', '', '1', '', '2020-3-2');
INSERT INTO perKasus VALUES(548, 31, 'L', 35, 'Masih proses PE', '', '', '1', '', '2020-3-2');
INSERT INTO perKasus VALUES(549, 31, 'L', 66, 'Masih proses PE', '', '', '1', '', '2020-3-2');
INSERT INTO perKasus VALUES(552, 31, 'L', 66, 'Masih proses PE', '', '', '1', '', '2020-3-2');
INSERT INTO perKasus VALUES(550, 31, 'P', 67, 'Masih proses PE', '', '', '1', '', '2020-3-2');
INSERT INTO perKasus VALUES(553, 31, 'P', 62, 'kontak kasus 555', '', '', '1', '', '2020-3-2');
INSERT INTO perKasus VALUES(554, 36, 'L', 39, 'Masih proses PE', '', '', '1', '', '2020-3-2');
INSERT INTO perKasus VALUES(556, 31, 'L', 46, 'Masih proses PE', '', '', '1', '', '2020-3-2');
INSERT INTO perKasus VALUES(555, 73, 'P', 61, 'Masih proses PE', '', '', '1', '', '2020-3-2');
INSERT INTO perKasus VALUES(559, 31, 'L', 35, 'Masih proses PE', '', '', '1', '', '2020-3-2');
INSERT INTO perKasus VALUES(558, 31, 'L', 63, 'Masih proses PE', '', '', '1', '', '2020-3-2');
INSERT INTO perKasus VALUES(557, 31, 'P', 39, 'Masih proses PE', '', '', '1', '', '2020-3-2');
INSERT INTO perKasus VALUES(560, 31, 'L', 0, 'Masih proses PE', '', '', '1', '', '2020-3-2');
INSERT INTO perKasus VALUES(551, 31, 'L', 46, 'Masih proses PE', '', '', '1', '', '2020-3-2');
INSERT INTO perKasus VALUES(562, 31, 'P', 53, 'Masih proses PE', '', '', '1', '', '2020-3-2');
INSERT INTO perKasus VALUES(561, 31, 'L', 0, 'Masih proses PE', '', '', '1', '', '2020-3-2');
INSERT INTO perKasus VALUES(564, 31, 'L', 30, 'Masih proses PE', '', '', '1', '', '2020-3-2');
INSERT INTO perKasus VALUES(565, 31, 'L', 0, 'Masih proses PE', '', '', '1', '', '2020-3-2');
INSERT INTO perKasus VALUES(566, 31, 'P', 60, 'Masih proses PE', '', '', '1', '', '2020-3-2');
INSERT INTO perKasus VALUES(567, 31, 'P', 36, 'kontak kasus 561', '', '', '1', '', '2020-3-2');
INSERT INTO perKasus VALUES(569, 31, 'L', 35, 'Masih proses PE', '', '', '1', '', '2020-3-2');
INSERT INTO perKasus VALUES(570, 31, 'P', 46, 'Masih proses PE', '', '', '1', '', '2020-3-2');
INSERT INTO perKasus VALUES(571, 31, 'L', 61, 'Masih proses PE', '', '', '1', '', '2020-3-2');
INSERT INTO perKasus VALUES(568, 31, 'L', 0, 'Masih proses PE', '', '', '1', '', '2020-3-2');
INSERT INTO perKasus VALUES(563, 31, 'L', 71, 'Masih proses PE', '', '', '1', '', '2020-3-2');
INSERT INTO perKasus VALUES(572, 31, 'P', 0, 'Masih proses PE', '', '', '1', '', '2020-3-2');
INSERT INTO perKasus VALUES(574, 36, 'L', 0, 'Masih proses PE', '', '', '1', '', '2020-3-2');
INSERT INTO perKasus VALUES(575, 36, 'P', 0, 'Masih proses PE', '', '', '1', '', '2020-3-2');
INSERT INTO perKasus VALUES(573, 36, 'L', 0, 'Masih proses PE', '', '', '1', '', '2020-3-2');
INSERT INTO perKasus VALUES(578, 31, 'L', 73, 'Masih proses PE', '', '', '1', '', '2020-3-2');
INSERT INTO perKasus VALUES(577, 31, 'L', 72, 'Masih proses PE', '', '', '1', '', '2020-3-2');
INSERT INTO perKasus VALUES(579, 31, 'L', 56, 'Masih proses PE', '', '', '0', '', '2020-3-2');
INSERT INTO perKasus VALUES(576, 36, 'L', 0, 'Masih proses PE', '', '', '1', '', '2020-3-2');
INSERT INTO perKasus VALUES(580, 31, 'L', 57, 'Masih proses PE', '', '', '0', '', '2020-3-3');
INSERT INTO perKasus VALUES(583, 31, 'L', 38, 'Masih proses PE', '', '', '0', '', '2020-3-3');
INSERT INTO perKasus VALUES(581, 31, 'L', 48, 'Masih proses PE', '', '', '0', '', '2020-3-3');
INSERT INTO perKasus VALUES(585, 31, 'L', 47, 'Masih proses PE', '', '', '0', '', '2020-3-3');
INSERT INTO perKasus VALUES(582, 35, 'L', 61, 'Masih proses PE', '', '', '0', '', '2020-3-3');
INSERT INTO perKasus VALUES(586, 31, 'L', 41, 'Masih proses PE', '', '', '0', '', '2020-3-3');
INSERT INTO perKasus VALUES(588, 31, 'L', 34, 'Masih proses PE', '', '', '0', '', '2020-3-3');
INSERT INTO perKasus VALUES(587, 12, 'L', 24, 'Masih proses PE', '', '', '0', '', '2020-3-3');
INSERT INTO perKasus VALUES(590, 31, 'L', 34, 'Masih proses PE', '', '', '0', '', '2020-3-3');
INSERT INTO perKasus VALUES(589, 31, 'L', 78, 'Masih proses PE', '', '', '0', '', '2020-3-3');
INSERT INTO perKasus VALUES(591, 36, 'L', 45, 'Masih proses PE', '', '', '0', '', '2020-3-3');
INSERT INTO perKasus VALUES(584, 31, 'L', 56, 'Masih proses PE', '', '', '0', '', '2020-3-3');
INSERT INTO perKasus VALUES(595, 31, 'L', 85, 'Masih proses PE', '', '', '0', '', '2020-3-3');
INSERT INTO perKasus VALUES(593, 33, 'L', 44, 'Masih proses PE', '', '', '0', '', '2020-3-3');
INSERT INTO perKasus VALUES(594, 31, 'L', 74, 'Masih proses PE', '', '', '0', '', '2020-3-3');
INSERT INTO perKasus VALUES(596, 31, 'L', 68, 'Masih proses PE', '', '', '0', '', '2020-3-3');
INSERT INTO perKasus VALUES(592, 31, 'L', 66, 'Masih proses PE', '', '', '0', '', '2020-3-3');
INSERT INTO perKasus VALUES(599, 36, 'L', 45, 'Masih proses PE', '', '', '0', '', '2020-3-3');
INSERT INTO perKasus VALUES(598, 36, 'L', 54, 'Masih proses PE', '', '', '0', '', '2020-3-3');
INSERT INTO perKasus VALUES(601, 32, 'L', 33, 'Masih proses PE', '', '', '0', '', '2020-3-3');
INSERT INTO perKasus VALUES(597, 31, 'L', 48, 'Masih proses PE', '', '', '0', '', '2020-3-3');
INSERT INTO perKasus VALUES(604, 12, 'L', 25, 'Masih proses PE', '', '', '0', '', '2020-3-3');
INSERT INTO perKasus VALUES(603, 12, 'L', 44, 'Masih proses PE', '', '', '0', '', '2020-3-3');
INSERT INTO perKasus VALUES(605, 12, 'L', 0, 'Masih proses PE', '', '', '0', '', '2020-3-3');
INSERT INTO perKasus VALUES(602, 12, 'L', 25, 'Masih proses PE', '', '', '0', '', '2020-3-3');
INSERT INTO perKasus VALUES(608, 31, 'L', 20, 'Masih proses PE', '', '', '0', '', '2020-3-3');
INSERT INTO perKasus VALUES(609, 31, 'L', 33, 'Masih proses PE', '', '', '0', '', '2020-3-3');
INSERT INTO perKasus VALUES(606, 31, 'L', 42, 'Masih proses PE', '', '', '0', '', '2020-3-3');
INSERT INTO perKasus VALUES(611, 61, 'L', 30, 'Masih proses PE', '', '', '0', '', '2020-3-3');
INSERT INTO perKasus VALUES(600, 36, 'L', 65, 'Masih proses PE', '', '', '0', '', '2020-3-3');
INSERT INTO perKasus VALUES(610, 31, 'L', 30, 'Masih proses PE', '', '', '0', '', '2020-3-3');
INSERT INTO perKasus VALUES(614, 31, 'L', 72, 'Masih proses PE', '', '', '0', '', '2020-3-3');
INSERT INTO perKasus VALUES(615, 31, 'L', 0, 'Masih proses PE', '', '', '0', '', '2020-3-3');
INSERT INTO perKasus VALUES(613, 31, 'L', 72, 'Masih proses PE', '', '', '0', '', '2020-3-3');
INSERT INTO perKasus VALUES(617, 31, 'L', 29, 'Masih proses PE', '', '', '0', '', '2020-3-3');
INSERT INTO perKasus VALUES(612, 31, 'L', 77, 'Masih proses PE', '', '', '0', '', '2020-3-3');
INSERT INTO perKasus VALUES(618, 31, 'L', 21, 'Masih proses PE', '', '', '0', '', '2020-3-3');
INSERT INTO perKasus VALUES(616, 31, 'L', 53, 'Masih proses PE', '', '', '0', '', '2020-3-3');
INSERT INTO perKasus VALUES(621, 31, 'L', 26, 'Masih proses PE', '', '', '0', '', '2020-3-3');
INSERT INTO perKasus VALUES(619, 31, 'L', 57, 'Masih proses PE', '', '', '0', '', '2020-3-3');
INSERT INTO perKasus VALUES(622, 31, 'L', 41, 'Masih proses PE', '', '', '0', '', '2020-3-3');
INSERT INTO perKasus VALUES(623, 31, 'L', 39, 'Masih proses PE', '', '', '0', '', '2020-3-3');
INSERT INTO perKasus VALUES(620, 31, 'L', 53, 'Masih proses PE', '', '', '0', '', '2020-3-3');
INSERT INTO perKasus VALUES(624, 31, 'L', 29, 'Masih proses PE', '', '', '0', '', '2020-3-3');
INSERT INTO perKasus VALUES(626, 31, 'L', 37, 'Masih proses PE', '', '', '0', '', '2020-3-3');
INSERT INTO perKasus VALUES(625, 31, 'L', 43, 'Masih proses PE', '', '', '0', '', '2020-3-3');
INSERT INTO perKasus VALUES(629, 36, 'L', 75, 'Masih proses PE', '', '', '0', '', '2020-3-3');
INSERT INTO perKasus VALUES(628, 31, 'L', 36, 'Masih proses PE', '', '', '0', '', '2020-3-3');
INSERT INTO perKasus VALUES(631, 31, 'L', 42, 'Masih proses PE', '', '', '0', '', '2020-3-3');
INSERT INTO perKasus VALUES(630, 31, 'L', 53, 'Masih proses PE', '', '', '0', '', '2020-3-3');
INSERT INTO perKasus VALUES(633, 31, 'L', 43, 'Masih proses PE', '', '', '0', '', '2020-3-3');
INSERT INTO perKasus VALUES(635, 31, 'L', 27, 'Masih proses PE', '', '', '0', '', '2020-3-3');
INSERT INTO perKasus VALUES(632, 31, 'L', 43, 'Masih proses PE', '', '', '0', '', '2020-3-3');
INSERT INTO perKasus VALUES(634, 31, 'L', 38, 'Masih proses PE', '', '', '0', '', '2020-3-3');
INSERT INTO perKasus VALUES(637, 31, 'L', 42, 'Masih proses PE', '', '', '0', '', '2020-3-3');
INSERT INTO perKasus VALUES(638, 31, 'L', 71, 'Masih proses PE', '', '', '0', '', '2020-3-3');
INSERT INTO perKasus VALUES(636, 31, 'L', 32, 'Masih proses PE', '', '', '0', '', '2020-3-3');
INSERT INTO perKasus VALUES(627, 31, 'L', 61, 'Masih proses PE', '', '', '0', '', '2020-3-3');
INSERT INTO perKasus VALUES(641, 31, 'L', 59, 'Masih proses PE', '', '', '0', '', '2020-3-3');
INSERT INTO perKasus VALUES(640, 31, 'L', 66, 'Masih proses PE', '', '', '0', '', '2020-3-3');
INSERT INTO perKasus VALUES(639, 31, 'L', 47, 'Masih proses PE', '', '', '0', '', '2020-3-3');
INSERT INTO perKasus VALUES(643, 33, 'L', 61, 'Masih proses PE', '', '', '0', '', '2020-3-3');
INSERT INTO perKasus VALUES(642, 33, 'L', 61, 'Masih proses PE', '', '', '0', '', '2020-3-3');
INSERT INTO perKasus VALUES(646, 31, 'L', 60, 'Masih proses PE', '', '', '0', '', '2020-3-3');
INSERT INTO perKasus VALUES(645, 36, 'L', 56, 'Masih proses PE', '', '', '0', '', '2020-3-3');
INSERT INTO perKasus VALUES(644, 33, 'L', 70, 'Masih proses PE', '', '', '0', '', '2020-3-3');
INSERT INTO perKasus VALUES(648, 35, 'L', 10, 'Masih proses PE', '', '', '0', '', '2020-3-3');
INSERT INTO perKasus VALUES(650, 31, 'L', 47, 'Masih proses PE', '', '', '0', '', '2020-3-3');
INSERT INTO perKasus VALUES(651, 31, 'L', 46, 'Masih proses PE', '', '', '0', '', '2020-3-3');
INSERT INTO perKasus VALUES(652, 31, 'L', 27, 'Masih proses PE', '', '', '0', '', '2020-3-3');
INSERT INTO perKasus VALUES(653, 31, 'L', 34, 'Masih proses PE', '', '', '0', '', '2020-3-3');
INSERT INTO perKasus VALUES(647, 31, 'L', 48, 'Masih proses PE', '', '', '0', '', '2020-3-3');
INSERT INTO perKasus VALUES(654, 71, 'L', 32, 'Masih proses PE', '', '', '0', '', '2020-3-3');
INSERT INTO perKasus VALUES(655, 31, 'L', 39, 'Masih proses PE', '', '', '0', '', '2020-3-3');
INSERT INTO perKasus VALUES(649, 31, 'L', 2, 'Masih proses PE', '', '', '0', '', '2020-3-3');
INSERT INTO perKasus VALUES(657, 31, 'L', 69, 'Masih proses PE', '', '', '0', '', '2020-3-3');
INSERT INTO perKasus VALUES(656, 35, 'L', 46, 'Masih proses PE', '', '', '0', '', '2020-3-3');
INSERT INTO perKasus VALUES(659, 16, 'L', 54, 'Masih proses PE', '', '', '0', '', '2020-3-3');
INSERT INTO perKasus VALUES(661, 35, 'L', 65, 'Masih proses PE', '', '', '0', '', '2020-3-3');
INSERT INTO perKasus VALUES(660, 35, 'L', 72, 'Masih proses PE', '', '', '0', '', '2020-3-3');
INSERT INTO perKasus VALUES(663, 35, 'L', 56, 'Masih proses PE', '', '', '0', '', '2020-3-3');
INSERT INTO perKasus VALUES(662, 35, 'L', 53, 'Masih proses PE', '', '', '0', '', '2020-3-3');
INSERT INTO perKasus VALUES(665, 62, 'L', 12, 'Masih proses PE', '', '', '0', '', '2020-3-3');
INSERT INTO perKasus VALUES(664, 94, 'L', 46, 'Masih proses PE', '', '', '0', '', '2020-3-3');
INSERT INTO perKasus VALUES(658, 35, 'L', 0, 'Masih proses PE', '', '', '0', '', '2020-3-3');
INSERT INTO perKasus VALUES(668, 31, 'L', 71, 'Masih proses PE', '', '', '0', '', '2020-3-3');
INSERT INTO perKasus VALUES(667, 31, 'L', 75, 'Masih proses PE', '', '', '0', '', '2020-3-3');
INSERT INTO perKasus VALUES(666, 36, 'L', 48, 'Masih proses PE', '', '', '0', '', '2020-3-3');
INSERT INTO perKasus VALUES(670, 31, 'L', 70, 'Masih proses PE', '', '', '0', '', '2020-3-3');
INSERT INTO perKasus VALUES(671, 31, 'P', 36, 'Masih proses PE', '', '', '0', '', '2020-3-3');
INSERT INTO perKasus VALUES(673, 31, 'L', 50, 'Masih proses PE', '', '', '0', '', '2020-3-3');
INSERT INTO perKasus VALUES(669, 34, 'L', 52, 'Masih proses PE', '', '', '0', '', '2020-3-3');
INSERT INTO perKasus VALUES(675, 31, 'L', 42, 'Masih proses PE', '', '', '0', '', '2020-3-3');
INSERT INTO perKasus VALUES(672, 31, 'P', 29, 'Masih proses PE', '', '', '0', '', '2020-3-3');
INSERT INTO perKasus VALUES(677, 36, 'P', 84, 'Masih proses PE', '', '', '0', '', '2020-3-3');
INSERT INTO perKasus VALUES(674, 31, 'P', 31, 'Masih proses PE', '', '', '0', '', '2020-3-3');
INSERT INTO perKasus VALUES(676, 31, 'P', 55, 'Masih proses PE', '', '', '0', '', '2020-3-3');
INSERT INTO perKasus VALUES(679, 31, 'P', 30, 'Masih proses PE', '', '', '0', '', '2020-3-3');
INSERT INTO perKasus VALUES(678, 31, 'L', 55, 'Masih proses PE', '', '', '0', '', '2020-3-3');
INSERT INTO perKasus VALUES(683, 33, 'L', 17, 'Masih proses PE', '', '', '0', '', '2020-3-3');
INSERT INTO perKasus VALUES(680, 31, 'L', 37, 'Masih proses PE', '', '', '0', '', '2020-3-3');
INSERT INTO perKasus VALUES(684, 34, 'L', 7, 'Masih proses PE', '', '', '0', '', '2020-3-3');
INSERT INTO perKasus VALUES(685, 34, 'L', 0, 'Masih proses PE', '', '', '0', '', '2020-3-3');
INSERT INTO perKasus VALUES(681, 33, 'L', 4, 'Masih proses PE', '', '', '0', '', '2020-3-3');
INSERT INTO perKasus VALUES(682, 33, 'L', 36, 'Masih proses PE', '', '', '0', '', '2020-3-3');
INSERT INTO perKasus VALUES(688, 34, 'L', 70, 'Masih proses PE', '', '', '0', '', '2020-3-4');
INSERT INTO perKasus VALUES(687, 33, 'L', 27, 'Masih proses PE', '', '', '0', '', '2020-3-4');
INSERT INTO perKasus VALUES(686, 33, 'L', 50, 'Masih proses PE', '', '', '0', '', '2020-3-4');
INSERT INTO perKasus VALUES(691, 33, 'P', 44, 'Masih proses PE', '', '', '0', '', '2020-3-4');
INSERT INTO perKasus VALUES(689, 34, 'L', 14, 'Masih proses PE', '', '', '0', '', '2020-3-4');
INSERT INTO perKasus VALUES(690, 34, 'L', 55, 'Masih proses PE', '', '', '0', '', '2020-3-4');
INSERT INTO perKasus VALUES(692, 33, 'P', 15, 'Masih proses PE', '', '', '0', '', '2020-3-4');
INSERT INTO perKasus VALUES(693, 33, 'P', 43, 'Masih proses PE', '', '', '0', '', '2020-3-4');
INSERT INTO perKasus VALUES(695, 33, 'P', 45, 'Masih proses PE', '', '', '0', '', '2020-3-4');
INSERT INTO perKasus VALUES(696, 33, 'P', 26, 'Masih proses PE', '', '', '0', '', '2020-3-4');
INSERT INTO perKasus VALUES(694, 33, 'P', 67, 'Masih proses PE', '', '', '0', '', '2020-3-4');
INSERT INTO perKasus VALUES(698, 33, 'L', 28, 'Masih proses PE', '', '', '0', '', '2020-3-4');
INSERT INTO perKasus VALUES(697, 33, 'P', 41, 'Masih proses PE', '', '', '0', '', '2020-3-4');
INSERT INTO perKasus VALUES(702, 34, 'P', 59, 'Masih proses PE', '', '', '0', '', '2020-3-4');
INSERT INTO perKasus VALUES(699, 34, 'P', 35, 'Masih proses PE', '', '', '0', '', '2020-3-4');
INSERT INTO perKasus VALUES(703, 34, 'P', 61, 'Masih proses PE', '', '', '0', '', '2020-3-4');
INSERT INTO perKasus VALUES(700, 34, 'L', 39, 'Masih proses PE', '', '', '0', '', '2020-3-4');
INSERT INTO perKasus VALUES(701, 34, 'L', 75, 'Masih proses PE', '', '', '0', '', '2020-3-4');
INSERT INTO perKasus VALUES(707, 31, 'L', 0, 'Masih proses PE', '', '', '0', '', '2020-3-4');
INSERT INTO perKasus VALUES(704, 33, 'L', 54, 'Masih proses PE', '', '', '0', '', '2020-3-4');
INSERT INTO perKasus VALUES(708, 31, 'L', 26, 'Masih proses PE', '', '', '0', '', '2020-3-4');
INSERT INTO perKasus VALUES(705, 33, 'L', 23, 'Masih proses PE', '', '', '0', '', '2020-3-4');
INSERT INTO perKasus VALUES(706, 31, 'L', 0, 'Masih proses PE', '', '', '0', '', '2020-3-4');
INSERT INTO perKasus VALUES(710, 31, 'L', 74, 'Masih proses PE', '', '', '0', '', '2020-3-4');
INSERT INTO perKasus VALUES(709, 31, 'L', 83, 'Masih proses PE', '', '', '0', '', '2020-3-4');
INSERT INTO perKasus VALUES(712, 31, 'L', 47, 'Masih proses PE', '', '', '0', '', '2020-3-4');
INSERT INTO perKasus VALUES(714, 31, 'L', 54, 'Masih proses PE', '', '', '0', '', '2020-3-4');
INSERT INTO perKasus VALUES(711, 31, 'P', 66, 'Masih proses PE', '', '', '0', '', '2020-3-4');
INSERT INTO perKasus VALUES(716, 31, 'L', 59, 'Masih proses PE', '', '', '0', '', '2020-3-4');
INSERT INTO perKasus VALUES(713, 31, 'L', 68, 'Masih proses PE', '', '', '0', '', '2020-3-4');
INSERT INTO perKasus VALUES(718, 31, 'L', 36, 'Masih proses PE', '', '', '0', '', '2020-3-4');
INSERT INTO perKasus VALUES(719, 31, 'P', 22, 'Masih proses PE', '', '', '0', '', '2020-3-4');
INSERT INTO perKasus VALUES(717, 31, 'P', 50, 'Masih proses PE', '', '', '0', '', '2020-3-4');
INSERT INTO perKasus VALUES(721, 51, 'P', 28, 'Masih proses PE', '', '', '0', '', '2020-3-4');
INSERT INTO perKasus VALUES(722, 51, 'L', 34, 'Masih proses PE', '', '', '0', '', '2020-3-4');
INSERT INTO perKasus VALUES(720, 51, 'L', 32, 'Masih proses PE', '', '', '0', '', '2020-3-4');
INSERT INTO perKasus VALUES(715, 31, 'L', 68, 'Masih proses PE', '', '', '0', '', '2020-3-4');
INSERT INTO perKasus VALUES(724, 52, 'L', 59, 'Masih proses PE', '', '', '0', '', '2020-3-4');
INSERT INTO perKasus VALUES(726, 32, 'L', 21, 'Masih proses PE', '', '', '0', '', '2020-3-4');
INSERT INTO perKasus VALUES(725, 33, 'P', 36, 'Masih proses PE', '', '', '0', '', '2020-3-4');
INSERT INTO perKasus VALUES(723, 33, 'L', 38, 'Masih proses PE', '', '', '0', '', '2020-3-4');
INSERT INTO perKasus VALUES(728, 31, 'L', 43, 'Masih proses PE', '', '', '0', '', '2020-3-4');
INSERT INTO perKasus VALUES(730, 31, 'L', 55, 'Masih proses PE', '', '', '0', '', '2020-3-4');
INSERT INTO perKasus VALUES(727, 31, 'L', 0, 'Masih proses PE', '', '', '0', '', '2020-3-4');
INSERT INTO perKasus VALUES(729, 31, 'L', 39, 'Masih proses PE', '', '', '0', '', '2020-3-4');
INSERT INTO perKasus VALUES(734, 36, 'L', 39, 'Masih proses PE', '', '', '0', '', '2020-3-4');
INSERT INTO perKasus VALUES(733, 36, 'L', 47, 'Masih proses PE', '', '', '0', '', '2020-3-4');
INSERT INTO perKasus VALUES(735, 31, 'L', 0, 'Masih proses PE', '', '', '0', '', '2020-3-4');
INSERT INTO perKasus VALUES(731, 31, 'L', 53, 'Masih proses PE', '', '', '0', '', '2020-3-4');
INSERT INTO perKasus VALUES(736, 32, 'L', 29, 'Masih proses PE', '', '', '0', '', '2020-3-4');
INSERT INTO perKasus VALUES(737, 32, 'L', 34, 'Masih proses PE', '', '', '0', '', '2020-3-4');
INSERT INTO perKasus VALUES(740, 31, 'L', 80, 'Masih proses PE', '', '', '0', '', '2020-3-4');
INSERT INTO perKasus VALUES(738, 32, 'L', 57, 'Masih proses PE', '', '', '0', '', '2020-3-4');
INSERT INTO perKasus VALUES(739, 31, 'L', 61, 'Masih proses PE', '', '', '0', '', '2020-3-4');
INSERT INTO perKasus VALUES(741, 12, 'L', 27, 'Masih proses PE', '', '', '0', '', '2020-3-4');
INSERT INTO perKasus VALUES(743, 31, 'L', 39, 'Masih proses PE', '', '', '0', '', '2020-3-4');
INSERT INTO perKasus VALUES(742, 33, 'L', 0, 'Masih proses PE', '', '', '0', '', '2020-3-4');
INSERT INTO perKasus VALUES(744, 31, 'L', 64, 'Masih proses PE', '', '', '0', '', '2020-3-4');
INSERT INTO perKasus VALUES(746, 31, 'L', 40, 'Masih proses PE', '', '', '0', '', '2020-3-4');
INSERT INTO perKasus VALUES(745, 31, 'L', 54, 'Masih proses PE', '', '', '0', '', '2020-3-4');
INSERT INTO perKasus VALUES(747, 31, 'L', 65, 'Masih proses PE', '', '', '0', '', '2020-3-4');
INSERT INTO perKasus VALUES(749, 31, 'L', 40, 'Masih proses PE', '', '', '0', '', '2020-3-4');
INSERT INTO perKasus VALUES(751, 31, 'L', 45, 'Masih proses PE', '', '', '0', '', '2020-3-4');
INSERT INTO perKasus VALUES(748, 31, 'L', 29, 'Masih proses PE', '', '', '0', '', '2020-3-4');
INSERT INTO perKasus VALUES(750, 31, 'L', 34, 'Masih proses PE', '', '', '0', '', '2020-3-4');
INSERT INTO perKasus VALUES(755, 31, 'L', 63, 'Masih proses PE', '', '', '0', '', '2020-3-4');
INSERT INTO perKasus VALUES(753, 33, 'L', 34, 'Masih proses PE', '', '', '0', '', '2020-3-4');
INSERT INTO perKasus VALUES(756, 31, 'L', 51, 'Masih proses PE', '', '', '0', '', '2020-3-4');
INSERT INTO perKasus VALUES(754, 31, 'L', 38, 'Masih proses PE', '', '', '0', '', '2020-3-4');
INSERT INTO perKasus VALUES(757, 31, 'L', 51, 'Masih proses PE', '', '', '0', '', '2020-3-4');
INSERT INTO perKasus VALUES(758, 31, 'L', 32, 'Masih proses PE', '', '', '0', '', '2020-3-4');
INSERT INTO perKasus VALUES(760, 31, 'L', 39, 'Masih proses PE', '', '', '0', '', '2020-3-4');
INSERT INTO perKasus VALUES(761, 31, 'L', 86, 'Masih proses PE', '', '', '0', '', '2020-3-4');
INSERT INTO perKasus VALUES(752, 31, 'L', 0, 'Masih proses PE', '', '', '0', '', '2020-3-4');
INSERT INTO perKasus VALUES(762, 31, 'L', 36, 'Masih proses PE', '', '', '0', '', '2020-3-4');
INSERT INTO perKasus VALUES(764, 31, 'L', 57, 'Masih proses PE', '', '', '0', '', '2020-3-4');
INSERT INTO perKasus VALUES(763, 31, 'L', 51, 'Masih proses PE', '', '', '0', '', '2020-3-4');
INSERT INTO perKasus VALUES(759, 31, 'L', 40, 'Masih proses PE', '', '', '0', '', '2020-3-4');
INSERT INTO perKasus VALUES(766, 73, 'P', 58, 'Masih proses PE', '', '', '0', '', '2020-3-4');
INSERT INTO perKasus VALUES(767, 73, 'L', 61, 'Masih proses PE', '', '', '0', '', '2020-3-4');
INSERT INTO perKasus VALUES(765, 62, 'L', 0, 'Masih proses PE', '', '', '0', '', '2020-3-4');
INSERT INTO perKasus VALUES(768, 73, 'L', 0, 'Masih proses PE', '', '', '0', '', '2020-3-4');
INSERT INTO perKasus VALUES(771, 73, 'L', 70, 'Masih proses PE', '', '', '0', '', '2020-3-4');
INSERT INTO perKasus VALUES(770, 73, 'L', 0, 'Masih proses PE', '', '', '0', '', '2020-3-4');
INSERT INTO perKasus VALUES(774, 73, 'L', 0, 'Masih proses PE', '', '', '0', '', '2020-3-4');
INSERT INTO perKasus VALUES(772, 73, 'L', 0, 'Masih proses PE', '', '', '0', '', '2020-3-4');
INSERT INTO perKasus VALUES(773, 73, 'L', 0, 'Masih proses PE', '', '', '0', '', '2020-3-4');
INSERT INTO perKasus VALUES(769, 73, 'L', 0, 'Masih proses PE', '', '', '0', '', '2020-3-4');
INSERT INTO perKasus VALUES(775, 32, 'L', 0, 'Masih proses PE', '', '', '0', '', '2020-3-4');
INSERT INTO perKasus VALUES(778, 32, 'L', 0, 'Masih proses PE', '', '', '0', '', '2020-3-4');
INSERT INTO perKasus VALUES(777, 32, 'L', 0, 'Masih proses PE', '', '', '0', '', '2020-3-4');
INSERT INTO perKasus VALUES(780, 32, 'L', 0, 'Masih proses PE', '', '', '0', '', '2020-3-4');
INSERT INTO perKasus VALUES(776, 32, 'L', 0, 'Masih proses PE', '', '', '0', '', '2020-3-4');
INSERT INTO perKasus VALUES(781, 32, 'L', 0, 'Masih proses PE', '', '', '0', '', '2020-3-4');
INSERT INTO perKasus VALUES(779, 32, 'L', 0, 'Masih proses PE', '', '', '0', '', '2020-3-4');
INSERT INTO perKasus VALUES(784, 94, 'L', 30, 'Masih proses PE', '', '', '0', '', '2020-3-4');
INSERT INTO perKasus VALUES(782, 32, 'L', 0, 'Masih proses PE', '', '', '0', '', '2020-3-4');
INSERT INTO perKasus VALUES(785, 35, 'P', 39, 'Masih proses PE', '', '', '0', '', '2020-3-4');
INSERT INTO perKasus VALUES(783, 32, 'L', 0, 'Masih proses PE', '', '', '0', '', '2020-3-4');
INSERT INTO perKasus VALUES(786, 35, 'P', 34, 'Masih proses PE', '', '', '0', '', '2020-3-4');
INSERT INTO perKasus VALUES(789, 35, 'L', 36, 'Masih proses PE', '', '', '0', '', '2020-3-4');
INSERT INTO perKasus VALUES(788, 35, 'P', 53, 'Masih proses PE', '', '', '0', '', '2020-3-4');
INSERT INTO perKasus VALUES(791, 35, 'P', 47, 'Masih proses PE', '', '', '0', '', '2020-3-5');
INSERT INTO perKasus VALUES(787, 35, 'P', 31, 'Masih proses PE', '', '', '0', '', '2020-3-4');
INSERT INTO perKasus VALUES(792, 35, 'L', 71, 'Masih proses PE', '', '', '0', '', '2020-3-5');
INSERT INTO perKasus VALUES(790, 35, 'P', 17, 'Masih proses PE', '', '', '0', '', '2020-3-4');
INSERT INTO perKasus VALUES(793, 94, 'P', 0, 'Masih proses PE', '', '', '0', '', '2020-3-5');
INSERT INTO perKasus VALUES(796, 73, 'L', 26, 'Masih proses PE', '', '', '0', '', '2020-3-5');
INSERT INTO perKasus VALUES(795, 94, 'P', 0, 'Masih proses PE', '', '', '0', '', '2020-3-5');
INSERT INTO perKasus VALUES(798, 73, 'P', 70, 'Masih proses PE', '', '', '0', '', '2020-3-5');
INSERT INTO perKasus VALUES(794, 94, 'L', 0, 'Masih proses PE', '', '', '0', '', '2020-3-5');
INSERT INTO perKasus VALUES(797, 73, 'P', 52, 'Masih proses PE', '', '', '0', '', '2020-3-5');
INSERT INTO perKasus VALUES(801, 73, 'L', 0, 'Masih proses PE', '', '', '0', '', '2020-3-5');
INSERT INTO perKasus VALUES(799, 73, 'L', 49, 'Masih proses PE', '', '', '0', '', '2020-3-5');
INSERT INTO perKasus VALUES(803, 73, 'P', 44, 'Masih proses PE', '', '', '0', '', '2020-3-5');
INSERT INTO perKasus VALUES(802, 73, 'L', 48, 'Masih proses PE', '', '', '0', '', '2020-3-5');
INSERT INTO perKasus VALUES(804, 73, 'P', 34, 'Masih proses PE', '', '', '0', '', '2020-3-5');
INSERT INTO perKasus VALUES(806, 73, 'L', 70, 'Masih proses PE', '', '', '0', '', '2020-3-5');
INSERT INTO perKasus VALUES(808, 73, 'L', 51, 'Masih proses PE', '', '', '0', '', '2020-3-5');
INSERT INTO perKasus VALUES(807, 73, 'P', 0, 'Masih proses PE', '', '', '0', '', '2020-3-5');
INSERT INTO perKasus VALUES(809, 73, 'L', 57, 'Masih proses PE', '', '', '0', '', '2020-3-5');
INSERT INTO perKasus VALUES(805, 73, 'L', 49, 'Masih proses PE', '', '', '0', '', '2020-3-5');
INSERT INTO perKasus VALUES(810, 18, 'L', 35, 'Masih proses PE', '', '', '0', '', '2020-3-5');
INSERT INTO perKasus VALUES(800, 73, 'P', 48, 'Masih proses PE', '', '', '0', '', '2020-3-5');
INSERT INTO perKasus VALUES(812, 31, 'L', 53, 'Masih proses PE', '', '', '0', '', '2020-3-5');
INSERT INTO perKasus VALUES(813, 31, 'L', 51, 'Masih proses PE', '', '', '0', '', '2020-3-5');
INSERT INTO perKasus VALUES(815, 31, 'L', 59, 'Masih proses PE', '', '', '0', '', '2020-3-5');
INSERT INTO perKasus VALUES(811, 31, 'L', 48, 'Masih proses PE', '', '', '0', '', '2020-3-5');
INSERT INTO perKasus VALUES(814, 31, 'L', 61, 'Masih proses PE', '', '', '0', '', '2020-3-5');
INSERT INTO perKasus VALUES(817, 31, 'L', 50, 'Masih proses PE', '', '', '0', '', '2020-3-5');
INSERT INTO perKasus VALUES(819, 13, 'L', 33, 'Masih proses PE', '', '', '0', '', '2020-3-5');
INSERT INTO perKasus VALUES(820, 13, 'L', 39, 'Masih proses PE', '', '', '0', '', '2020-3-5');
INSERT INTO perKasus VALUES(818, 18, 'L', 35, 'Masih proses PE', '', '', '0', '', '2020-3-5');
INSERT INTO perKasus VALUES(816, 31, 'L', 48, 'Masih proses PE', '', '', '0', '', '2020-3-5');
INSERT INTO perKasus VALUES(822, 33, 'L', 60, 'Masih proses PE', '', '', '0', '', '2020-3-5');
INSERT INTO perKasus VALUES(825, 31, 'L', 0, 'Masih proses PE', '', '', '0', '', '2020-3-5');
INSERT INTO perKasus VALUES(821, 13, 'L', 40, 'Masih proses PE', '', '', '0', '', '2020-3-5');
INSERT INTO perKasus VALUES(824, 31, 'L', 43, 'Masih proses PE', '', '', '0', '', '2020-3-5');
INSERT INTO perKasus VALUES(826, 31, 'L', 32, 'Masih proses PE', '', '', '0', '', '2020-3-5');
INSERT INTO perKasus VALUES(827, 31, 'L', 52, 'Masih proses PE', '', '', '0', '', '2020-3-5');
INSERT INTO perKasus VALUES(829, 31, 'L', 50, 'Masih proses PE', '', '', '0', '', '2020-3-5');
INSERT INTO perKasus VALUES(830, 72, 'L', 62, 'Masih proses PE', '', '', '0', '', '2020-3-5');
INSERT INTO perKasus VALUES(828, 31, 'L', 39, 'Masih proses PE', '', '', '0', '', '2020-3-5');
INSERT INTO perKasus VALUES(823, 31, 'L', 0, 'Masih proses PE', '', '', '0', '', '2020-3-5');
INSERT INTO perKasus VALUES(832, 33, 'L', 37, 'Masih proses PE', '', '', '0', '', '2020-3-5');
INSERT INTO perKasus VALUES(833, 31, 'L', 48, 'Masih proses PE', '', '', '0', '', '2020-3-5');
INSERT INTO perKasus VALUES(831, 31, 'L', 50, 'Masih proses PE', '', '', '0', '', '2020-3-5');
INSERT INTO perKasus VALUES(835, 31, 'L', 64, 'Masih proses PE', '', '', '0', '', '2020-3-5');
INSERT INTO perKasus VALUES(834, 31, 'L', 57, 'Masih proses PE', '', '', '0', '', '2020-3-5');
INSERT INTO perKasus VALUES(837, 31, 'L', 78, 'Masih proses PE', '', '', '0', '', '2020-3-5');
INSERT INTO perKasus VALUES(836, 31, 'L', 54, 'Masih proses PE', '', '', '0', '', '2020-3-5');
INSERT INTO perKasus VALUES(840, 31, 'L', 55, 'Masih proses PE', '', '', '0', '', '2020-3-5');
INSERT INTO perKasus VALUES(839, 31, 'L', 57, 'Masih proses PE', '', '', '0', '', '2020-3-5');
INSERT INTO perKasus VALUES(842, 32, 'L', 56, 'Masih proses PE', '', '', '0', '', '2020-3-5');
INSERT INTO perKasus VALUES(841, 32, 'L', 61, 'Masih proses PE', '', '', '0', '', '2020-3-5');
INSERT INTO perKasus VALUES(844, 31, 'L', 34, 'Masih proses PE', '', '', '0', '', '2020-3-5');
INSERT INTO perKasus VALUES(838, 31, 'L', 38, 'Masih proses PE', '', '', '0', '', '2020-3-5');
INSERT INTO perKasus VALUES(843, 31, 'L', 58, 'Masih proses PE', '', '', '0', '', '2020-3-5');
INSERT INTO perKasus VALUES(846, 31, 'L', 0, 'Masih proses PE', '', '', '0', '', '2020-3-5');
INSERT INTO perKasus VALUES(847, 32, 'L', 49, 'Masih proses PE', '', '', '0', '', '2020-3-5');
INSERT INTO perKasus VALUES(848, 31, 'L', 67, 'Masih proses PE', '', '', '0', '', '2020-3-5');
INSERT INTO perKasus VALUES(849, 31, 'L', 38, 'Masih proses PE', '', '', '0', '', '2020-3-5');
INSERT INTO perKasus VALUES(850, 31, 'L', 39, 'Masih proses PE', '', '', '0', '', '2020-3-5');
INSERT INTO perKasus VALUES(851, 31, 'L', 12, 'Masih proses PE', '', '', '0', '', '2020-3-5');
INSERT INTO perKasus VALUES(845, 31, 'L', 0, 'Masih proses PE', '', '', '0', '', '2020-3-5');
INSERT INTO perKasus VALUES(854, 32, 'L', 67, 'Masih proses PE', '', '', '0', '', '2020-3-5');
INSERT INTO perKasus VALUES(852, 31, 'L', 44, 'Masih proses PE', '', '', '0', '', '2020-3-5');
INSERT INTO perKasus VALUES(853, 31, 'L', 0, 'Masih proses PE', '', '', '0', '', '2020-3-5');
INSERT INTO perKasus VALUES(856, 31, 'L', 47, 'Masih proses PE', '', '', '0', '', '2020-3-5');
INSERT INTO perKasus VALUES(855, 31, 'L', 29, 'Masih proses PE', '', '', '0', '', '2020-3-5');
INSERT INTO perKasus VALUES(858, 31, 'L', 24, 'Masih proses PE', '', '', '0', '', '2020-3-5');
INSERT INTO perKasus VALUES(857, 31, 'L', 60, 'Masih proses PE', '', '', '0', '', '2020-3-5');
INSERT INTO perKasus VALUES(861, 31, 'L', 71, 'Masih proses PE', '', '', '0', '', '2020-3-5');
INSERT INTO perKasus VALUES(859, 31, 'L', 53, 'Masih proses PE', '', '', '0', '', '2020-3-5');
INSERT INTO perKasus VALUES(862, 31, 'L', 31, 'Masih proses PE', '', '', '0', '', '2020-3-5');
INSERT INTO perKasus VALUES(863, 31, 'L', 0, 'Masih proses PE', '', '', '0', '', '2020-3-5');
INSERT INTO perKasus VALUES(860, 31, 'L', 59, 'Masih proses PE', '', '', '0', '', '2020-3-5');
INSERT INTO perKasus VALUES(866, 31, 'L', 71, 'Masih proses PE', '', '', '0', '', '2020-3-5');
INSERT INTO perKasus VALUES(865, 31, 'L', 34, 'Masih proses PE', '', '', '0', '', '2020-3-5');
INSERT INTO perKasus VALUES(867, 31, 'L', 68, 'Masih proses PE', '', '', '0', '', '2020-3-5');
INSERT INTO perKasus VALUES(868, 31, 'L', 59, 'Masih proses PE', '', '', '0', '', '2020-3-5');
INSERT INTO perKasus VALUES(864, 31, 'L', 69, 'Masih proses PE', '', '', '0', '', '2020-3-5');
INSERT INTO perKasus VALUES(870, 62, 'L', 0, 'Masih proses PE', '', '', '0', '', '2020-3-5');
INSERT INTO perKasus VALUES(869, 31, 'L', 37, 'Masih proses PE', '', '', '0', '', '2020-3-5');
INSERT INTO perKasus VALUES(875, 31, 'L', 31, 'Masih proses PE', '', '', '0', '', '2020-3-5');
INSERT INTO perKasus VALUES(871, 62, 'L', 0, 'Masih proses PE', '', '', '0', '', '2020-3-5');
INSERT INTO perKasus VALUES(874, 11, 'L', 46, 'Masih proses PE', '', '', '0', '', '2020-3-5');
INSERT INTO perKasus VALUES(877, 31, 'L', 27, 'Masih proses PE', '', '', '0', '', '2020-3-5');
INSERT INTO perKasus VALUES(876, 31, 'L', 58, 'Masih proses PE', '', '', '0', '', '2020-3-5');
INSERT INTO perKasus VALUES(879, 31, 'L', 62, 'Masih proses PE', '', '', '0', '', '2020-3-5');
INSERT INTO perKasus VALUES(878, 31, 'L', 34, 'Masih proses PE', '', '', '0', '', '2020-3-5');
INSERT INTO perKasus VALUES(882, 31, 'L', 38, 'Masih proses PE', '', '', '0', '', '2020-3-5');
INSERT INTO perKasus VALUES(888, 31, 'P', 63, 'Masih proses PE', '', '', '0', '', '2020-3-5');
INSERT INTO perKasus VALUES(880, 31, 'L', 29, 'Masih proses PE', '', '', '0', '', '2020-3-5');
INSERT INTO perKasus VALUES(889, 35, 'L', 49, 'Masih proses PE', '', '', '0', '', '2020-3-5');
INSERT INTO perKasus VALUES(881, 31, 'L', 37, 'Masih proses PE', '', '', '0', '', '2020-3-5');
INSERT INTO perKasus VALUES(892, 35, 'L', 55, 'Masih proses PE', '', '', '0', '', '2020-3-5');
INSERT INTO perKasus VALUES(893, 35, 'P', 14, 'Masih proses PE', '', '', '0', '', '2020-3-5');
INSERT INTO perKasus VALUES(891, 35, 'L', 55, 'Masih proses PE', '', '', '0', '', '2020-3-5');
INSERT INTO perKasus VALUES(890, 35, 'P', 38, 'Masih proses PE', '', '', '0', '', '2020-3-5');
INSERT INTO perKasus VALUES(895, 35, 'P', 21, 'Masih proses PE', '', '', '0', '', '2020-3-6');
INSERT INTO perKasus VALUES(894, 35, 'L', 85, 'Masih proses PE', '', '', '0', '', '2020-3-6');
INSERT INTO perKasus VALUES(896, 33, 'P', 53, 'Masih proses PE', '', '', '0', '', '2020-3-6');
INSERT INTO perKasus VALUES(897, 34, 'L', 53, 'Masih proses PE', '', '', '0', '', '2020-3-6');
INSERT INTO perKasus VALUES(900, 33, 'L', 2, 'Masih proses PE', '', '', '0', '', '2020-3-6');
INSERT INTO perKasus VALUES(899, 33, 'P', 30, 'Masih proses PE', '', '', '0', '', '2020-3-6');
INSERT INTO perKasus VALUES(901, 36, 'L', 48, 'Masih proses PE', '', '', '0', '', '2020-3-6');
INSERT INTO perKasus VALUES(902, 32, 'L', 0, 'Masih proses PE', '', '', '0', '', '2020-3-6');
INSERT INTO perKasus VALUES(903, 32, 'L', 58, 'Masih proses PE', '', '', '0', '', '2020-3-6');
INSERT INTO perKasus VALUES(905, 32, 'L', 57, 'Masih proses PE', '', '', '0', '', '2020-3-6');
INSERT INTO perKasus VALUES(906, 32, 'P', 58, 'Masih proses PE', '', '', '0', '', '2020-3-6');
INSERT INTO perKasus VALUES(898, 33, 'L', 40, 'Masih proses PE', '', '', '0', '', '2020-3-6');
INSERT INTO perKasus VALUES(907, 32, 'P', 44, 'Masih proses PE', '', '', '0', '', '2020-3-6');
INSERT INTO perKasus VALUES(908, 32, 'L', 53, 'Masih proses PE', '', '', '0', '', '2020-3-6');
INSERT INTO perKasus VALUES(910, 32, 'P', 36, 'Masih proses PE', '', '', '0', '', '2020-3-6');
INSERT INTO perKasus VALUES(904, 32, 'P', 53, 'Masih proses PE', '', '', '0', '', '2020-3-6');
INSERT INTO perKasus VALUES(911, 32, 'L', 59, 'Masih proses PE', '', '', '0', '', '2020-3-6');
INSERT INTO perKasus VALUES(909, 32, 'L', 49, 'Masih proses PE', '', '', '0', '', '2020-3-6');
INSERT INTO perKasus VALUES(912, 32, 'L', 39, 'Masih proses PE', '', '', '0', '', '2020-3-6');
INSERT INTO perKasus VALUES(913, 36, 'P', 41, 'Masih proses PE', '', '', '0', '', '2020-3-6');
INSERT INTO perKasus VALUES(916, 36, 'L', 61, 'Masih proses PE', '', '', '0', '', '2020-3-6');
INSERT INTO perKasus VALUES(914, 36, 'L', 51, 'Masih proses PE', '', '', '0', '', '2020-3-6');
INSERT INTO perKasus VALUES(917, 36, 'P', 32, 'Masih proses PE', '', '', '0', '', '2020-3-6');
INSERT INTO perKasus VALUES(915, 36, 'L', 28, 'Masih proses PE', '', '', '0', '', '2020-3-6');
INSERT INTO perKasus VALUES(920, 36, 'L', 42, 'Masih proses PE', '', '', '0', '', '2020-3-6');
INSERT INTO perKasus VALUES(921, 36, 'L', 0, 'Masih proses PE', '', '', '0', '', '2020-3-6');
INSERT INTO perKasus VALUES(919, 36, 'P', 27, 'Masih proses PE', '', '', '0', '', '2020-3-6');
INSERT INTO perKasus VALUES(922, 36, 'L', 0, 'Masih proses PE', '', '', '0', '', '2020-3-6');
INSERT INTO perKasus VALUES(924, 36, 'L', 0, 'Masih proses PE', '', '', '0', '', '2020-3-6');
INSERT INTO perKasus VALUES(923, 36, 'L', 0, 'Masih proses PE', '', '', '0', '', '2020-3-6');
INSERT INTO perKasus VALUES(928, 73, 'P', 64, 'Masih proses PE', '', '', '0', '', '2020-3-6');
INSERT INTO perKasus VALUES(926, 36, 'L', 0, 'Masih proses PE', '', '', '0', '', '2020-3-6');
INSERT INTO perKasus VALUES(930, 32, 'L', 59, 'Masih proses PE', '', '', '0', '', '2020-3-6');
INSERT INTO perKasus VALUES(927, 36, 'L', 0, 'Masih proses PE', '', '', '0', '', '2020-3-6');
INSERT INTO perKasus VALUES(931, 32, 'L', 34, 'Masih proses PE', '', '', '0', '', '2020-3-6');
INSERT INTO perKasus VALUES(925, 36, 'L', 0, 'Masih proses PE', '', '', '0', '', '2020-3-6');
INSERT INTO perKasus VALUES(932, 13, 'P', 44, 'Masih proses PE', '', '', '0', '', '2020-3-6');
INSERT INTO perKasus VALUES(929, 73, 'L', 57, 'Masih proses PE', '', '', '0', '', '2020-3-6');
INSERT INTO perKasus VALUES(935, 31, 'L', 61, 'Masih proses PE', '', '', '0', '', '2020-3-6');
INSERT INTO perKasus VALUES(936, 32, 'L', 54, 'Masih proses PE', '', '', '0', '', '2020-3-6');
INSERT INTO perKasus VALUES(938, 32, 'L', 68, 'Masih proses PE', '', '', '0', '', '2020-3-6');
INSERT INTO perKasus VALUES(937, 32, 'L', 56, 'Masih proses PE', '', '', '0', '', '2020-3-6');
INSERT INTO perKasus VALUES(939, 32, 'L', 60, 'Masih proses PE', '', '', '0', '', '2020-3-6');
INSERT INTO perKasus VALUES(940, 32, 'L', 55, 'Masih proses PE', '', '', '0', '', '2020-3-6');
INSERT INTO perKasus VALUES(933, 13, 'P', 46, 'Masih proses PE', '', '', '0', '', '2020-3-6');
INSERT INTO perKasus VALUES(934, 32, 'L', 54, 'Masih proses PE', '', '', '0', '', '2020-3-6');
INSERT INTO perKasus VALUES(942, 31, 'L', 53, 'Masih proses PE', '', '', '0', '', '2020-3-6');
INSERT INTO perKasus VALUES(944, 31, 'L', 46, 'Masih proses PE', '', '', '0', '', '2020-3-6');
INSERT INTO perKasus VALUES(943, 31, 'L', 31, 'Masih proses PE', '', '', '0', '', '2020-3-6');
INSERT INTO perKasus VALUES(941, 31, 'L', 52, 'Masih proses PE', '', '', '0', '', '2020-3-6');
INSERT INTO perKasus VALUES(947, 31, 'L', 63, 'Masih proses PE', '', '', '0', '', '2020-3-6');
INSERT INTO perKasus VALUES(950, 31, 'L', 24, 'Masih proses PE', '', '', '0', '', '2020-3-6');
INSERT INTO perKasus VALUES(948, 36, 'L', 1, 'Masih proses PE', '', '', '0', '', '2020-3-6');
INSERT INTO perKasus VALUES(951, 31, 'L', 27, 'Masih proses PE', '', '', '0', '', '2020-3-6');
INSERT INTO perKasus VALUES(952, 31, 'L', 55, 'Masih proses PE', '', '', '0', '', '2020-3-6');
INSERT INTO perKasus VALUES(953, 31, 'L', 0, 'Masih proses PE', '', '', '0', '', '2020-3-6');
INSERT INTO perKasus VALUES(955, 32, 'L', 78, 'Masih proses PE', '', '', '0', '', '2020-3-6');
INSERT INTO perKasus VALUES(954, 31, 'L', 70, 'Masih proses PE', '', '', '0', '', '2020-3-6');
INSERT INTO perKasus VALUES(956, 31, 'L', 41, 'Masih proses PE', '', '', '0', '', '2020-3-6');
INSERT INTO perKasus VALUES(946, 31, 'L', 49, 'Masih proses PE', '', '', '0', '', '2020-3-6');
INSERT INTO perKasus VALUES(957, 31, 'L', 39, 'Masih proses PE', '', '', '0', '', '2020-3-6');
INSERT INTO perKasus VALUES(945, 31, 'L', 40, 'Masih proses PE', '', '', '0', '', '2020-3-6');
INSERT INTO perKasus VALUES(958, 32, 'L', 34, 'Masih proses PE', '', '', '0', '', '2020-3-6');
INSERT INTO perKasus VALUES(960, 32, 'L', 44, 'Masih proses PE', '', '', '0', '', '2020-3-6');
INSERT INTO perKasus VALUES(961, 11, 'L', 40, 'Masih proses PE', '', '', '0', '', '2020-3-6');
INSERT INTO perKasus VALUES(962, 11, 'L', 60, 'Masih proses PE', '', '', '0', '', '2020-3-6');
INSERT INTO perKasus VALUES(963, 11, 'L', 60, 'Masih proses PE', '', '', '0', '', '2020-3-6');
INSERT INTO perKasus VALUES(965, 18, 'L', 54, 'Masih proses PE', '', '', '0', '', '2020-3-6');
INSERT INTO perKasus VALUES(964, 31, 'L', 51, 'Masih proses PE', '', '', '0', '', '2020-3-6');
INSERT INTO perKasus VALUES(967, 31, 'L', 62, 'Masih proses PE', '', '', '0', '', '2020-3-6');
INSERT INTO perKasus VALUES(966, 31, 'L', 43, 'Masih proses PE', '', '', '0', '', '2020-3-6');
INSERT INTO perKasus VALUES(969, 31, 'L', 67, 'Masih proses PE', '', '', '0', '', '2020-3-6');
INSERT INTO perKasus VALUES(959, 32, 'L', 56, 'Masih proses PE', '', '', '0', '', '2020-3-6');
INSERT INTO perKasus VALUES(970, 31, 'L', 0, 'Masih proses PE', '', '', '0', '', '2020-3-6');
INSERT INTO perKasus VALUES(968, 31, 'L', 37, 'Masih proses PE', '', '', '0', '', '2020-3-6');
INSERT INTO perKasus VALUES(971, 31, 'L', 74, 'Masih proses PE', '', '', '0', '', '2020-3-6');
INSERT INTO perKasus VALUES(974, 31, 'L', 67, 'Masih proses PE', '', '', '0', '', '2020-3-6');
INSERT INTO perKasus VALUES(975, 31, 'L', 43, 'Masih proses PE', '', '', '0', '', '2020-3-6');
INSERT INTO perKasus VALUES(972, 31, 'L', 42, 'Masih proses PE', '', '', '0', '', '2020-3-6');
INSERT INTO perKasus VALUES(973, 31, 'L', 62, 'Masih proses PE', '', '', '0', '', '2020-3-6');
INSERT INTO perKasus VALUES(976, 32, 'L', 55, 'Masih proses PE', '', '', '0', '', '2020-3-6');
INSERT INTO perKasus VALUES(979, 31, 'L', 54, 'Masih proses PE', '', '', '0', '', '2020-3-6');
INSERT INTO perKasus VALUES(977, 31, 'L', 49, 'Masih proses PE', '', '', '0', '', '2020-3-6');
INSERT INTO perKasus VALUES(981, 31, 'L', 65, 'Masih proses PE', '', '', '0', '', '2020-3-6');
INSERT INTO perKasus VALUES(980, 31, 'L', 48, 'Masih proses PE', '', '', '0', '', '2020-3-6');
INSERT INTO perKasus VALUES(983, 31, 'L', 57, 'Masih proses PE', '', '', '0', '', '2020-3-6');
INSERT INTO perKasus VALUES(982, 31, 'L', 60, 'Masih proses PE', '', '', '0', '', '2020-3-6');
INSERT INTO perKasus VALUES(985, 91, 'L', 55, 'Masih proses PE', '', '', '0', '', '2020-3-6');
INSERT INTO perKasus VALUES(978, 31, 'L', 48, 'Masih proses PE', '', '', '0', '', '2020-3-6');
INSERT INTO perKasus VALUES(984, 31, 'L', 29, 'Masih proses PE', '', '', '0', '', '2020-3-6');
INSERT INTO perKasus VALUES(987, 31, 'L', 51, 'Masih proses PE', '', '', '0', '', '2020-3-6');
INSERT INTO perKasus VALUES(988, 31, 'L', 46, 'Masih proses PE', '', '', '0', '', '2020-3-6');
INSERT INTO perKasus VALUES(989, 31, 'L', 29, 'Masih proses PE', '', '', '0', '', '2020-3-6');
INSERT INTO perKasus VALUES(991, 32, 'L', 0, 'Masih proses PE', '', '', '0', '', '2020-3-6');
INSERT INTO perKasus VALUES(986, 91, 'L', 47, 'Masih proses PE', '', '', '0', '', '2020-3-6');
INSERT INTO perKasus VALUES(993, 36, 'L', 38, 'Masih proses PE', '', '', '0', '', '2020-3-6');
INSERT INTO perKasus VALUES(992, 31, 'L', 35, 'Masih proses PE', '', '', '0', '', '2020-3-6');
INSERT INTO perKasus VALUES(995, 31, 'L', 0, 'Masih proses PE', '', '', '0', '', '2020-3-6');
INSERT INTO perKasus VALUES(994, 36, 'L', 36, 'Masih proses PE', '', '', '0', '', '2020-3-6');
INSERT INTO perKasus VALUES(996, 31, 'L', 74, 'Masih proses PE', '', '', '0', '', '2020-3-6');
INSERT INTO perKasus VALUES(990, 36, 'L', 29, 'Masih proses PE', '', '', '0', '', '2020-3-6');
INSERT INTO perKasus VALUES(997, 31, 'L', 0, 'Masih proses PE', '', '', '0', '', '2020-3-6');
INSERT INTO perKasus VALUES(998, 32, 'L', 50, 'Masih proses PE', '', '', '0', '', '2020-3-6');
INSERT INTO perKasus VALUES(1000, 32, 'L', 0, 'Masih proses PE', '', '', '0', '', '2020-3-6');
INSERT INTO perKasus VALUES(1002, 31, 'L', 0, 'Masih proses PE', '', '', '0', '', '2020-3-6');
INSERT INTO perKasus VALUES(1001, 31, 'L', 0, 'Masih proses PE', '', '', '0', '', '2020-3-6');
INSERT INTO perKasus VALUES(1003, 31, 'L', 0, 'Masih proses PE', '', '', '0', '', '2020-3-6');
INSERT INTO perKasus VALUES(1004, 31, 'L', 0, 'Masih proses PE', '', '', '0', '', '2020-3-6');
INSERT INTO perKasus VALUES(1005, 31, 'L', 0, 'Masih proses PE', '', '', '0', '', '2020-3-6');
INSERT INTO perKasus VALUES(1007, 31, 'L', 0, 'Masih proses PE', '', '', '0', '', '2020-3-6');
INSERT INTO perKasus VALUES(999, 31, 'L', 0, 'Masih proses PE', '', '', '0', '', '2020-3-6');
INSERT INTO perKasus VALUES(1008, 31, 'L', 0, 'Masih proses PE', '', '', '0', '', '2020-3-6');
INSERT INTO perKasus VALUES(1011, 36, 'L', 0, 'Masih proses PE', '', '', '0', '', '2020-3-6');
INSERT INTO perKasus VALUES(1009, 31, 'L', 0, 'Masih proses PE', '', '', '0', '', '2020-3-6');
INSERT INTO perKasus VALUES(1012, 36, 'L', 0, 'Masih proses PE', '', '', '0', '', '2020-3-6');
INSERT INTO perKasus VALUES(1010, 31, 'L', 0, 'Masih proses PE', '', '', '0', '', '2020-3-6');
INSERT INTO perKasus VALUES(1013, 31, 'L', 0, 'Masih proses PE', '', '', '0', '', '2020-3-6');
INSERT INTO perKasus VALUES(1006, 31, 'L', 0, 'Masih proses PE', '', '', '0', '', '2020-3-6');
INSERT INTO perKasus VALUES(1015, 31, 'L', 0, 'Masih proses PE', '', '', '0', '', '2020-3-6');
INSERT INTO perKasus VALUES(1018, 31, 'L', 0, 'Masih proses PE', '', '', '0', '', '2020-3-6');
INSERT INTO perKasus VALUES(1016, 31, 'L', 0, 'Masih proses PE', '', '', '0', '', '2020-3-6');
INSERT INTO perKasus VALUES(1019, 31, 'L', 0, 'Masih proses PE', '', '', '0', '', '2020-3-6');
INSERT INTO perKasus VALUES(1017, 31, 'L', 0, 'Masih proses PE', '', '', '0', '', '2020-3-6');
INSERT INTO perKasus VALUES(1014, 31, 'L', 0, 'Masih proses PE', '', '', '0', '', '2020-3-6');
INSERT INTO perKasus VALUES(1022, 36, 'L', 0, 'Masih proses PE', '', '', '0', '', '2020-3-6');
INSERT INTO perKasus VALUES(1021, 36, 'L', 0, 'Masih proses PE', '', '', '0', '', '2020-3-6');
INSERT INTO perKasus VALUES(1020, 36, 'L', 0, 'Masih proses PE', '', '', '0', '', '2020-3-6');
INSERT INTO perKasus VALUES(1024, 31, 'L', 0, 'Masih proses PE', '', '', '0', '', '2020-3-6');
INSERT INTO perKasus VALUES(1026, 31, 'L', 55, 'Masih proses PE', '', '', '0', '', '2020-3-6');
INSERT INTO perKasus VALUES(1023, 31, 'L', 0, 'Masih proses PE', '', '', '0', '', '2020-3-6');
INSERT INTO perKasus VALUES(1025, 31, 'L', 58, 'Masih proses PE', '', '', '0', '', '2020-3-6');
INSERT INTO perKasus VALUES(1027, 31, 'L', 66, 'Masih proses PE', '', '', '0', '', '2020-3-6');
INSERT INTO perKasus VALUES(1028, 36, 'L', 0, 'Masih proses PE', '', '', '0', '', '2020-3-6');
INSERT INTO perKasus VALUES(1030, 31, 'L', 0, 'Masih proses PE', '', '', '0', '', '2020-3-6');
INSERT INTO perKasus VALUES(1032, 31, 'L', 0, 'Masih proses PE', '', '', '0', '', '2020-3-6');
INSERT INTO perKasus VALUES(1031, 31, 'L', 0, 'Masih proses PE', '', '', '0', '', '2020-3-6');
INSERT INTO perKasus VALUES(1034, 31, 'L', 0, 'Masih proses PE', '', '', '0', '', '2020-3-6');
INSERT INTO perKasus VALUES(1035, 32, 'L', 0, 'Masih proses PE', '', '', '0', '', '2020-3-6');
INSERT INTO perKasus VALUES(1036, 32, 'L', 0, 'Masih proses PE', '', '', '0', '', '2020-3-6');
INSERT INTO perKasus VALUES(1037, 35, 'P', 66, 'Masih proses PE', '', '', '0', '', '2020-3-6');
INSERT INTO perKasus VALUES(1038, 35, 'L', 43, 'Masih proses PE', '', '', '0', '', '2020-3-6');
INSERT INTO perKasus VALUES(1029, 31, 'L', 0, 'Masih proses PE', '', '', '0', '', '2020-3-6');
INSERT INTO perKasus VALUES(1039, 35, 'L', 29, 'Masih proses PE', '', '', '0', '', '2020-3-6');
INSERT INTO perKasus VALUES(1033, 32, 'L', 0, 'Masih proses PE', '', '', '0', '', '2020-3-6');
INSERT INTO perKasus VALUES(1040, 35, 'P', 67, 'Masih proses PE', '', '', '0', '', '2020-3-6');
INSERT INTO perKasus VALUES(1042, 35, 'L', 26, 'Masih proses PE', '', '', '0', '', '2020-3-6');
INSERT INTO perKasus VALUES(1044, 35, 'L', 71, 'Masih proses PE', '', '', '0', '', '2020-3-6');
INSERT INTO perKasus VALUES(1045, 35, 'L', 60, 'Masih proses PE', '', '', '0', '', '2020-3-6');
INSERT INTO perKasus VALUES(1046, 35, 'L', 51, 'Masih proses PE', '', '', '0', '', '2020-3-6');
INSERT INTO perKasus VALUES(1047, 35, 'L', 62, 'Masih proses PE', '', '', '0', '', '2020-3-7');
INSERT INTO perKasus VALUES(1048, 31, 'P', 42, 'Masih proses PE', '', '', '0', '', '2020-3-7');
INSERT INTO perKasus VALUES(1049, 31, 'L', 44, 'Masih proses PE', '', '', '0', '', '2020-3-7');
INSERT INTO perKasus VALUES(1043, 35, 'L', 46, 'Masih proses PE', '', '', '0', '', '2020-3-6');
INSERT INTO perKasus VALUES(1050, 31, 'P', 52, 'Masih proses PE', '', '', '0', '', '2020-3-7');
INSERT INTO perKasus VALUES(1041, 35, 'L', 71, 'Masih proses PE', '', '', '0', '', '2020-3-6');
INSERT INTO perKasus VALUES(1051, 31, 'P', 74, 'Masih proses PE', '', '', '0', '', '2020-3-7');
INSERT INTO perKasus VALUES(1053, 32, 'L', 24, 'Masih proses PE', '', '', '0', '', '2020-3-7');
INSERT INTO perKasus VALUES(1052, 32, 'P', 23, 'Masih proses PE', '', '', '0', '', '2020-3-7');
INSERT INTO perKasus VALUES(1056, 31, 'L', 21, 'Masih proses PE', '', '', '0', '', '2020-3-7');
INSERT INTO perKasus VALUES(1055, 31, 'P', 87, 'Masih proses PE', '', '', '0', '', '2020-3-7');
INSERT INTO perKasus VALUES(1057, 36, 'L', 42, 'Masih proses PE', '', '', '0', '', '2020-3-7');
INSERT INTO perKasus VALUES(1054, 31, 'P', 66, 'Masih proses PE', '', '', '0', '', '2020-3-7');
INSERT INTO perKasus VALUES(1059, 31, 'L', 46, 'Masih proses PE', '', '', '0', '', '2020-3-7');
INSERT INTO perKasus VALUES(1058, 31, 'L', 60, 'Masih proses PE', '', '', '0', '', '2020-3-7');
INSERT INTO perKasus VALUES(1061, 32, 'P', 53, 'Masih proses PE', '', '', '0', '', '2020-3-7');
INSERT INTO perKasus VALUES(1062, 31, 'L', 38, 'Masih proses PE', '', '', '0', '', '2020-3-7');
INSERT INTO perKasus VALUES(1063, 36, 'P', 61, 'Masih proses PE', '', '', '0', '', '2020-3-7');
INSERT INTO perKasus VALUES(1060, 31, 'P', 53, 'Masih proses PE', '', '', '0', '', '2020-3-7');
INSERT INTO perKasus VALUES(1065, 36, 'P', 40, 'Masih proses PE', '', '', '0', '', '2020-3-7');
INSERT INTO perKasus VALUES(1066, 36, 'P', 35, 'Masih proses PE', '', '', '0', '', '2020-3-7');
INSERT INTO perKasus VALUES(1067, 31, 'P', 66, 'Masih proses PE', '', '', '0', '', '2020-3-7');
INSERT INTO perKasus VALUES(1068, 31, 'P', 35, 'Masih proses PE', '', '', '0', '', '2020-3-7');
INSERT INTO perKasus VALUES(1069, 31, 'P', 39, 'Masih proses PE', '', '', '0', '', '2020-3-7');
INSERT INTO perKasus VALUES(1070, 31, 'P', 32, 'Masih proses PE', '', '', '0', '', '2020-3-7');
INSERT INTO perKasus VALUES(1064, 36, 'P', 44, 'Masih proses PE', '', '', '0', '', '2020-3-7');
INSERT INTO perKasus VALUES(1073, 31, 'P', 54, 'Masih proses PE', '', '', '0', '', '2020-3-7');
INSERT INTO perKasus VALUES(1072, 31, 'P', 40, 'Masih proses PE', '', '', '0', '', '2020-3-7');
INSERT INTO perKasus VALUES(1074, 31, 'L', 38, 'Masih proses PE', '', '', '0', '', '2020-3-7');
INSERT INTO perKasus VALUES(1075, 31, 'L', 55, 'Masih proses PE', '', '', '0', '', '2020-3-7');
INSERT INTO perKasus VALUES(1077, 31, 'L', 49, 'Masih proses PE', '', '', '0', '', '2020-3-7');
INSERT INTO perKasus VALUES(1076, 32, 'L', 57, 'Masih proses PE', '', '', '0', '', '2020-3-7');
INSERT INTO perKasus VALUES(1078, 31, 'P', 73, 'Masih proses PE', '', '', '0', '', '2020-3-7');
INSERT INTO perKasus VALUES(1079, 36, 'P', 62, 'Masih proses PE', '', '', '0', '', '2020-3-7');
INSERT INTO perKasus VALUES(1080, 36, 'L', 68, 'Masih proses PE', '', '', '0', '', '2020-3-7');
INSERT INTO perKasus VALUES(1081, 31, 'L', 58, 'Masih proses PE', '', '', '0', '', '2020-3-7');
INSERT INTO perKasus VALUES(1083, 32, 'L', 0, 'Masih proses PE', '', '', '0', '', '2020-3-7');
INSERT INTO perKasus VALUES(1082, 33, 'L', 0, 'Masih proses PE', '', '', '0', '', '2020-3-7');
INSERT INTO perKasus VALUES(1071, 31, 'L', 43, 'Masih proses PE', '', '', '0', '', '2020-3-7');
INSERT INTO perKasus VALUES(1087, 32, 'L', 0, 'Masih proses PE', '', '', '0', '', '2020-3-7');
INSERT INTO perKasus VALUES(1084, 32, 'L', 0, 'Masih proses PE', '', '', '0', '', '2020-3-7');
INSERT INTO perKasus VALUES(1086, 32, 'L', 0, 'Masih proses PE', '', '', '0', '', '2020-3-7');
INSERT INTO perKasus VALUES(1088, 32, 'L', 0, 'Masih proses PE', '', '', '0', '', '2020-3-7');
INSERT INTO perKasus VALUES(1090, 32, 'L', 0, 'Masih proses PE', '', '', '0', '', '2020-3-7');
INSERT INTO perKasus VALUES(1085, 32, 'L', 0, 'Masih proses PE', '', '', '0', '', '2020-3-7');
INSERT INTO perKasus VALUES(1092, 32, 'L', 0, 'Masih proses PE', '', '', '0', '', '2020-3-7');
INSERT INTO perKasus VALUES(1093, 32, 'L', 0, 'Masih proses PE', '', '', '0', '', '2020-3-7');
INSERT INTO perKasus VALUES(1089, 32, 'L', 0, 'Masih proses PE', '', '', '0', '', '2020-3-7');
INSERT INTO perKasus VALUES(1091, 32, 'L', 0, 'Masih proses PE', '', '', '0', '', '2020-3-7');
INSERT INTO perKasus VALUES(1095, 76, 'P', 15, 'Masih proses PE', '', '', '0', '', '2020-3-7');
INSERT INTO perKasus VALUES(1094, 32, 'L', 0, 'Masih proses PE', '', '', '0', '', '2020-3-7');
INSERT INTO perKasus VALUES(1096, 73, 'L', 34, 'Masih proses PE', '', '', '0', '', '2020-3-7');
INSERT INTO perKasus VALUES(1097, 73, 'L', 0, 'Masih proses PE', '', '', '0', '', '2020-3-7');
INSERT INTO perKasus VALUES(1098, 73, 'L', 68, 'Masih proses PE', '', '', '0', '', '2020-3-7');
INSERT INTO perKasus VALUES(1099, 65, 'P', 30, 'Masih proses PE', '', '', '0', '', '2020-3-7');
INSERT INTO perKasus VALUES(1101, 64, 'P', 53, 'Masih proses PE', '', '', '0', '', '2020-3-7');
INSERT INTO perKasus VALUES(1100, 65, 'P', 79, 'Masih proses PE', '', '', '0', '', '2020-3-7');
INSERT INTO perKasus VALUES(1103, 64, 'P', 49, 'Masih proses PE', '', '', '0', '', '2020-3-7');
INSERT INTO perKasus VALUES(1105, 64, 'L', 49, 'Masih proses PE', '', '', '0', '', '2020-3-7');
INSERT INTO perKasus VALUES(1102, 64, 'P', 50, 'Masih proses PE', '', '', '0', '', '2020-3-7');
INSERT INTO perKasus VALUES(1107, 31, 'L', 0, 'Masih proses PE', '', '', '0', '', '2020-3-7');
INSERT INTO perKasus VALUES(1104, 64, 'L', 17, 'Masih proses PE', '', '', '0', '', '2020-3-7');
INSERT INTO perKasus VALUES(1109, 31, 'L', 0, 'Masih proses PE', '', '', '0', '', '2020-3-7');
INSERT INTO perKasus VALUES(1106, 64, 'L', 60, 'Masih proses PE', '', '', '0', '', '2020-3-7');
INSERT INTO perKasus VALUES(1108, 31, 'L', 0, 'Masih proses PE', '', '', '0', '', '2020-3-7');
INSERT INTO perKasus VALUES(1110, 36, 'L', 48, 'Masih proses PE', '', '', '0', '', '2020-3-7');
INSERT INTO perKasus VALUES(1111, 32, 'L', 0, 'Masih proses PE', '', '', '0', '', '2020-3-7');
INSERT INTO perKasus VALUES(1114, 36, 'L', 0, 'Masih proses PE', '', '', '0', '', '2020-3-7');
INSERT INTO perKasus VALUES(1115, 36, 'L', 0, 'Masih proses PE', '', '', '0', '', '2020-3-7');
INSERT INTO perKasus VALUES(1112, 32, 'L', 54, 'Masih proses PE', '', '', '0', '', '2020-3-7');
INSERT INTO perKasus VALUES(1116, 33, 'L', 37, 'Masih proses PE', '', '', '0', '', '2020-3-7');
INSERT INTO perKasus VALUES(1118, 33, 'L', 72, 'Masih proses PE', '', '', '0', '', '2020-3-7');
INSERT INTO perKasus VALUES(1120, 33, 'L', 2, 'Masih proses PE', '', '', '0', '', '2020-3-7');
INSERT INTO perKasus VALUES(1117, 33, 'L', 67, 'Masih proses PE', '', '', '0', '', '2020-3-7');
INSERT INTO perKasus VALUES(1121, 33, 'L', 73, 'Masih proses PE', '', '', '0', '', '2020-3-7');
INSERT INTO perKasus VALUES(1119, 33, 'L', 39, 'Masih proses PE', '', '', '0', '', '2020-3-7');
INSERT INTO perKasus VALUES(1113, 36, 'L', 0, 'Masih proses PE', '', '', '0', '', '2020-3-7');
INSERT INTO perKasus VALUES(1125, 33, 'L', 24, 'Masih proses PE', '', '', '0', '', '2020-3-7');
INSERT INTO perKasus VALUES(1122, 33, 'L', 36, 'Masih proses PE', '', '', '0', '', '2020-3-7');
INSERT INTO perKasus VALUES(1124, 33, 'L', 0, 'Masih proses PE', '', '', '0', '', '2020-3-7');
INSERT INTO perKasus VALUES(1123, 33, 'L', 50, 'Masih proses PE', '', '', '0', '', '2020-3-7');
INSERT INTO perKasus VALUES(1126, 33, 'L', 36, 'Masih proses PE', '', '', '0', '', '2020-3-7');
INSERT INTO perKasus VALUES(1127, 31, 'L', 70, 'Masih proses PE', '', '', '0', '', '2020-3-7');
INSERT INTO perKasus VALUES(1130, 31, 'L', 69, 'Masih proses PE', '', '', '0', '', '2020-3-7');
INSERT INTO perKasus VALUES(1128, 31, 'L', 0, 'Masih proses PE', '', '', '0', '', '2020-3-7');
INSERT INTO perKasus VALUES(1131, 62, 'L', 40, 'Masih proses PE', '', '', '0', '', '2020-3-7');
INSERT INTO perKasus VALUES(1129, 31, 'L', 53, 'Masih proses PE', '', '', '0', '', '2020-3-7');
INSERT INTO perKasus VALUES(1133, 31, 'L', 0, 'Masih proses PE', '', '', '0', '', '2020-3-7');
INSERT INTO perKasus VALUES(1135, 31, 'L', 28, 'Masih proses PE', '', '', '0', '', '2020-3-7');
INSERT INTO perKasus VALUES(1132, 11, 'L', 0, 'Masih proses PE', '', '', '0', '', '2020-3-7');
INSERT INTO perKasus VALUES(1136, 31, 'L', 46, 'Masih proses PE', '', '', '0', '', '2020-3-7');
INSERT INTO perKasus VALUES(1137, 72, 'L', 65, 'Masih proses PE', '', '', '0', '', '2020-3-7');
INSERT INTO perKasus VALUES(1138, 31, 'L', 43, 'Masih proses PE', '', '', '0', '', '2020-3-7');
INSERT INTO perKasus VALUES(1139, 31, 'L', 51, 'Masih proses PE', '', '', '0', '', '2020-3-7');
INSERT INTO perKasus VALUES(1134, 31, 'L', 0, 'Masih proses PE', '', '', '0', '', '2020-3-7');
INSERT INTO perKasus VALUES(1141, 31, 'L', 33, 'Masih proses PE', '', '', '0', '', '2020-3-7');
INSERT INTO perKasus VALUES(1144, 31, 'L', 62, 'Masih proses PE', '', '', '0', '', '2020-3-7');
INSERT INTO perKasus VALUES(1140, 31, 'L', 50, 'Masih proses PE', '', '', '0', '', '2020-3-7');
INSERT INTO perKasus VALUES(1145, 31, 'L', 26, 'Masih proses PE', '', '', '0', '', '2020-3-7');
INSERT INTO perKasus VALUES(1147, 31, 'L', 56, 'Masih proses PE', '', '', '0', '', '2020-3-7');
INSERT INTO perKasus VALUES(1146, 31, 'L', 55, 'Masih proses PE', '', '', '0', '', '2020-3-7');
INSERT INTO perKasus VALUES(1149, 31, 'L', 29, 'Masih proses PE', '', '', '0', '', '2020-3-7');
INSERT INTO perKasus VALUES(1148, 16, 'L', 53, 'Masih proses PE', '', '', '0', '', '2020-3-7');
INSERT INTO perKasus VALUES(1151, 31, 'L', 56, 'Masih proses PE', '', '', '0', '', '2020-3-7');
INSERT INTO perKasus VALUES(1143, 31, 'L', 64, 'Masih proses PE', '', '', '0', '', '2020-3-7');
INSERT INTO perKasus VALUES(1150, 31, 'L', 49, 'Masih proses PE', '', '', '0', '', '2020-3-7');
INSERT INTO perKasus VALUES(1153, 31, 'L', 58, 'Masih proses PE', '', '', '0', '', '2020-3-7');
INSERT INTO perKasus VALUES(1158, 31, 'L', 69, 'Masih proses PE', '', '', '0', '', '2020-3-1');
INSERT INTO perKasus VALUES(1155, 33, 'L', 69, 'Masih proses PE', '', '', '0', '', '2020-3-7');
INSERT INTO perKasus VALUES(1152, 31, 'L', 31, 'Masih proses PE', '', '', '0', '', '2020-3-7');
INSERT INTO perKasus VALUES(1160, 32, 'L', 25, 'Masih proses PE', '', '', '0', '', '2020-3-1');
INSERT INTO perKasus VALUES(1154, 33, 'L', 38, 'Masih proses PE', '', '', '0', '', '2020-3-7');
INSERT INTO perKasus VALUES(1163, 31, 'P', 34, 'Masih proses PE', '', '', '0', '', '2020-3-1');
INSERT INTO perKasus VALUES(1164, 31, 'L', 69, 'Masih proses PE', '', '', '0', '', '2020-3-1');
INSERT INTO perKasus VALUES(1162, 31, 'P', 39, 'Masih proses PE', '', '', '0', '', '2020-3-1');
INSERT INTO perKasus VALUES(1165, 31, 'P', 54, 'Masih proses PE', '', '', '0', '', '2020-3-1');
INSERT INTO perKasus VALUES(1167, 31, 'P', 42, 'Masih proses PE', '', '', '0', '', '2020-3-1');
INSERT INTO perKasus VALUES(1170, 31, 'P', 39, 'Masih proses PE', '', '', '0', '', '2020-3-1');
INSERT INTO perKasus VALUES(1161, 36, 'P', 46, 'Masih proses PE', '', '', '0', '', '2020-3-1');
INSERT INTO perKasus VALUES(1168, 31, 'L', 68, 'Masih proses PE', '', '', '0', '', '2020-3-1');
INSERT INTO perKasus VALUES(1169, 31, 'P', 27, 'Masih proses PE', '', '', '0', '', '2020-3-1');
INSERT INTO perKasus VALUES(1171, 31, 'L', 61, 'Masih proses PE', '', '', '0', '', '2020-3-1');
INSERT INTO perKasus VALUES(1172, 31, 'P', 63, 'Masih proses PE', '', '', '0', '', '2020-3-1');
INSERT INTO perKasus VALUES(1174, 31, 'P', 48, 'Masih proses PE', '', '', '0', '', '2020-3-1');
INSERT INTO perKasus VALUES(1166, 31, 'L', 77, 'Masih proses PE', '', '', '0', '', '2020-3-1');
INSERT INTO perKasus VALUES(1173, 31, 'P', 26, 'Masih proses PE', '', '', '0', '', '2020-3-1');
INSERT INTO perKasus VALUES(1159, 31, 'P', 27, 'Masih proses PE', '', '', '0', '', '2020-3-1');
INSERT INTO perKasus VALUES(1178, 36, 'L', 61, 'Masih proses PE', '', '', '0', '', '2020-3-1');
INSERT INTO perKasus VALUES(1176, 31, 'P', 72, 'Masih proses PE', '', '', '0', '', '2020-3-1');
INSERT INTO perKasus VALUES(1179, 31, 'P', 76, 'Masih proses PE', '', '', '0', '', '2020-3-1');
INSERT INTO perKasus VALUES(1175, 31, 'L', 50, 'Masih proses PE', '', '', '0', '', '2020-3-1');
INSERT INTO perKasus VALUES(1180, 31, 'P', 41, 'Masih proses PE', '', '', '0', '', '2020-3-1');
INSERT INTO perKasus VALUES(1182, 31, 'L', 33, 'Masih proses PE', '', '', '0', '', '2020-3-1');
INSERT INTO perKasus VALUES(1183, 31, 'P', 63, 'Masih proses PE', '', '', '0', '', '2020-3-1');
INSERT INTO perKasus VALUES(1181, 31, 'L', 32, 'Masih proses PE', '', '', '0', '', '2020-3-1');
INSERT INTO perKasus VALUES(1184, 31, 'P', 62, 'Masih proses PE', '', '', '0', '', '2020-3-1');
INSERT INTO perKasus VALUES(1177, 31, 'P', 54, 'Masih proses PE', '', '', '0', '', '2020-3-1');
INSERT INTO perKasus VALUES(1186, 31, 'L', 76, 'Masih proses PE', '', '', '0', '', '2020-3-1');
INSERT INTO perKasus VALUES(1185, 31, 'P', 28, 'Masih proses PE', '', '', '0', '', '2020-3-1');
INSERT INTO perKasus VALUES(1189, 31, 'L', 50, 'Masih proses PE', '', '', '0', '', '2020-3-1');
INSERT INTO perKasus VALUES(1187, 31, 'L', 49, 'Masih proses PE', '', '', '0', '', '2020-3-1');
INSERT INTO perKasus VALUES(1188, 31, 'P', 52, 'Masih proses PE', '', '', '0', '', '2020-3-1');
INSERT INTO perKasus VALUES(1190, 31, 'L', 56, 'Masih proses PE', '', '', '0', '', '2020-3-1');
INSERT INTO perKasus VALUES(1191, 31, 'L', 51, 'Masih proses PE', '', '', '0', '', '2020-3-1');
INSERT INTO perKasus VALUES(1194, 31, 'L', 43, 'Masih proses PE', '', '', '0', '', '2020-3-1');
INSERT INTO perKasus VALUES(1195, 31, 'P', 27, 'Masih proses PE', '', '', '0', '', '2020-3-1');
INSERT INTO perKasus VALUES(1196, 32, 'L', 37, 'Masih proses PE', '', '', '0', '', '2020-3-1');
INSERT INTO perKasus VALUES(1197, 32, 'P', 39, 'Masih proses PE', '', '', '0', '', '2020-3-1');
INSERT INTO perKasus VALUES(1198, 32, 'L', 41, 'Masih proses PE', '', '', '0', '', '2020-3-1');
INSERT INTO perKasus VALUES(1199, 32, 'P', 44, 'Masih proses PE', '', '', '0', '', '2020-3-1');
INSERT INTO perKasus VALUES(1200, 32, 'L', 54, 'Masih proses PE', '', '', '0', '', '2020-3-1');
INSERT INTO perKasus VALUES(1201, 94, 'P', 0, 'Masih proses PE', '', '', '0', '', '2020-3-1');
INSERT INTO perKasus VALUES(1202, 94, 'P', 0, 'Masih proses PE', '', '', '0', '', '2020-3-1');
INSERT INTO perKasus VALUES(1203, 35, 'P', 0, 'Masih proses PE', '', '', '0', '', '2020-3-1');
INSERT INTO perKasus VALUES(1192, 31, 'L', 55, 'Masih proses PE', '', '', '0', '', '2020-3-1');
INSERT INTO perKasus VALUES(1205, 35, 'L', 0, 'Masih proses PE', '', '', '0', '', '2020-3-1');
INSERT INTO perKasus VALUES(1207, 35, 'L', 0, 'Masih proses PE', '', '', '0', '', '2020-3-1');
INSERT INTO perKasus VALUES(1206, 35, 'P', 0, 'Masih proses PE', '', '', '0', '', '2020-3-1');
INSERT INTO perKasus VALUES(1208, 35, 'L', 0, 'Masih proses PE', '', '', '0', '', '2020-3-1');
INSERT INTO perKasus VALUES(1209, 51, 'P', 39, 'Masih proses PE', '', '', '0', '', '2020-3-1');
INSERT INTO perKasus VALUES(1210, 73, 'L', 39, 'Masih proses PE', '', '', '0', '', '2020-3-1');
INSERT INTO perKasus VALUES(1211, 73, 'L', 58, 'Masih proses PE', '', '', '0', '', '2020-3-1');
INSERT INTO perKasus VALUES(1193, 31, 'L', 47, 'Masih proses PE', '', '', '0', '', '2020-3-1');
INSERT INTO perKasus VALUES(1214, 73, 'L', 60, 'Masih proses PE', '', '', '0', '', '2020-3-1');
INSERT INTO perKasus VALUES(1213, 72, 'L', 37, 'Masih proses PE', '', '', '0', '', '2020-3-1');
INSERT INTO perKasus VALUES(1215, 73, 'P', 58, 'Masih proses PE', '', '', '0', '', '2020-3-1');
INSERT INTO perKasus VALUES(1217, 73, 'L', 34, 'Masih proses PE', '', '', '0', '', '2020-3-1');
INSERT INTO perKasus VALUES(1216, 73, 'P', 44, 'Masih proses PE', '', '', '0', '', '2020-3-1');
INSERT INTO perKasus VALUES(1212, 73, 'L', 24, 'Masih proses PE', '', '', '0', '', '2020-3-1');
INSERT INTO perKasus VALUES(1219, 73, 'P', 53, 'Masih proses PE', '', '', '0', '', '2020-3-1');
INSERT INTO perKasus VALUES(1204, 35, 'L', 0, 'Masih proses PE', '', '', '0', '', '2020-3-1');
INSERT INTO perKasus VALUES(1220, 73, 'P', 35, 'Masih proses PE', '', '', '0', '', '2020-3-1');
INSERT INTO perKasus VALUES(1221, 73, 'P', 74, 'Masih proses PE', '', '', '0', '', '2020-3-1');
INSERT INTO perKasus VALUES(1222, 73, 'P', 65, 'Masih proses PE', '', '', '0', '', '2020-3-1');
INSERT INTO perKasus VALUES(1224, 73, 'P', 36, 'Masih proses PE', '', '', '0', '', '2020-3-1');
INSERT INTO perKasus VALUES(1218, 73, 'L', 67, 'Masih proses PE', '', '', '0', '', '2020-3-1');
INSERT INTO perKasus VALUES(1223, 73, 'L', 42, 'Masih proses PE', '', '', '0', '', '2020-3-1');
INSERT INTO perKasus VALUES(1225, 31, 'L', 48, 'Masih proses PE', '', '', '0', '', '2020-3-1');
INSERT INTO perKasus VALUES(1227, 35, 'P', 49, 'Masih proses PE', '', '', '0', '', '2020-3-1');
INSERT INTO perKasus VALUES(1229, 35, 'P', 39, 'Masih proses PE', '', '', '0', '', '2020-3-1');
INSERT INTO perKasus VALUES(1230, 35, 'P', 11, 'Masih proses PE', '', '', '0', '', '2020-3-1');
INSERT INTO perKasus VALUES(1233, 35, 'L', 18, 'Masih proses PE', '', '', '0', '', '2020-3-1');
INSERT INTO perKasus VALUES(1226, 35, 'L', 59, 'Masih proses PE', '', '', '0', '', '2020-3-1');
INSERT INTO perKasus VALUES(1232, 35, 'L', 30, 'Masih proses PE', '', '', '0', '', '2020-3-1');
INSERT INTO perKasus VALUES(1231, 35, 'L', 26, 'Masih proses PE', '', '', '0', '', '2020-3-1');
INSERT INTO perKasus VALUES(1234, 32, 'P', 47, 'Masih proses PE', '', '', '0', '', '2020-3-1');
INSERT INTO perKasus VALUES(1236, 32, 'P', 68, 'Masih proses PE', '', '', '0', '', '2020-3-1');
INSERT INTO perKasus VALUES(1238, 32, 'P', 47, 'Masih proses PE', '', '', '0', '', '2020-3-1');
INSERT INTO perKasus VALUES(1235, 32, 'L', 41, 'Masih proses PE', '', '', '0', '', '2020-3-1');
INSERT INTO perKasus VALUES(1239, 32, 'P', 66, 'Masih proses PE', '', '', '0', '', '2020-3-1');
INSERT INTO perKasus VALUES(1237, 32, 'L', 61, 'Masih proses PE', '', '', '0', '', '2020-3-1');
INSERT INTO perKasus VALUES(1241, 32, 'L', 56, 'Masih proses PE', '', '', '0', '', '2020-3-1');
INSERT INTO perKasus VALUES(1242, 32, 'P', 40, 'Masih proses PE', '', '', '0', '', '2020-3-1');
INSERT INTO perKasus VALUES(1244, 31, 'P', 32, 'Masih proses PE', '', '', '0', '', '2020-3-1');
INSERT INTO perKasus VALUES(1243, 32, 'P', 77, 'Masih proses PE', '', '', '0', '', '2020-3-1');
INSERT INTO perKasus VALUES(1245, 31, 'P', 72, 'Masih proses PE', '', '', '0', '', '2020-3-1');
INSERT INTO perKasus VALUES(1240, 32, 'L', 36, 'Masih proses PE', '', '', '0', '', '2020-3-1');
INSERT INTO perKasus VALUES(1249, 33, 'P', 41, 'Masih proses PE', '', '', '0', '', '2020-3-1');
INSERT INTO perKasus VALUES(1248, 33, 'L', 0, 'Masih proses PE', '', '', '0', '', '2020-3-1');
INSERT INTO perKasus VALUES(1250, 33, 'L', 0, 'Masih proses PE', '', '', '0', '', '2020-3-1');
INSERT INTO perKasus VALUES(1246, 33, 'P', 44, 'Masih proses PE', '', '', '0', '', '2020-3-1');
INSERT INTO perKasus VALUES(1252, 31, 'P', 25, 'Masih proses PE', '', '', '0', '', '2020-3-1');
INSERT INTO perKasus VALUES(1247, 31, 'P', 64, 'Masih proses PE', '', '', '0', '', '2020-3-1');
INSERT INTO perKasus VALUES(1254, 33, 'L', 64, 'Masih proses PE', '', '', '0', '', '2020-3-1');
INSERT INTO perKasus VALUES(1253, 33, 'L', 2, 'Masih proses PE', '', '', '0', '', '2020-3-1');
INSERT INTO perKasus VALUES(1255, 61, 'L', 55, 'Masih proses PE', '', '', '0', '', '2020-3-1');
INSERT INTO perKasus VALUES(1257, 61, 'L', 51, 'Masih proses PE', '', '', '0', '', '2020-3-1');
INSERT INTO perKasus VALUES(1259, 61, 'L', 0, 'Masih proses PE', '', '', '0', '', '2020-3-1');
INSERT INTO perKasus VALUES(1251, 31, 'P', 31, 'Masih proses PE', '', '', '0', '', '2020-3-1');
INSERT INTO perKasus VALUES(1260, 14, 'L', 54, 'Masih proses PE', '', '', '0', '', '2020-3-1');
INSERT INTO perKasus VALUES(1258, 61, 'L', 0, 'Masih proses PE', '', '', '0', '', '2020-3-1');
INSERT INTO perKasus VALUES(1262, 32, 'L', 51, 'Masih proses PE', '', '', '0', '', '2020-3-1');
INSERT INTO perKasus VALUES(1263, 32, 'L', 62, 'Masih proses PE', '', '', '0', '', '2020-3-1');
INSERT INTO perKasus VALUES(1261, 32, 'P', 33, 'Masih proses PE', '', '', '0', '', '2020-3-1');
INSERT INTO perKasus VALUES(1264, 32, 'P', 46, 'Masih proses PE', '', '', '0', '', '2020-3-1');
INSERT INTO perKasus VALUES(1267, 32, 'L', 0, 'Masih proses PE', '', '', '0', '', '2020-3-1');
INSERT INTO perKasus VALUES(1256, 61, 'L', 0, 'Masih proses PE', '', '', '0', '', '2020-3-1');
INSERT INTO perKasus VALUES(1266, 32, 'L', 0, 'Masih proses PE', '', '', '0', '', '2020-3-1');
INSERT INTO perKasus VALUES(1265, 32, 'L', 0, 'Masih proses PE', '', '', '0', '', '2020-3-1');
INSERT INTO perKasus VALUES(1268, 32, 'L', 0, 'Masih proses PE', '', '', '0', '', '2020-3-1');
INSERT INTO perKasus VALUES(1269, 32, 'P', 0, 'Masih proses PE', '', '', '0', '', '2020-3-1');
INSERT INTO perKasus VALUES(1271, 31, 'P', 27, 'Masih proses PE', '', '', '0', '', '2020-3-1');
INSERT INTO perKasus VALUES(1270, 32, 'P', 0, 'Masih proses PE', '', '', '0', '', '2020-3-1');
INSERT INTO perKasus VALUES(1272, 32, 'P', 0, 'Masih proses PE', '', '', '0', '', '2020-3-1');
INSERT INTO perKasus VALUES(1274, 31, 'L', 0, 'Masih proses PE', '', '', '0', '', '2020-3-1');
INSERT INTO perKasus VALUES(1277, 36, 'P', 42, 'Masih proses PE', '', '', '0', '', '2020-3-1');
INSERT INTO perKasus VALUES(1276, 32, 'L', 0, 'Masih proses PE', '', '', '0', '', '2020-3-1');
INSERT INTO perKasus VALUES(1281, 13, 'L', 88, 'Masih proses PE', '', '', '0', '', '2020-3-1');
INSERT INTO perKasus VALUES(1273, 32, 'L', 0, 'Masih proses PE', '', '', '0', '', '2020-3-1');
INSERT INTO perKasus VALUES(1282, 13, 'P', 80, 'Masih proses PE', '', '', '0', '', '2020-3-1');
INSERT INTO perKasus VALUES(1278, 32, 'P', 0, 'Masih proses PE', '', '', '0', '', '2020-3-1');
INSERT INTO perKasus VALUES(1284, 33, 'L', 64, 'Masih proses PE', '', '', '0', '', '2020-3-1');
INSERT INTO perKasus VALUES(1286, 31, 'L', 58, 'Masih proses PE', '', '', '0', '', '2020-3-2');
INSERT INTO perKasus VALUES(1285, 33, 'L', 44, 'Masih proses PE', '', '', '0', '', '2020-3-1');
INSERT INTO perKasus VALUES(1288, 31, 'L', 56, 'Masih proses PE', '', '', '0', '', '2020-3-2');
INSERT INTO perKasus VALUES(1287, 31, 'P', 60, 'Masih proses PE', '', '', '0', '', '2020-3-2');
INSERT INTO perKasus VALUES(1289, 31, 'P', 27, 'Masih proses PE', '', '', '0', '', '2020-3-2');
INSERT INTO perKasus VALUES(1290, 31, 'P', 72, 'Masih proses PE', '', '', '0', '', '2020-3-2');
INSERT INTO perKasus VALUES(1292, 31, 'P', 2, 'Masih proses PE', '', '', '0', '', '2020-3-2');
INSERT INTO perKasus VALUES(1283, 13, 'P', 64, 'Masih proses PE', '', '', '0', '', '2020-3-1');
INSERT INTO perKasus VALUES(1294, 31, 'L', 17, 'Masih proses PE', '', '', '0', '', '2020-3-2');
INSERT INTO perKasus VALUES(1295, 31, 'P', 64, 'Masih proses PE', '', '', '0', '', '2020-3-2');
INSERT INTO perKasus VALUES(1297, 31, 'L', 56, 'Masih proses PE', '', '', '0', '', '2020-3-2');
INSERT INTO perKasus VALUES(1296, 31, 'P', 38, 'Masih proses PE', '', '', '0', '', '2020-3-2');
INSERT INTO perKasus VALUES(1299, 33, 'L', 45, 'Masih proses PE', '', '', '0', '', '2020-3-2');
INSERT INTO perKasus VALUES(1291, 31, 'P', 51, 'Masih proses PE', '', '', '0', '', '2020-3-2');
INSERT INTO perKasus VALUES(1298, 32, 'L', 69, 'Masih proses PE', '', '', '0', '', '2020-3-2');
INSERT INTO perKasus VALUES(1301, 33, 'L', 29, 'Masih proses PE', '', '', '0', '', '2020-3-2');
INSERT INTO perKasus VALUES(1300, 33, 'L', 57, 'Masih proses PE', '', '', '0', '', '2020-3-2');
INSERT INTO perKasus VALUES(1293, 31, 'L', 36, 'Masih proses PE', '', '', '0', '', '2020-3-2');
INSERT INTO perKasus VALUES(1305, 33, 'L', 45, 'Masih proses PE', '', '', '0', '', '2020-3-2');
INSERT INTO perKasus VALUES(1302, 33, 'L', 61, 'Masih proses PE', '', '', '0', '', '2020-3-2');
INSERT INTO perKasus VALUES(1306, 63, 'L', 56, 'Masih proses PE', '', '', '0', '', '2020-3-2');
INSERT INTO perKasus VALUES(1303, 33, 'L', 60, 'Masih proses PE', '', '', '0', '', '2020-3-2');
INSERT INTO perKasus VALUES(1304, 33, 'L', 0, 'Masih proses PE', '', '', '0', '', '2020-3-2');
INSERT INTO perKasus VALUES(1307, 63, 'L', 41, 'Masih proses PE', '', '', '0', '', '2020-3-2');
INSERT INTO perKasus VALUES(1311, 33, 'L', 35, 'Masih proses PE', '', '', '0', '', '2020-3-2');
INSERT INTO perKasus VALUES(1308, 63, 'L', 50, 'Masih proses PE', '', '', '0', '', '2020-3-2');
INSERT INTO perKasus VALUES(1309, 63, 'L', 24, 'Masih proses PE', '', '', '0', '', '2020-3-2');
INSERT INTO perKasus VALUES(1310, 19, 'L', 54, 'Masih proses PE', '', '', '0', '', '2020-3-2');
INSERT INTO perKasus VALUES(1314, 31, 'L', 50, 'Masih proses PE', '', '', '0', '', '2020-3-2');
INSERT INTO perKasus VALUES(1313, 15, 'L', 53, 'Masih proses PE', '', '', '0', '', '2020-3-2');
INSERT INTO perKasus VALUES(1316, 18, 'L', 15, 'Masih proses PE', '', '', '0', '', '2020-3-2');
INSERT INTO perKasus VALUES(1317, 18, 'L', 1, 'Masih proses PE', '', '', '0', '', '2020-3-2');
INSERT INTO perKasus VALUES(1315, 18, 'L', 53, 'Masih proses PE', '', '', '0', '', '2020-3-2');
INSERT INTO perKasus VALUES(1320, 31, 'L', 48, 'Masih proses PE', '', '', '0', '', '2020-3-2');
INSERT INTO perKasus VALUES(1319, 32, 'L', 35, 'Masih proses PE', '', '', '0', '', '2020-3-2');
INSERT INTO perKasus VALUES(1318, 32, 'L', 54, 'Masih proses PE', '', '', '0', '', '2020-3-2');
INSERT INTO perKasus VALUES(1322, 18, 'L', 30, 'Masih proses PE', '', '', '0', '', '2020-3-2');
INSERT INTO perKasus VALUES(1326, 31, 'L', 42, 'Masih proses PE', '', '', '0', '', '2020-3-2');
INSERT INTO perKasus VALUES(1327, 12, 'L', 33, 'Masih proses PE', '', '', '0', '', '2020-3-2');
INSERT INTO perKasus VALUES(1329, 12, 'L', 66, 'Masih proses PE', '', '', '0', '', '2020-3-2');
INSERT INTO perKasus VALUES(1330, 12, 'L', 44, 'Masih proses PE', '', '', '0', '', '2020-3-2');
INSERT INTO perKasus VALUES(1321, 31, 'L', 19, 'Masih proses PE', '', '', '0', '', '2020-3-2');
INSERT INTO perKasus VALUES(1334, 63, 'L', 21, 'Masih proses PE', '', '', '0', '', '2020-3-2');
INSERT INTO perKasus VALUES(1332, 12, 'L', 54, 'Masih proses PE', '', '', '0', '', '2020-3-2');
INSERT INTO perKasus VALUES(1333, 32, 'L', 31, 'Masih proses PE', '', '', '0', '', '2020-3-2');
INSERT INTO perKasus VALUES(1336, 33, 'L', 34, 'Masih proses PE', '', '', '0', '', '2020-3-2');
INSERT INTO perKasus VALUES(1335, 33, 'L', 64, 'Masih proses PE', '', '', '0', '', '2020-3-2');
INSERT INTO perKasus VALUES(1331, 12, 'L', 59, 'Masih proses PE', '', '', '0', '', '2020-3-2');
INSERT INTO perKasus VALUES(1339, 31, 'L', 49, 'Masih proses PE', '', '', '0', '', '2020-3-2');
INSERT INTO perKasus VALUES(1337, 32, 'L', 46, 'Masih proses PE', '', '', '0', '', '2020-3-2');
INSERT INTO perKasus VALUES(1341, 35, 'L', 46, 'Masih proses PE', '', '', '0', '', '2020-3-2');
INSERT INTO perKasus VALUES(1343, 33, 'L', 34, 'Masih proses PE', '', '', '0', '', '2020-3-2');
INSERT INTO perKasus VALUES(1342, 51, 'L', 29, 'Masih proses PE', '', '', '0', '', '2020-3-2');
INSERT INTO perKasus VALUES(1345, 36, 'L', 38, 'Masih proses PE', '', '', '0', '', '2020-3-2');
INSERT INTO perKasus VALUES(1344, 33, 'L', 0, 'Masih proses PE', '', '', '0', '', '2020-3-2');
INSERT INTO perKasus VALUES(1340, 32, 'L', 52, 'Masih proses PE', '', '', '0', '', '2020-3-2');
INSERT INTO perKasus VALUES(1347, 36, 'L', 33, 'Masih proses PE', '', '', '0', '', '2020-3-2');
INSERT INTO perKasus VALUES(1348, 32, 'P', 15, 'Masih proses PE', '', '', '0', '', '2020-3-2');
INSERT INTO perKasus VALUES(1346, 36, 'L', 60, 'Masih proses PE', '', '', '0', '', '2020-3-2');
INSERT INTO perKasus VALUES(1349, 32, 'L', 42, 'Masih proses PE', '', '', '0', '', '2020-3-2');
INSERT INTO perKasus VALUES(1351, 32, 'L', 47, 'Masih proses PE', '', '', '0', '', '2020-3-2');
INSERT INTO perKasus VALUES(1353, 36, 'P', 0, 'Masih proses PE', '', '', '0', '', '2020-3-2');
INSERT INTO perKasus VALUES(1352, 61, 'L', 45, 'Masih proses PE', '', '', '0', '', '2020-3-2');
INSERT INTO perKasus VALUES(1354, 36, 'P', 48, 'Masih proses PE', '', '', '0', '', '2020-3-2');
INSERT INTO perKasus VALUES(1355, 36, 'L', 30, 'Masih proses PE', '', '', '0', '', '2020-3-2');
INSERT INTO perKasus VALUES(1357, 32, 'L', 56, 'Masih proses PE', '', '', '0', '', '2020-3-2');
INSERT INTO perKasus VALUES(1358, 32, 'P', 21, 'Masih proses PE', '', '', '0', '', '2020-3-2');
INSERT INTO perKasus VALUES(1350, 32, 'L', 0, 'Masih proses PE', '', '', '0', '', '2020-3-2');
INSERT INTO perKasus VALUES(1359, 31, 'L', 38, 'Masih proses PE', '', '', '0', '', '2020-3-2');
INSERT INTO perKasus VALUES(1360, 32, 'L', 34, 'Masih proses PE', '', '', '0', '', '2020-3-2');
INSERT INTO perKasus VALUES(1361, 31, 'P', 0, 'Masih proses PE', '', '', '0', '', '2020-3-2');
INSERT INTO perKasus VALUES(1362, 34, 'L', 35, 'Masih proses PE', '', '', '0', '', '2020-3-2');
INSERT INTO perKasus VALUES(1363, 33, 'L', 53, 'Masih proses PE', '', '', '0', '', '2020-3-2');
INSERT INTO perKasus VALUES(1365, 32, 'L', 70, 'Masih proses PE', '', '', '0', '', '2020-3-2');
INSERT INTO perKasus VALUES(1367, 36, 'L', 49, 'Masih proses PE', '', '', '0', '', '2020-3-2');
INSERT INTO perKasus VALUES(1364, 32, 'L', 56, 'Masih proses PE', '', '', '0', '', '2020-3-2');
INSERT INTO perKasus VALUES(1366, 32, 'L', 39, 'Masih proses PE', '', '', '0', '', '2020-3-2');
INSERT INTO perKasus VALUES(1368, 36, 'P', 67, 'Masih proses PE', '', '', '0', '', '2020-3-2');
INSERT INTO perKasus VALUES(1356, 32, 'L', 0, 'Masih proses PE', '', '', '0', '', '2020-3-2');
INSERT INTO perKasus VALUES(1370, 36, 'L', 56, 'Masih proses PE', '', '', '0', '', '2020-3-2');
INSERT INTO perKasus VALUES(1372, 36, 'L', 41, 'Masih proses PE', '', '', '0', '', '2020-3-2');
INSERT INTO perKasus VALUES(1371, 36, 'P', 57, 'Masih proses PE', '', '', '0', '', '2020-3-2');
INSERT INTO perKasus VALUES(1373, 36, 'P', 53, 'Masih proses PE', '', '', '0', '', '2020-3-2');
INSERT INTO perKasus VALUES(1376, 21, 'L', 55, 'Masih proses PE', '', '', '0', '', '2020-3-2');
INSERT INTO perKasus VALUES(1375, 36, 'L', 0, 'Masih proses PE', '', '', '0', '', '2020-3-2');
INSERT INTO perKasus VALUES(1369, 36, 'P', 55, 'Masih proses PE', '', '', '0', '', '2020-3-2');
INSERT INTO perKasus VALUES(1378, 31, 'L', 0, 'Masih proses PE', '', '', '0', '', '2020-3-2');
INSERT INTO perKasus VALUES(1377, 31, 'L', 0, 'Masih proses PE', '', '', '0', '', '2020-3-2');
INSERT INTO perKasus VALUES(1380, 31, 'L', 0, 'Masih proses PE', '', '', '0', '', '2020-3-2');
INSERT INTO perKasus VALUES(1379, 31, 'L', 0, 'Masih proses PE', '', '', '0', '', '2020-3-2');
INSERT INTO perKasus VALUES(1381, 31, 'L', 55, 'Masih proses PE', '', '', '0', '', '2020-3-2');
INSERT INTO perKasus VALUES(1382, 31, 'L', 56, 'Masih proses PE', '', '', '0', '', '2020-3-2');
INSERT INTO perKasus VALUES(1374, 36, 'L', 60, 'Masih proses PE', '', '', '0', '', '2020-3-2');
INSERT INTO perKasus VALUES(1383, 31, 'L', 0, 'Masih proses PE', '', '', '0', '', '2020-3-2');
INSERT INTO perKasus VALUES(1385, 14, 'L', 42, 'Masih proses PE', '', '', '0', '', '2020-3-2');
INSERT INTO perKasus VALUES(1387, 51, 'P', 34, 'Masih proses PE', '', '', '0', '', '2020-3-2');
INSERT INTO perKasus VALUES(1386, 51, 'P', 27, 'Masih proses PE', '', '', '0', '', '2020-3-2');
INSERT INTO perKasus VALUES(1388, 51, 'L', 42, 'Masih proses PE', '', '', '0', '', '2020-3-2');
INSERT INTO perKasus VALUES(1389, 51, 'P', 22, 'Masih proses PE', '', '', '0', '', '2020-3-2');
INSERT INTO perKasus VALUES(1384, 36, 'P', 26, 'Masih proses PE', '', '', '0', '', '2020-3-2');
INSERT INTO perKasus VALUES(1390, 51, 'L', 37, 'Masih proses PE', '', '', '0', '', '2020-3-2');
INSERT INTO perKasus VALUES(1391, 51, 'P', 1, 'Masih proses PE', '', '', '0', '', '2020-3-2');
INSERT INTO perKasus VALUES(1392, 51, 'L', 36, 'Masih proses PE', '', '', '0', '', '2020-3-2');
INSERT INTO perKasus VALUES(1394, 32, 'P', 40, 'Masih proses PE', '', '', '0', '', '2020-3-2');
INSERT INTO perKasus VALUES(1395, 32, 'P', 34, 'Masih proses PE', '', '', '0', '', '2020-3-2');
INSERT INTO perKasus VALUES(1393, 51, 'L', 29, 'Masih proses PE', '', '', '0', '', '2020-3-2');
INSERT INTO perKasus VALUES(1397, 36, 'L', 34, 'Masih proses PE', '', '', '0', '', '2020-3-2');
INSERT INTO perKasus VALUES(1400, 36, 'L', 48, 'Masih proses PE', '', '', '0', '', '2020-3-2');
INSERT INTO perKasus VALUES(1399, 32, 'L', 26, 'Masih proses PE', '', '', '0', '', '2020-3-2');
INSERT INTO perKasus VALUES(1398, 32, 'L', 56, 'Masih proses PE', '', '', '0', '', '2020-3-2');
INSERT INTO perKasus VALUES(1401, 36, 'P', 41, 'Masih proses PE', '', '', '0', '', '2020-3-2');
INSERT INTO perKasus VALUES(1403, 36, 'P', 26, 'Masih proses PE', '', '', '0', '', '2020-3-2');
INSERT INTO perKasus VALUES(1404, 32, 'L', 54, 'Masih proses PE', '', '', '0', '', '2020-3-2');
INSERT INTO perKasus VALUES(1402, 36, 'L', 25, 'Masih proses PE', '', '', '0', '', '2020-3-2');
INSERT INTO perKasus VALUES(1406, 32, 'L', 45, 'Masih proses PE', '', '', '0', '', '2020-3-2');
INSERT INTO perKasus VALUES(1407, 32, 'L', 48, 'Masih proses PE', '', '', '0', '', '2020-3-2');
INSERT INTO perKasus VALUES(1409, 73, 'P', 25, 'Masih proses PE', '', '', '0', '', '2020-3-2');
INSERT INTO perKasus VALUES(1396, 36, 'P', 34, 'Masih proses PE', '', '', '0', '', '2020-3-2');
INSERT INTO perKasus VALUES(1408, 73, 'L', 55, 'Masih proses PE', '', '', '0', '', '2020-3-2');
INSERT INTO perKasus VALUES(1411, 73, 'L', 0, 'Masih proses PE', '', '', '0', '', '2020-3-2');
INSERT INTO perKasus VALUES(1405, 32, 'L', 54, 'Masih proses PE', '', '', '0', '', '2020-3-2');
INSERT INTO perKasus VALUES(1412, 36, 'L', 68, 'Masih proses PE', '', '', '0', '', '2020-3-2');
INSERT INTO perKasus VALUES(1414, 36, 'P', 32, 'Masih proses PE', '', '', '0', '', '2020-3-2');
INSERT INTO perKasus VALUES(1410, 73, 'P', 0, 'Masih proses PE', '', '', '0', '', '2020-3-2');
INSERT INTO perKasus VALUES(1415, 36, 'L', 61, 'Masih proses PE', '', '', '0', '', '2020-3-3');
INSERT INTO perKasus VALUES(1416, 36, 'L', 50, 'Masih proses PE', '', '', '0', '', '2020-3-3');
INSERT INTO perKasus VALUES(1417, 34, 'P', 70, 'Masih proses PE', '', '', '0', '', '2020-3-3');
INSERT INTO perKasus VALUES(1419, 33, 'P', 71, 'Masih proses PE', '', '', '0', '', '2020-3-3');
INSERT INTO perKasus VALUES(1413, 36, 'P', 23, 'Masih proses PE', '', '', '0', '', '2020-3-2');
INSERT INTO perKasus VALUES(1421, 34, 'L', 60, 'Masih proses PE', '', '', '0', '', '2020-3-3');
INSERT INTO perKasus VALUES(1418, 33, 'P', 60, 'Masih proses PE', '', '', '0', '', '2020-3-3');
INSERT INTO perKasus VALUES(1420, 33, 'L', 62, 'Masih proses PE', '', '', '0', '', '2020-3-3');
INSERT INTO perKasus VALUES(1422, 33, 'L', 77, 'Masih proses PE', '', '', '0', '', '2020-3-3');
INSERT INTO perKasus VALUES(1424, 34, 'L', 39, 'Masih proses PE', '', '', '0', '', '2020-3-3');
INSERT INTO perKasus VALUES(1425, 34, 'P', 48, 'Masih proses PE', '', '', '0', '', '2020-3-3');
INSERT INTO perKasus VALUES(1426, 34, 'P', 80, 'Masih proses PE', '', '', '0', '', '2020-3-3');
INSERT INTO perKasus VALUES(1427, 31, 'L', 59, 'Masih proses PE', '', '', '0', '', '2020-3-3');
INSERT INTO perKasus VALUES(1429, 33, 'L', 29, 'Masih proses PE', '', '', '0', '', '2020-3-3');
INSERT INTO perKasus VALUES(1430, 33, 'L', 28, 'Masih proses PE', '', '', '0', '', '2020-3-3');
INSERT INTO perKasus VALUES(1431, 19, 'L', 72, 'Masih proses PE', '', '', '0', '', '2020-3-3');
INSERT INTO perKasus VALUES(1432, 31, 'L', 26, 'Masih proses PE', '', '', '0', '', '2020-3-3');
INSERT INTO perKasus VALUES(1423, 33, 'L', 48, 'Masih proses PE', '', '', '0', '', '2020-3-3');
INSERT INTO perKasus VALUES(1428, 31, 'L', 33, 'Masih proses PE', '', '', '0', '', '2020-3-3');
INSERT INTO perKasus VALUES(1435, 31, 'L', 61, 'Masih proses PE', '', '', '0', '', '2020-3-3');
INSERT INTO perKasus VALUES(1434, 31, 'L', 64, 'Masih proses PE', '', '', '0', '', '2020-3-3');
INSERT INTO perKasus VALUES(1433, 31, 'L', 54, 'Masih proses PE', '', '', '0', '', '2020-3-3');
INSERT INTO perKasus VALUES(1436, 31, 'L', 30, 'Masih proses PE', '', '', '0', '', '2020-3-3');
INSERT INTO perKasus VALUES(1437, 52, 'L', 44, 'Masih proses PE', '', '', '0', '', '2020-3-3');
INSERT INTO perKasus VALUES(1438, 52, 'L', 46, 'Masih proses PE', '', '', '0', '', '2020-3-3');
INSERT INTO perKasus VALUES(1441, 62, 'L', 27, 'Masih proses PE', '', '', '0', '', '2020-3-3');
INSERT INTO perKasus VALUES(1439, 63, 'L', 41, 'Masih proses PE', '', '', '0', '', '2020-3-3');
INSERT INTO perKasus VALUES(1443, 33, 'L', 59, 'Masih proses PE', '', '', '0', '', '2020-3-3');
INSERT INTO perKasus VALUES(1444, 33, 'L', 69, 'Masih proses PE', '', '', '0', '', '2020-3-3');
INSERT INTO perKasus VALUES(1446, 33, 'L', 74, 'Masih proses PE', '', '', '0', '', '2020-3-3');
INSERT INTO perKasus VALUES(1440, 63, 'L', 40, 'Masih proses PE', '', '', '0', '', '2020-3-3');
INSERT INTO perKasus VALUES(1445, 33, 'L', 51, 'Masih proses PE', '', '', '0', '', '2020-3-3');
INSERT INTO perKasus VALUES(1448, 31, 'L', 42, 'Masih proses PE', '', '', '0', '', '2020-3-3');
INSERT INTO perKasus VALUES(1447, 31, 'L', 58, 'Masih proses PE', '', '', '0', '', '2020-3-3');
INSERT INTO perKasus VALUES(1451, 33, 'L', 56, 'Masih proses PE', '', '', '0', '', '2020-3-3');
INSERT INTO perKasus VALUES(1450, 33, 'L', 31, 'Masih proses PE', '', '', '0', '', '2020-3-3');
INSERT INTO perKasus VALUES(1453, 16, 'L', 52, 'Masih proses PE', '', '', '0', '', '2020-3-3');
INSERT INTO perKasus VALUES(1454, 64, 'P', 37, 'Masih proses PE', '', '', '0', '', '2020-3-3');
INSERT INTO perKasus VALUES(1455, 64, 'L', 50, 'Masih proses PE', '', '', '0', '', '2020-3-3');
INSERT INTO perKasus VALUES(1449, 31, 'L', 28, 'Masih proses PE', '', '', '0', '', '2020-3-3');
INSERT INTO perKasus VALUES(1452, 33, 'L', 67, 'Masih proses PE', '', '', '0', '', '2020-3-3');
INSERT INTO perKasus VALUES(1456, 64, 'L', 27, 'Masih proses PE', '', '', '0', '', '2020-3-3');
INSERT INTO perKasus VALUES(1458, 31, 'L', 0, 'Masih proses PE', '', '', '0', '', '2020-3-3');
INSERT INTO perKasus VALUES(1457, 62, 'L', 55, 'Masih proses PE', '', '', '0', '', '2020-3-3');
INSERT INTO perKasus VALUES(1460, 21, 'L', 43, 'Masih proses PE', '', '', '0', '', '2020-3-3');
INSERT INTO perKasus VALUES(1462, 36, 'P', 47, 'Masih proses PE', '', '', '0', '', '2020-3-3');
INSERT INTO perKasus VALUES(1463, 36, 'L', 26, 'Masih proses PE', '', '', '0', '', '2020-3-3');
INSERT INTO perKasus VALUES(1461, 36, 'L', 0, 'Masih proses PE', '', '', '0', '', '2020-3-3');
INSERT INTO perKasus VALUES(1459, 32, 'L', 0, 'Masih proses PE', '', '', '0', '', '2020-3-3');
INSERT INTO perKasus VALUES(1465, 36, 'L', 32, 'Masih proses PE', '', '', '0', '', '2020-3-3');
INSERT INTO perKasus VALUES(1466, 31, 'L', 0, 'Masih proses PE', '', '', '0', '', '2020-3-3');
INSERT INTO perKasus VALUES(1467, 36, 'L', 0, 'Masih proses PE', '', '', '0', '', '2020-3-3');
INSERT INTO perKasus VALUES(1469, 32, 'P', 65, 'Masih proses PE', '', '', '0', '', '2020-3-3');
INSERT INTO perKasus VALUES(1468, 32, 'L', 45, 'Masih proses PE', '', '', '0', '', '2020-3-3');
INSERT INTO perKasus VALUES(1470, 32, 'P', 66, 'Masih proses PE', '', '', '0', '', '2020-3-3');
INSERT INTO perKasus VALUES(1474, 32, 'L', 55, 'Masih proses PE', '', '', '0', '', '2020-3-3');
INSERT INTO perKasus VALUES(1464, 36, 'P', 30, 'Masih proses PE', '', '', '0', '', '2020-3-3');
INSERT INTO perKasus VALUES(1472, 32, 'L', 36, 'Masih proses PE', '', '', '0', '', '2020-3-3');
INSERT INTO perKasus VALUES(1471, 32, 'L', 53, 'Masih proses PE', '', '', '0', '', '2020-3-3');
INSERT INTO perKasus VALUES(1473, 32, 'L', 49, 'Masih proses PE', '', '', '0', '', '2020-3-3');
INSERT INTO perKasus VALUES(1475, 32, 'L', 63, 'Masih proses PE', '', '', '0', '', '2020-3-3');
INSERT INTO perKasus VALUES(1476, 32, 'P', 17, 'Masih proses PE', '', '', '0', '', '2020-3-3');
INSERT INTO perKasus VALUES(1477, 32, 'P', 46, 'Masih proses PE', '', '', '0', '', '2020-3-3');
INSERT INTO perKasus VALUES(1479, 36, 'L', 43, 'Masih proses PE', '', '', '0', '', '2020-3-3');
INSERT INTO perKasus VALUES(1478, 31, 'P', 64, 'Masih proses PE', '', '', '0', '', '2020-3-3');
INSERT INTO perKasus VALUES(1480, 31, 'L', 52, 'Masih proses PE', '', '', '0', '', '2020-3-3');
INSERT INTO perKasus VALUES(1482, 35, 'L', 0, 'Masih proses PE', '', '', '0', '', '2020-3-3');
INSERT INTO perKasus VALUES(1483, 12, 'L', 0, 'Masih proses PE', '', '', '0', '', '2020-3-3');
INSERT INTO perKasus VALUES(1484, 12, 'P', 56, 'Masih proses PE', '', '', '0', '', '2020-3-3');
INSERT INTO perKasus VALUES(1487, 12, 'L', 27, 'Masih proses PE', '', '', '0', '', '2020-3-3');
INSERT INTO perKasus VALUES(1481, 35, 'L', 0, 'Masih proses PE', '', '', '0', '', '2020-3-3');
INSERT INTO perKasus VALUES(1486, 12, 'L', 29, 'Masih proses PE', '', '', '0', '', '2020-3-3');
INSERT INTO perKasus VALUES(1488, 12, 'P', 0, 'Masih proses PE', '', '', '0', '', '2020-3-3');
INSERT INTO perKasus VALUES(1485, 12, 'L', 63, 'Masih proses PE', '', '', '0', '', '2020-3-3');
INSERT INTO perKasus VALUES(1491, 31, 'L', 0, 'Masih proses PE', '', '', '0', '', '2020-3-3');
INSERT INTO perKasus VALUES(1489, 94, 'L', 54, 'Masih proses PE', '', '', '0', '', '2020-3-3');
INSERT INTO perKasus VALUES(1492, 31, 'L', 0, 'Masih proses PE', '', '', '0', '', '2020-3-3');
INSERT INTO perKasus VALUES(1493, 31, 'L', 0, 'Masih proses PE', '', '', '0', '', '2020-3-3');
INSERT INTO perKasus VALUES(1490, 31, 'L', 0, 'Masih proses PE', '', '', '0', '', '2020-3-3');
INSERT INTO perKasus VALUES(1496, 31, 'L', 0, 'Masih proses PE', '', '', '0', '', '2020-3-3');
INSERT INTO perKasus VALUES(1495, 31, 'L', 0, 'Masih proses PE', '', '', '0', '', '2020-3-3');
INSERT INTO perKasus VALUES(1497, 31, 'L', 0, 'Masih proses PE', '', '', '0', '', '2020-3-3');
INSERT INTO perKasus VALUES(1498, 31, 'L', 0, 'Masih proses PE', '', '', '0', '', '2020-3-3');
INSERT INTO perKasus VALUES(1500, 31, 'L', 0, 'Masih proses PE', '', '', '0', '', '2020-3-3');
INSERT INTO perKasus VALUES(1501, 31, 'L', 0, 'Masih proses PE', '', '', '0', '', '2020-3-3');
INSERT INTO perKasus VALUES(1499, 31, 'L', 0, 'Masih proses PE', '', '', '0', '', '2020-3-3');
INSERT INTO perKasus VALUES(1502, 31, 'L', 0, 'Masih proses PE', '', '', '0', '', '2020-3-3');
INSERT INTO perKasus VALUES(1503, 31, 'L', 0, 'Masih proses PE', '', '', '0', '', '2020-3-3');
INSERT INTO perKasus VALUES(1494, 36, 'L', 0, 'Masih proses PE', '', '', '0', '', '2020-3-3');
INSERT INTO perKasus VALUES(1505, 31, 'L', 0, 'Masih proses PE', '', '', '0', '', '2020-3-3');
INSERT INTO perKasus VALUES(1508, 36, 'L', 0, 'Masih proses PE', '', '', '0', '', '2020-3-3');
INSERT INTO perKasus VALUES(1506, 31, 'L', 0, 'Masih proses PE', '', '', '0', '', '2020-3-3');
INSERT INTO perKasus VALUES(1507, 31, 'L', 0, 'Masih proses PE', '', '', '0', '', '2020-3-3');
INSERT INTO perKasus VALUES(1510, 32, 'L', 0, 'Masih proses PE', '', '', '0', '', '2020-3-3');
INSERT INTO perKasus VALUES(1504, 31, 'L', 0, 'Masih proses PE', '', '', '0', '', '2020-3-3');
INSERT INTO perKasus VALUES(1509, 32, 'L', 0, 'Masih proses PE', '', '', '0', '', '2020-3-3');
INSERT INTO perKasus VALUES(1513, 32, 'L', 0, 'Masih proses PE', '', '', '0', '', '2020-3-3');
INSERT INTO perKasus VALUES(1516, 31, 'L', 48, 'Masih proses PE', '', '', '0', '', '2020-3-3');
INSERT INTO perKasus VALUES(1515, 31, 'L', 39, 'Masih proses PE', '', '', '0', '', '2020-3-3');
INSERT INTO perKasus VALUES(1518, 31, 'L', 62, 'Masih proses PE', '', '', '0', '', '2020-3-3');
INSERT INTO perKasus VALUES(1511, 32, 'L', 0, 'Masih proses PE', '', '', '0', '', '2020-3-3');
INSERT INTO perKasus VALUES(1517, 31, 'P', 63, 'Masih proses PE', '', '', '0', '', '2020-3-3');
INSERT INTO perKasus VALUES(1519, 31, 'L', 41, 'Masih proses PE', '', '', '0', '', '2020-3-3');
INSERT INTO perKasus VALUES(1512, 32, 'L', 0, 'Masih proses PE', '', '', '0', '', '2020-3-3');
INSERT INTO perKasus VALUES(1522, 31, 'L', 28, 'Masih proses PE', '', '', '0', '', '2020-3-3');
INSERT INTO perKasus VALUES(1514, 32, 'L', 0, 'Masih proses PE', '', '', '0', '', '2020-3-3');
INSERT INTO perKasus VALUES(1521, 31, 'L', 48, 'Masih proses PE', '', '', '0', '', '2020-3-3');
INSERT INTO perKasus VALUES(1523, 31, 'L', 81, 'Masih proses PE', '', '', '0', '', '2020-3-3');
INSERT INTO perKasus VALUES(1524, 17, 'L', 30, 'Masih proses PE', '', '', '0', '', '2020-3-3');
INSERT INTO perKasus VALUES(1525, 16, 'L', 0, 'Masih proses PE', '', '', '0', '', '2020-3-3');
INSERT INTO perKasus VALUES(1520, 31, 'L', 31, 'Masih proses PE', '', '', '0', '', '2020-3-3');
INSERT INTO perKasus VALUES(1527, 31, 'L', 50, '', '', '', '1', '', '2020-3-3');
INSERT INTO perKasus VALUES(1526, 16, 'L', 0, 'Masih proses PE', '', '', '0', '', '2020-3-3');
INSERT INTO perKasus VALUES(1530, 31, 'P', 0, '', '', '', '1', '', '2020-4-4');
INSERT INTO perKasus VALUES(1528, 31, 'P', 63, '', '', '', '1', '', '2020-3-3');
INSERT INTO perKasus VALUES(1533, 36, 'P', 34, '', '', '', '1', '', '2020-4-4');
INSERT INTO perKasus VALUES(1531, 31, 'P', 0, '', '', '', '1', '', '2020-4-4');
INSERT INTO perKasus VALUES(1532, 31, 'P', 43, '', '', '', '1', '', '2020-4-4');
INSERT INTO perKasus VALUES(1534, 31, 'L', 37, '', '', '', '1', '', '2020-4-4');
INSERT INTO perKasus VALUES(1536, 64, 'P', 31, '', '', '', '1', '', '2020-4-4');
INSERT INTO perKasus VALUES(1535, 71, 'P', 39, '', '', '', '1', '', '2020-4-4');
INSERT INTO perKasus VALUES(1529, 31, 'P', 59, '', '', '', '1', '', '2020-4-4');
INSERT INTO perKasus VALUES(1538, 31, 'L', 63, '', '', '', '1', '', '2020-4-4');
INSERT INTO perKasus VALUES(1541, 31, 'L', 50, '', '', '', '1', '', '2020-4-4');
INSERT INTO perKasus VALUES(1542, 36, 'L', 52, '', '', '', '1', '', '2020-4-4');
INSERT INTO perKasus VALUES(1539, 31, 'L', 29, '', '', '', '1', '', '2020-4-4');
INSERT INTO perKasus VALUES(1537, 31, 'L', 40, '', '', '', '1', '', '2020-4-4');
INSERT INTO perKasus VALUES(1543, 31, 'L', 59, '', '', '', '1', '', '2020-4-4');
INSERT INTO perKasus VALUES(1545, 31, 'P', 61, '', '', '', '1', '', '2020-4-4');
INSERT INTO perKasus VALUES(1540, 31, 'L', 68, '', '', '', '1', '', '2020-4-4');
INSERT INTO perKasus VALUES(1546, 31, 'P', 9, '', '', '', '1', '', '2020-4-4');
INSERT INTO perKasus VALUES(1544, 31, 'L', 43, '', '', '', '1', '', '2020-4-4');
INSERT INTO perKasus VALUES(1548, 31, 'L', 56, '', '', '', '1', '', '2020-4-4');
INSERT INTO perKasus VALUES(1550, 31, 'P', 54, '', '', '', '1', '', '2020-4-4');
INSERT INTO perKasus VALUES(1549, 31, 'P', 75, '', '', '', '1', '', '2020-4-4');
INSERT INTO perKasus VALUES(1552, 31, 'L', 46, '', '', '', '1', '', '2020-4-4');
INSERT INTO perKasus VALUES(1553, 31, 'L', 69, '', '', '', '1', '', '2020-4-4');
INSERT INTO perKasus VALUES(1547, 31, 'L', 65, '', '', '', '1', '', '2020-4-4');
INSERT INTO perKasus VALUES(1554, 31, 'L', 57, '', '', '', '1', '', '2020-4-4');
INSERT INTO perKasus VALUES(1551, 31, 'P', 54, '', '', '', '1', '', '2020-4-4');
INSERT INTO perKasus VALUES(1555, 31, 'L', 53, '', '', '', '1', '', '2020-4-4');
INSERT INTO perKasus VALUES(1558, 31, 'L', 58, '', '', '', '1', '', '2020-4-4');
INSERT INTO perKasus VALUES(1556, 31, 'L', 22, '', '', '', '1', '', '2020-4-4');
INSERT INTO perKasus VALUES(1559, 31, 'P', 27, '', '', '', '1', '', '2020-4-4');
INSERT INTO perKasus VALUES(1557, 31, 'L', 60, '', '', '', '1', '', '2020-4-4');
INSERT INTO perKasus VALUES(1560, 31, 'L', 48, '', '', '', '1', '', '2020-4-4');
INSERT INTO perKasus VALUES(1564, 31, 'P', 74, '', '', '', '1', '', '2020-4-4');
INSERT INTO perKasus VALUES(1563, 31, 'P', 58, '', '', '', '1', '', '2020-4-4');
INSERT INTO perKasus VALUES(1561, 31, 'L', 81, '', '', '', '1', '', '2020-4-4');
INSERT INTO perKasus VALUES(1562, 31, 'L', 62, '', '', '', '1', '', '2020-4-4');
INSERT INTO perKasus VALUES(1565, 31, 'L', 60, '', '', '', '1', '', '2020-4-4');
INSERT INTO perKasus VALUES(1569, 31, 'L', 62, '', '', '', '1', '', '2020-4-4');
INSERT INTO perKasus VALUES(1567, 31, 'L', 53, '', '', '', '1', '', '2020-4-4');
INSERT INTO perKasus VALUES(1566, 31, 'L', 32, '', '', '', '1', '', '2020-4-4');
INSERT INTO perKasus VALUES(1571, 32, 'L', 34, '', '', '', '1', '', '2020-4-4');
INSERT INTO perKasus VALUES(1568, 31, 'L', 52, '', '', '', '1', '', '2020-4-4');
INSERT INTO perKasus VALUES(1572, 61, 'P', 38, '', '', '', '1', '', '2020-4-4');
INSERT INTO perKasus VALUES(1570, 31, 'L', 60, '', '', '', '1', '', '2020-4-4');
INSERT INTO perKasus VALUES(1575, 31, 'L', 46, '', '', '', '1', '', '2020-4-4');
INSERT INTO perKasus VALUES(1573, 36, 'L', 30, '', '', '', '1', '', '2020-4-4');
INSERT INTO perKasus VALUES(1574, 31, 'P', 56, '', '', '', '1', '', '2020-4-4');
INSERT INTO perKasus VALUES(1577, 32, 'L', 57, '', '', '', '1', '', '2020-4-4');
INSERT INTO perKasus VALUES(1576, 32, 'L', 49, '', '', '', '1', '', '2020-4-4');
INSERT INTO perKasus VALUES(1580, 32, 'L', 58, '', '', '', '1', '', '2020-4-4');
INSERT INTO perKasus VALUES(1581, 36, 'L', 19, '', '', '', '1', '', '2020-4-4');
INSERT INTO perKasus VALUES(1582, 32, 'P', 25, '', '', '', '1', '', '2020-4-4');
INSERT INTO perKasus VALUES(1583, 36, 'L', 75, '', '', '', '1', '', '2020-4-4');
INSERT INTO perKasus VALUES(1584, 36, 'P', 81, '', '', '', '1', '', '2020-4-4');
INSERT INTO perKasus VALUES(1578, 32, 'L', 48, '', '', '', '1', '', '2020-4-4');
INSERT INTO perKasus VALUES(1585, 36, 'P', 63, '', '', '', '1', '', '2020-4-4');
INSERT INTO perKasus VALUES(1587, 34, 'L', 39, '', '', '', '1', '', '2020-4-4');
INSERT INTO perKasus VALUES(1586, 36, 'L', 25, '', '', '', '1', '', '2020-4-4');
INSERT INTO perKasus VALUES(1589, 34, 'L', 44, '', '', '', '1', '', '2020-4-4');
INSERT INTO perKasus VALUES(1588, 34, 'L', 27, '', '', '', '1', '', '2020-4-4');
INSERT INTO perKasus VALUES(1579, 32, 'L', 49, '', '', '', '1', '', '2020-4-4');
INSERT INTO perKasus VALUES(1591, 34, 'L', 42, '', '', '', '1', '', '2020-4-4');
INSERT INTO perKasus VALUES(1592, 51, 'L', 35, '', '', '', '1', '', '2020-4-4');
INSERT INTO perKasus VALUES(1590, 34, 'P', 52, '', '', '', '1', '', '2020-4-4');
INSERT INTO perKasus VALUES(1596, 51, 'P', 47, '', '', '', '1', '', '2020-4-4');
INSERT INTO perKasus VALUES(1594, 51, 'L', 45, '', '', '', '1', '', '2020-4-4');
INSERT INTO perKasus VALUES(1593, 51, 'L', 50, '', '', '', '1', '', '2020-4-4');
INSERT INTO perKasus VALUES(1597, 51, 'L', 29, '', '', '', '1', '', '2020-4-4');
INSERT INTO perKasus VALUES(1598, 32, 'L', 0, '', '', '', '1', '', '2020-4-4');
INSERT INTO perKasus VALUES(1595, 51, 'L', 49, '', '', '', '1', '', '2020-4-4');
INSERT INTO perKasus VALUES(1599, 32, 'L', 0, '', '', '', '1', '', '2020-4-4');
INSERT INTO perKasus VALUES(1603, 32, 'L', 0, '', '', '', '1', '', '2020-4-4');
INSERT INTO perKasus VALUES(1602, 32, 'L', 0, '', '', '', '1', '', '2020-4-4');
INSERT INTO perKasus VALUES(1605, 32, 'L', 0, '', '', '', '1', '', '2020-4-4');
INSERT INTO perKasus VALUES(1604, 32, 'L', 0, '', '', '', '1', '', '2020-4-4');
INSERT INTO perKasus VALUES(1600, 32, 'L', 0, '', '', '', '1', '', '2020-4-4');
INSERT INTO perKasus VALUES(1606, 32, 'L', 0, '', '', '', '1', '', '2020-4-4');
INSERT INTO perKasus VALUES(1607, 31, 'L', 0, '', '', '', '1', '', '2020-4-4');
INSERT INTO perKasus VALUES(1609, 31, 'L', 0, '', '', '', '1', '', '2020-4-4');
INSERT INTO perKasus VALUES(1608, 31, 'L', 0, '', '', '', '1', '', '2020-4-4');
INSERT INTO perKasus VALUES(1611, 31, 'L', 0, '', '', '', '1', '', '2020-4-4');
INSERT INTO perKasus VALUES(1601, 32, 'L', 0, '', '', '', '1', '', '2020-4-4');
INSERT INTO perKasus VALUES(1613, 32, 'L', 0, '', '', '', '1', '', '2020-4-4');
INSERT INTO perKasus VALUES(1615, 32, 'L', 0, '', '', '', '1', '', '2020-4-4');
INSERT INTO perKasus VALUES(1612, 32, 'L', 0, '', '', '', '1', '', '2020-4-4');
INSERT INTO perKasus VALUES(1614, 32, 'L', 0, '', '', '', '1', '', '2020-4-4');
INSERT INTO perKasus VALUES(1616, 36, 'L', 0, '', '', '', '1', '', '2020-4-4');
INSERT INTO perKasus VALUES(1618, 31, 'L', 0, '', '', '', '1', '', '2020-4-4');
INSERT INTO perKasus VALUES(1610, 31, 'L', 0, '', '', '', '1', '', '2020-4-4');
INSERT INTO perKasus VALUES(1620, 31, 'L', 0, '', '', '', '1', '', '2020-4-4');
INSERT INTO perKasus VALUES(1619, 31, 'L', 0, '', '', '', '1', '', '2020-4-4');
INSERT INTO perKasus VALUES(1621, 36, 'L', 0, '', '', '', '1', '', '2020-4-4');
INSERT INTO perKasus VALUES(1622, 36, 'L', 0, '', '', '', '1', '', '2020-4-4');
INSERT INTO perKasus VALUES(1623, 36, 'L', 0, '', '', '', '1', '', '2020-4-4');
INSERT INTO perKasus VALUES(1624, 31, 'L', 0, '', '', '', '1', '', '2020-4-4');
INSERT INTO perKasus VALUES(1625, 31, 'L', 0, '', '', '', '1', '', '2020-4-4');
INSERT INTO perKasus VALUES(1628, 31, 'L', 0, '', '', '', '1', '', '2020-4-4');
INSERT INTO perKasus VALUES(1627, 31, 'L', 0, '', '', '', '1', '', '2020-4-4');
INSERT INTO perKasus VALUES(1617, 31, 'L', 0, '', '', '', '1', '', '2020-4-4');
INSERT INTO perKasus VALUES(1629, 31, 'L', 0, '', '', '', '1', '', '2020-4-4');
INSERT INTO perKasus VALUES(1626, 31, 'L', 0, '', '', '', '1', '', '2020-4-4');
INSERT INTO perKasus VALUES(1631, 33, 'L', 60, '', '', '', '1', '', '2020-4-4');
INSERT INTO perKasus VALUES(1630, 31, 'L', 0, '', '', '', '1', '', '2020-4-4');
INSERT INTO perKasus VALUES(1633, 52, 'L', 51, '', '', '', '1', '', '2020-4-4');
INSERT INTO perKasus VALUES(1635, 52, 'L', 55, '', '', '', '1', '', '2020-4-4');
INSERT INTO perKasus VALUES(1637, 31, 'L', 28, '', '', '', '1', '', '2020-4-4');
INSERT INTO perKasus VALUES(1636, 33, 'L', 30, '', '', '', '1', '', '2020-4-4');
INSERT INTO perKasus VALUES(1634, 32, 'L', 64, '', '', '', '1', '', '2020-4-4');
INSERT INTO perKasus VALUES(1632, 33, 'L', 34, '', '', '', '1', '', '2020-4-4');
INSERT INTO perKasus VALUES(1638, 33, 'L', 38, '', '', '', '1', '', '2020-4-4');
INSERT INTO perKasus VALUES(1640, 33, 'L', 42, '', '', '', '1', '', '2020-4-4');
INSERT INTO perKasus VALUES(1642, 33, 'L', 72, '', '', '', '1', '', '2020-4-4');
INSERT INTO perKasus VALUES(1639, 33, 'L', 45, '', '', '', '1', '', '2020-4-4');
INSERT INTO perKasus VALUES(1641, 33, 'L', 32, '', '', '', '1', '', '2020-4-4');
INSERT INTO perKasus VALUES(1643, 33, 'L', 36, '', '', '', '1', '', '2020-4-4');
INSERT INTO perKasus VALUES(1645, 33, 'L', 40, '', '', '', '1', '', '2020-4-4');
INSERT INTO perKasus VALUES(1644, 33, 'L', 34, '', '', '', '1', '', '2020-4-4');
INSERT INTO perKasus VALUES(1648, 31, 'L', 31, '', '', '', '1', '', '2020-4-4');
INSERT INTO perKasus VALUES(1650, 12, 'L', 0, '', '', '', '1', '', '2020-4-4');
INSERT INTO perKasus VALUES(1646, 31, 'L', 61, '', '', '', '1', '', '2020-4-4');
INSERT INTO perKasus VALUES(1651, 12, 'L', 51, '', '', '', '1', '', '2020-4-4');
INSERT INTO perKasus VALUES(1652, 73, 'L', 38, '', '', '', '1', '', '2020-4-4');
INSERT INTO perKasus VALUES(1649, 31, 'L', 43, '', '', '', '1', '', '2020-4-4');
INSERT INTO perKasus VALUES(1654, 73, 'L', 50, '', '', '', '1', '', '2020-4-4');
INSERT INTO perKasus VALUES(1647, 31, 'L', 30, '', '', '', '1', '', '2020-4-4');
INSERT INTO perKasus VALUES(1655, 73, 'L', 47, '', '', '', '1', '', '2020-4-4');
INSERT INTO perKasus VALUES(1653, 73, 'L', 56, '', '', '', '1', '', '2020-4-4');
INSERT INTO perKasus VALUES(1659, 73, 'L', 43, '', '', '', '1', '', '2020-4-4');
INSERT INTO perKasus VALUES(1656, 73, 'P', 23, '', '', '', '1', '', '2020-4-4');
INSERT INTO perKasus VALUES(1658, 73, 'P', 34, '', '', '', '1', '', '2020-4-4');
INSERT INTO perKasus VALUES(1660, 73, 'P', 52, '', '', '', '1', '', '2020-4-4');
INSERT INTO perKasus VALUES(1661, 73, 'L', 56, '', '', '', '1', '', '2020-4-4');
INSERT INTO perKasus VALUES(1664, 73, 'P', 60, '', '', '', '1', '', '2020-4-4');
INSERT INTO perKasus VALUES(1662, 73, 'L', 52, '', '', '', '1', '', '2020-4-4');
INSERT INTO perKasus VALUES(1665, 73, 'L', 85, '', '', '', '1', '', '2020-4-4');
INSERT INTO perKasus VALUES(1666, 73, 'P', 0, '', '', '', '1', '', '2020-4-4');
INSERT INTO perKasus VALUES(1667, 35, 'L', 0, '', '', '', '1', '', '2020-4-4');
INSERT INTO perKasus VALUES(1668, 35, 'L', 50, '', '', '', '1', '', '2020-4-4');
INSERT INTO perKasus VALUES(1657, 73, 'L', 62, '', '', '', '1', '', '2020-4-4');
INSERT INTO perKasus VALUES(1670, 35, 'L', 46, '', '', '', '1', '', '2020-4-4');
INSERT INTO perKasus VALUES(1663, 73, 'P', 55, '', '', '', '1', '', '2020-4-4');
INSERT INTO perKasus VALUES(1671, 35, 'L', 52, '', '', '', '1', '', '2020-4-4');
INSERT INTO perKasus VALUES(1672, 35, 'L', 58, '', '', '', '1', '', '2020-4-4');
INSERT INTO perKasus VALUES(1669, 35, 'L', 48, '', '', '', '1', '', '2020-4-4');
INSERT INTO perKasus VALUES(1674, 35, 'L', 56, '', '', '', '1', '', '2020-4-4');
INSERT INTO perKasus VALUES(1675, 35, 'L', 46, '', '', '', '1', '', '2020-4-4');
INSERT INTO perKasus VALUES(1677, 35, 'L', 64, '', '', '', '1', '', '2020-4-4');
INSERT INTO perKasus VALUES(1676, 35, 'L', 56, '', '', '', '1', '', '2020-4-4');
INSERT INTO perKasus VALUES(1678, 31, 'P', 72, '', '', '', '1', '', '2020-4-5');
INSERT INTO perKasus VALUES(1680, 14, 'P', 58, '', '', '', '1', '', '2020-4-5');
INSERT INTO perKasus VALUES(1681, 14, 'P', 62, '', '', '', '1', '', '2020-4-5');
INSERT INTO perKasus VALUES(1673, 35, 'L', 58, '', '', '', '1', '', '2020-4-4');
INSERT INTO perKasus VALUES(1679, 14, 'L', 31, '', '', '', '1', '', '2020-4-5');
INSERT INTO perKasus VALUES(1684, 32, 'L', 0, '', '', '', '1', '', '2020-4-5');
INSERT INTO perKasus VALUES(1682, 14, 'P', 51, '', '', '', '1', '', '2020-4-5');
INSERT INTO perKasus VALUES(1686, 32, 'L', 0, '', '', '', '1', '', '2020-4-5');
INSERT INTO perKasus VALUES(1683, 32, 'L', 0, '', '', '', '1', '', '2020-4-5');
INSERT INTO perKasus VALUES(1687, 32, 'L', 0, '', '', '', '1', '', '2020-4-5');
INSERT INTO perKasus VALUES(1685, 32, 'L', 0, '', '', '', '1', '', '2020-4-5');
INSERT INTO perKasus VALUES(1690, 32, 'P', 15, '', '', '', '1', '', '2020-4-5');
INSERT INTO perKasus VALUES(1689, 32, 'P', 53, '', '', '', '1', '', '2020-4-5');
INSERT INTO perKasus VALUES(1692, 32, 'L', 66, '', '', '', '1', '', '2020-4-5');
INSERT INTO perKasus VALUES(1688, 32, 'L', 0, '', '', '', '1', '', '2020-4-5');
INSERT INTO perKasus VALUES(1691, 32, 'P', 75, '', '', '', '1', '', '2020-4-5');
INSERT INTO perKasus VALUES(1695, 36, 'P', 36, '', '', '', '1', '', '2020-4-5');
INSERT INTO perKasus VALUES(1693, 32, 'P', 0, '', '', '', '1', '', '2020-4-5');
INSERT INTO perKasus VALUES(1694, 31, 'L', 71, '', '', '', '1', '', '2020-4-5');
INSERT INTO perKasus VALUES(1696, 36, 'L', 52, '', '', '', '1', '', '2020-4-5');
INSERT INTO perKasus VALUES(1698, 36, 'P', 51, '', '', '', '1', '', '2020-4-5');
INSERT INTO perKasus VALUES(1701, 31, 'P', 44, '', '', '', '1', '', '2020-4-5');
INSERT INTO perKasus VALUES(1697, 36, 'P', 46, '', '', '', '1', '', '2020-4-5');
INSERT INTO perKasus VALUES(1699, 32, 'L', 61, '', '', '', '1', '', '2020-4-5');
INSERT INTO perKasus VALUES(1700, 31, 'L', 44, '', '', '', '1', '', '2020-4-5');
INSERT INTO perKasus VALUES(1703, 31, 'P', 52, '', '', '', '1', '', '2020-4-5');
INSERT INTO perKasus VALUES(1706, 32, 'P', 28, '', '', '', '1', '', '2020-4-5');
INSERT INTO perKasus VALUES(1707, 31, 'L', 49, '', '', '', '1', '', '2020-4-5');
INSERT INTO perKasus VALUES(1704, 31, 'L', 51, '', '', '', '1', '', '2020-4-5');
INSERT INTO perKasus VALUES(1708, 31, 'L', 36, '', '', '', '1', '', '2020-4-5');
INSERT INTO perKasus VALUES(1705, 31, 'L', 53, '', '', '', '1', '', '2020-4-5');
INSERT INTO perKasus VALUES(1709, 31, 'L', 58, '', '', '', '1', '', '2020-4-5');
INSERT INTO perKasus VALUES(1710, 31, 'P', 65, '', '', '', '1', '', '2020-4-5');
INSERT INTO perKasus VALUES(1711, 31, 'P', 61, '', '', '', '1', '', '2020-4-5');
INSERT INTO perKasus VALUES(1712, 31, 'L', 66, '', '', '', '1', '', '2020-4-5');
INSERT INTO perKasus VALUES(1713, 31, 'L', 48, '', '', '', '1', '', '2020-4-5');
INSERT INTO perKasus VALUES(1715, 32, 'P', 53, '', '', '', '1', '', '2020-4-5');
INSERT INTO perKasus VALUES(1716, 31, 'P', 60, '', '', '', '1', '', '2020-4-5');
INSERT INTO perKasus VALUES(1717, 32, 'L', 50, '', '', '', '1', '', '2020-4-5');
INSERT INTO perKasus VALUES(1719, 31, 'L', 33, '', '', '', '1', '', '2020-4-5');
INSERT INTO perKasus VALUES(1714, 31, 'P', 30, '', '', '', '1', '', '2020-4-5');
INSERT INTO perKasus VALUES(1718, 31, 'L', 73, '', '', '', '1', '', '2020-4-5');
INSERT INTO perKasus VALUES(1702, 31, 'L', 48, '', '', '', '1', '', '2020-4-5');
INSERT INTO perKasus VALUES(1721, 31, 'L', 0, '', '', '', '1', '', '2020-4-5');
INSERT INTO perKasus VALUES(1720, 31, 'P', 43, '', '', '', '1', '', '2020-4-5');
INSERT INTO perKasus VALUES(1724, 31, 'L', 0, '', '', '', '1', '', '2020-4-5');
INSERT INTO perKasus VALUES(1722, 31, 'L', 0, '', '', '', '1', '', '2020-4-5');
INSERT INTO perKasus VALUES(1723, 31, 'L', 0, '', '', '', '1', '', '2020-4-5');
INSERT INTO perKasus VALUES(1725, 31, 'L', 0, '', '', '', '1', '', '2020-4-5');
INSERT INTO perKasus VALUES(1726, 31, 'L', 0, '', '', '', '1', '', '2020-4-5');
INSERT INTO perKasus VALUES(1727, 31, 'L', 0, '', '', '', '1', '', '2020-4-5');
INSERT INTO perKasus VALUES(1728, 31, 'L', 0, '', '', '', '1', '', '2020-4-5');
INSERT INTO perKasus VALUES(1730, 31, 'L', 0, '', '', '', '1', '', '2020-4-5');
INSERT INTO perKasus VALUES(1729, 31, 'L', 0, '', '', '', '1', '', '2020-4-5');
INSERT INTO perKasus VALUES(1732, 31, 'L', 0, '', '', '', '1', '', '2020-4-5');
INSERT INTO perKasus VALUES(1731, 31, 'L', 0, '', '', '', '1', '', '2020-4-5');
INSERT INTO perKasus VALUES(1735, 31, 'L', 0, '', '', '', '1', '', '2020-4-5');
INSERT INTO perKasus VALUES(1733, 31, 'L', 0, '', '', '', '1', '', '2020-4-5');
INSERT INTO perKasus VALUES(1736, 31, 'L', 0, '', '', '', '1', '', '2020-4-5');
INSERT INTO perKasus VALUES(1739, 31, 'L', 0, '', '', '', '1', '', '2020-4-5');
INSERT INTO perKasus VALUES(1738, 31, 'L', 0, '', '', '', '1', '', '2020-4-5');
INSERT INTO perKasus VALUES(1734, 31, 'L', 0, '', '', '', '1', '', '2020-4-5');
INSERT INTO perKasus VALUES(1742, 31, 'L', 0, '', '', '', '1', '', '2020-4-5');
INSERT INTO perKasus VALUES(1740, 31, 'L', 0, '', '', '', '1', '', '2020-4-5');
INSERT INTO perKasus VALUES(1743, 31, 'L', 0, '', '', '', '1', '', '2020-4-5');
INSERT INTO perKasus VALUES(1744, 31, 'L', 54, '', '', '', '1', '', '2020-4-5');
INSERT INTO perKasus VALUES(1745, 31, 'L', 31, '', '', '', '1', '', '2020-4-5');
INSERT INTO perKasus VALUES(1741, 31, 'L', 0, '', '', '', '1', '', '2020-4-5');
INSERT INTO perKasus VALUES(1747, 31, 'P', 59, '', '', '', '1', '', '2020-4-5');
INSERT INTO perKasus VALUES(1746, 31, 'L', 70, '', '', '', '1', '', '2020-4-5');
INSERT INTO perKasus VALUES(1748, 31, 'P', 61, '', '', '', '1', '', '2020-4-5');
INSERT INTO perKasus VALUES(1750, 31, 'P', 69, '', '', '', '1', '', '2020-4-5');
INSERT INTO perKasus VALUES(1737, 31, 'L', 0, '', '', '', '1', '', '2020-4-5');
INSERT INTO perKasus VALUES(1752, 31, 'P', 37, '', '', '', '1', '', '2020-4-5');
INSERT INTO perKasus VALUES(1753, 31, 'L', 28, '', '', '', '1', '', '2020-4-5');
INSERT INTO perKasus VALUES(1749, 31, 'P', 49, '', '', '', '1', '', '2020-4-5');
INSERT INTO perKasus VALUES(1754, 31, 'L', 39, '', '', '', '1', '', '2020-4-5');
INSERT INTO perKasus VALUES(1755, 31, 'L', 50, '', '', '', '1', '', '2020-4-5');
INSERT INTO perKasus VALUES(1756, 31, 'P', 74, '', '', '', '1', '', '2020-4-5');
INSERT INTO perKasus VALUES(1751, 31, 'P', 66, '', '', '', '1', '', '2020-4-5');
INSERT INTO perKasus VALUES(1758, 31, 'L', 45, '', '', '', '1', '', '2020-4-5');
INSERT INTO perKasus VALUES(1757, 31, 'L', 46, '', '', '', '1', '', '2020-4-5');
INSERT INTO perKasus VALUES(1762, 31, 'P', 48, '', '', '', '1', '', '2020-4-5');
INSERT INTO perKasus VALUES(1761, 31, 'P', 15, '', '', '', '1', '', '2020-4-5');
INSERT INTO perKasus VALUES(1763, 31, 'L', 73, '', '', '', '1', '', '2020-4-5');
INSERT INTO perKasus VALUES(1760, 31, 'P', 29, '', '', '', '1', '', '2020-4-5');
INSERT INTO perKasus VALUES(1759, 31, 'P', 72, '', '', '', '1', '', '2020-4-5');
INSERT INTO perKasus VALUES(1766, 31, 'P', 53, '', '', '', '1', '', '2020-4-5');
INSERT INTO perKasus VALUES(1767, 31, 'L', 42, '', '', '', '1', '', '2020-4-5');
INSERT INTO perKasus VALUES(1768, 31, 'L', 35, '', '', '', '1', '', '2020-4-5');
INSERT INTO perKasus VALUES(1771, 31, 'L', 49, '', '', '', '1', '', '2020-4-5');
INSERT INTO perKasus VALUES(1769, 31, 'P', 38, '', '', '', '1', '', '2020-4-5');
INSERT INTO perKasus VALUES(1770, 31, 'L', 34, '', '', '', '1', '', '2020-4-5');
INSERT INTO perKasus VALUES(1772, 31, 'L', 39, '', '', '', '1', '', '2020-4-5');
INSERT INTO perKasus VALUES(1773, 31, 'P', 50, '', '', '', '1', '', '2020-4-5');
INSERT INTO perKasus VALUES(1774, 31, 'L', 48, '', '', '', '1', '', '2020-4-5');
INSERT INTO perKasus VALUES(1775, 31, 'L', 65, '', '', '', '1', '', '2020-4-5');
INSERT INTO perKasus VALUES(1765, 31, 'L', 24, '', '', '', '1', '', '2020-4-5');
INSERT INTO perKasus VALUES(1764, 31, 'L', 61, '', '', '', '1', '', '2020-4-5');
INSERT INTO perKasus VALUES(1776, 31, 'P', 57, '', '', '', '1', '', '2020-4-5');
INSERT INTO perKasus VALUES(1777, 31, 'P', 32, '', '', '', '1', '', '2020-4-5');
INSERT INTO perKasus VALUES(1778, 31, 'L', 60, '', '', '', '1', '', '2020-4-5');
INSERT INTO perKasus VALUES(1780, 31, 'P', 54, '', '', '', '1', '', '2020-4-5');
INSERT INTO perKasus VALUES(1781, 32, 'L', 56, '', '', '', '1', '', '2020-4-5');
INSERT INTO perKasus VALUES(1779, 31, 'L', 26, '', '', '', '1', '', '2020-4-5');
INSERT INTO perKasus VALUES(1783, 16, 'P', 20, '', '', '', '1', '', '2020-4-5');
INSERT INTO perKasus VALUES(1785, 16, 'P', 60, '', '', '', '1', '', '2020-4-5');
INSERT INTO perKasus VALUES(1782, 16, 'P', 37, '', '', '', '1', '', '2020-4-5');
INSERT INTO perKasus VALUES(1787, 16, 'P', 42, '', '', '', '1', '', '2020-4-5');
INSERT INTO perKasus VALUES(1784, 16, 'L', 44, '', '', '', '1', '', '2020-4-5');
INSERT INTO perKasus VALUES(1786, 16, 'L', 67, '', '', '', '1', '', '2020-4-5');
INSERT INTO perKasus VALUES(1788, 31, 'L', 0, '', '', '', '1', '', '2020-4-5');
INSERT INTO perKasus VALUES(1789, 31, 'L', 0, '', '', '', '1', '', '2020-4-5');
INSERT INTO perKasus VALUES(1790, 31, 'L', 0, '', '', '', '1', '', '2020-4-5');
INSERT INTO waktu VALUES(1, '2020', '3', '4');
INSERT INTO waktu VALUES(2, '2020', '3', '5');
INSERT INTO waktu VALUES(4, '2020', '3', '7');
INSERT INTO waktu VALUES(3, '2020', '3', '6');
INSERT INTO waktu VALUES(5, '2020', '3', '8');
INSERT INTO waktu VALUES(6, '2020', '3', '9');
INSERT INTO waktu VALUES(7, '2020', '3', '10');
INSERT INTO waktu VALUES(8, '2020', '3', '11');
INSERT INTO waktu VALUES(10, '2020', '3', '13');
INSERT INTO waktu VALUES(12, '2020', '3', '15');
INSERT INTO waktu VALUES(11, '2020', '3', '14');
INSERT INTO waktu VALUES(13, '2020', '3', '16');
INSERT INTO waktu VALUES(9, '2020', '3', '12');
INSERT INTO waktu VALUES(14, '2020', '3', '17');
INSERT INTO waktu VALUES(17, '2020', '3', '20');
INSERT INTO waktu VALUES(18, '2020', '3', '21');
INSERT INTO waktu VALUES(15, '2020', '3', '18');
INSERT INTO waktu VALUES(16, '2020', '3', '19');
INSERT INTO waktu VALUES(19, '2020', '3', '22');
INSERT INTO waktu VALUES(20, '2020', '3', '23');
INSERT INTO waktu VALUES(21, '2020', '3', '24');
INSERT INTO waktu VALUES(22, '2020', '3', '25');
INSERT INTO waktu VALUES(23, '2020', '3', '26');
INSERT INTO waktu VALUES(25, '2020', '3', '28');
INSERT INTO waktu VALUES(24, '2020', '3', '27');
INSERT INTO waktu VALUES(26, '2020', '3', '29');
INSERT INTO waktu VALUES(27, '2020', '3', '30');
INSERT INTO waktu VALUES(28, '2020', '3', '31');
INSERT INTO waktu VALUES(29, '2020', '4', '1');
INSERT INTO waktu VALUES(31, '2020', '4', '3');
INSERT INTO waktu VALUES(32, '2020', '4', '4');
INSERT INTO waktu VALUES(30, '2020', '4', '2');
INSERT INTO waktu VALUES(34, '2020', '4', '6');
INSERT INTO waktu VALUES(35, '2020', '4', '7');
INSERT INTO waktu VALUES(37, '2020', '4', '9');
INSERT INTO waktu VALUES(36, '2020', '4', '8');
INSERT INTO waktu VALUES(38, '2020', '4', '10');
INSERT INTO waktu VALUES(33, '2020', '4', '5');
INSERT INTO waktu VALUES(39, '2020', '4', '11');
INSERT INTO waktu VALUES(40, '2020', '4', '12');
INSERT INTO waktu VALUES(43, '2020', '4', '15');
INSERT INTO waktu VALUES(41, '2020', '4', '13');
INSERT INTO waktu VALUES(44, '2020', '4', '16');
INSERT INTO waktu VALUES(42, '2020', '4', '14');
INSERT INTO waktu VALUES(46, '2020', '4', '18');
INSERT INTO waktu VALUES(47, '2020', '4', '19');
INSERT INTO waktu VALUES(48, '2020', '4', '20');
INSERT INTO waktu VALUES(50, '2020', '4', '22');
INSERT INTO waktu VALUES(45, '2020', '4', '17');
INSERT INTO waktu VALUES(51, '2020', '4', '23');
INSERT INTO waktu VALUES(52, '2020', '4', '24');
INSERT INTO waktu VALUES(53, '2020', '4', '25');
INSERT INTO waktu VALUES(49, '2020', '4', '21');
INSERT INTO waktu VALUES(55, '2020', '4', '27');
INSERT INTO waktu VALUES(54, '2020', '4', '26');
INSERT INTO waktu VALUES(57, '2020', '4', '29');
INSERT INTO waktu VALUES(56, '2020', '4', '28');
INSERT INTO waktu VALUES(58, '2020', '4', '30');
INSERT INTO waktu VALUES(60, '2020', '5', '2');
INSERT INTO waktu VALUES(59, '2020', '5', '1');
INSERT INTO waktu VALUES(61, '2020', '5', '3');
INSERT INTO waktu VALUES(62, '2020', '5', '4');
INSERT INTO waktu VALUES(63, '2020', '5', '5');
INSERT INTO waktu VALUES(65, '2020', '5', '7');
INSERT INTO waktu VALUES(67, '2020', '5', '9');
INSERT INTO waktu VALUES(64, '2020', '5', '6');
INSERT INTO waktu VALUES(68, '2020', '5', '10');
INSERT INTO waktu VALUES(66, '2020', '5', '8');
INSERT INTO waktu VALUES(69, '2020', '5', '11');
INSERT INTO waktu VALUES(71, '2020', '5', '13');
INSERT INTO waktu VALUES(73, '2020', '5', '15');
INSERT INTO waktu VALUES(70, '2020', '5', '12');
INSERT INTO waktu VALUES(72, '2020', '5', '14');
INSERT INTO waktu VALUES(74, '2020', '5', '16');
INSERT INTO waktu VALUES(75, '2020', '5', '17');
INSERT INTO waktu VALUES(77, '2020', '5', '19');
INSERT INTO waktu VALUES(78, '2020', '5', '20');
INSERT INTO waktu VALUES(80, '2020', '5', '22');
INSERT INTO waktu VALUES(79, '2020', '5', '21');
INSERT INTO waktu VALUES(81, '2020', '5', '23');
INSERT INTO waktu VALUES(83, '2020', '5', '25');
INSERT INTO waktu VALUES(76, '2020', '5', '18');
INSERT INTO waktu VALUES(82, '2020', '5', '24');
INSERT INTO waktu VALUES(84, '2020', '5', '26');
INSERT INTO waktu VALUES(85, '2020', '5', '27');
INSERT INTO waktu VALUES(86, '2020', '5', '28');
INSERT INTO waktu VALUES(87, '2020', '5', '29');
INSERT INTO waktu VALUES(88, '2020', '5', '30');
INSERT INTO waktu VALUES(91, '2020', '6', '2');
INSERT INTO waktu VALUES(89, '2020', '5', '31');
INSERT INTO waktu VALUES(92, '2020', '6', '3');
INSERT INTO waktu VALUES(93, '2020', '6', '4');
INSERT INTO waktu VALUES(90, '2020', '6', '1');
INSERT INTO waktu VALUES(94, '2020', '6', '5');
INSERT INTO waktu VALUES(96, '2020', '6', '7');
INSERT INTO waktu VALUES(95, '2020', '6', '6');
INSERT INTO waktu VALUES(97, '2020', '6', '8');
INSERT INTO waktu VALUES(98, '2020', '6', '9');
INSERT INTO factTable VALUES(1, 28, 1, 11, 8, 110, 6663, 5249, 0, 0);
INSERT INTO factTable VALUES(2, 74, 2, 285, 33, 172, 132060, 115564, 34360, 262919);
INSERT INTO factTable VALUES(3, 55, 3, 65, 23, 187, 56974, 48092, 19648, 209040);
INSERT INTO factTable VALUES(4, 5, 4, 0, 0, 0, 454, 422, 0, 0);
INSERT INTO factTable VALUES(5, 70, 5, 183, 18, 32, 116358, 102093, 31994, 249105);
INSERT INTO factTable VALUES(6, 22, 6, 0, 6, 101, 3332, 2625, 0, 0);
INSERT INTO factTable VALUES(7, 50, 7, 95, 26, 254, 46173, 39038, 16763, 186330);
INSERT INTO factTable VALUES(8, 36, 8, 12, 12, 223, 14353, 11615, 0, 0);
INSERT INTO factTable VALUES(9, 97, 9, 591, 50, 31, 269146, 237960, 14197, 40370);
INSERT INTO factTable VALUES(10, 89, 10, 523, 53, -19, 216769, 190996, 12832, 47714);
INSERT INTO factTable VALUES(11, 54, 11, 40, 31, 325, 52541, 43934, 19084, 206911);
INSERT INTO factTable VALUES(13, 45, 13, 102, 27, 251, 34975, 29459, 11873, 169446);
INSERT INTO factTable VALUES(14, 93, 14, 471, 35, 178, 246433, 218200, 13285, 48153);
INSERT INTO factTable VALUES(16, 70, 16, 183, 18, 32, 116358, 102093, 31994, 249105);
INSERT INTO factTable VALUES(17, 56, 17, 44, 22, 148, 59409, 50313, 19987, 210199);
INSERT INTO factTable VALUES(18, 66, 18, 64, 35, 239, 96717, 83941, 28508, 243455);
INSERT INTO factTable VALUES(20, 70, 20, 183, 18, 32, 116358, 102093, 31994, 249105);
INSERT INTO factTable VALUES(19, 51, 19, 71, 19, 193, 47361, 39943, 17754, 193571);
INSERT INTO factTable VALUES(22, 70, 22, 183, 18, 32, 116358, 102093, 31994, 249105);
INSERT INTO factTable VALUES(15, 6, 15, 0, 0, 2, 483, 445, 0, 0);
INSERT INTO factTable VALUES(21, 23, 21, 1, 3, 100, 3822, 3032, 0, 0);
INSERT INTO factTable VALUES(23, 46, 23, 59, 24, 324, 37134, 31211, 12610, 173732);
INSERT INTO factTable VALUES(24, 78, 24, 143, 30, 313, 147799, 129303, 11891, 45300);
INSERT INTO factTable VALUES(27, 67, 27, 113, 13, 210, 103361, 90249, 29087, 244480);
INSERT INTO factTable VALUES(25, 91, 25, 329, 28, 110, 232113, 205173, 13120, 48358);
INSERT INTO factTable VALUES(26, 58, 26, 137, 11, 112, 67784, 58013, 21653, 221750);
INSERT INTO factTable VALUES(28, 32, 28, 22, 11, 163, 7986, 5715, 0, 0);
INSERT INTO factTable VALUES(29, 56, 29, 44, 22, 148, 59409, 50313, 19987, 210199);
INSERT INTO factTable VALUES(30, 12, 30, 6, 1, 20, 1205, 1109, 0, 0);
INSERT INTO factTable VALUES(31, 8, 31, 2, 0, 6, 694, 648, 0, 0);
INSERT INTO factTable VALUES(33, 98, 33, 406, 32, 409, 274430, 242397, 14010, 38791);
INSERT INTO factTable VALUES(34, 38, 34, 30, 40, 267, 17679, 14386, 0, 0);
INSERT INTO factTable VALUES(32, 2, 32, 0, 0, 0, 372, 356, 0, 0);
INSERT INTO factTable VALUES(36, 56, 36, 44, 22, 148, 59409, 50313, 19987, 210199);
INSERT INTO factTable VALUES(35, 11, 35, 0, 3, 32, 1005, 917, 0, 0);
INSERT INTO factTable VALUES(37, 56, 37, 44, 22, 148, 59409, 50313, 19987, 210199);
INSERT INTO factTable VALUES(39, 72, 39, 224, 21, 444, 123572, 108134, 33042, 256299);
INSERT INTO factTable VALUES(40, 30, 40, 22, 21, 106, 7193, 5516, 0, 0);
INSERT INTO factTable VALUES(41, 19, 41, 3, 6, 72, 2365, 1895, 0, 0);
INSERT INTO factTable VALUES(42, 82, 42, 192, 25, 732, 176035, 154290, 11495, 49958);
INSERT INTO factTable VALUES(43, 53, 43, 42, 42, 352, 50563, 42352, 18301, 197951);
INSERT INTO factTable VALUES(44, 13, 44, 0, 0, 21, 1293, 1167, 0, 0);
INSERT INTO factTable VALUES(45, 44, 45, 20, 10, 267, 33001, 27865, 11165, 165549);
INSERT INTO factTable VALUES(38, 15, 38, 1, 0, 37, 1372, 1178, 0, 0);
INSERT INTO factTable VALUES(46, 40, 46, 4, 21, 305, 19964, 16122, 0, 0);
INSERT INTO factTable VALUES(47, 72, 47, 224, 21, 444, 123572, 108134, 33042, 256299);
INSERT INTO factTable VALUES(49, 87, 49, 183, 23, 481, 201311, 176773, 13250, 48749);
INSERT INTO factTable VALUES(50, 85, 50, 235, 27, 153, 188302, 165137, 12022, 65748);
INSERT INTO factTable VALUES(48, 11, 48, 0, 3, 32, 1005, 917, 0, 0);
INSERT INTO factTable VALUES(52, 79, 52, 108, 21, 564, 154139, 134950, 11705, 44703);
INSERT INTO factTable VALUES(53, 1, 53, 0, 0, 0, 341, 337, 0, 0);
INSERT INTO factTable VALUES(51, 28, 51, 11, 8, 110, 6663, 5249, 0, 0);
INSERT INTO factTable VALUES(54, 77, 54, 195, 43, 258, 143035, 125025, 11422, 45047);
INSERT INTO factTable VALUES(55, 37, 55, 18, 19, 181, 16511, 13555, 0, 0);
INSERT INTO factTable VALUES(57, 52, 57, 47, 12, 298, 48647, 40872, 18283, 195948);
INSERT INTO factTable VALUES(58, 8, 58, 2, 0, 6, 694, 648, 0, 0);
INSERT INTO factTable VALUES(56, 10, 56, 0, 0, 0, 862, 811, 0, 0);
INSERT INTO factTable VALUES(59, 54, 59, 40, 31, 325, 52541, 43934, 19084, 206911);
INSERT INTO factTable VALUES(62, 46, 62, 59, 24, 324, 37134, 31211, 12610, 173732);
INSERT INTO factTable VALUES(63, 94, 63, 486, 23, 76, 251736, 222918, 13416, 47373);
INSERT INTO factTable VALUES(65, 48, 65, 55, 47, 225, 42219, 35644, 15646, 178883);
INSERT INTO factTable VALUES(61, 94, 61, 486, 23, 76, 251736, 222918, 13416, 47373);
INSERT INTO factTable VALUES(66, 10, 66, 0, 0, 0, 862, 811, 0, 0);
INSERT INTO factTable VALUES(67, 23, 67, 1, 3, 100, 3822, 3032, 0, 0);
INSERT INTO factTable VALUES(68, 45, 68, 102, 27, 251, 34975, 29459, 11873, 169446);
INSERT INTO factTable VALUES(69, 68, 69, 113, 16, 404, 108699, 95054, 29690, 246847);
INSERT INTO factTable VALUES(70, 23, 70, 1, 3, 100, 3822, 3032, 0, 0);
INSERT INTO factTable VALUES(71, 30, 71, 22, 21, 106, 7193, 5516, 0, 0);
INSERT INTO factTable VALUES(72, 90, 72, 293, 40, 367, 223624, 197151, 12913, 49936);
INSERT INTO factTable VALUES(73, 11, 73, 0, 3, 32, 1005, 917, 0, 0);
INSERT INTO factTable VALUES(74, 88, 74, 252, 24, 402, 205165, 179949, 12499, 49212);
INSERT INTO factTable VALUES(76, 47, 76, 24, 15, 286, 39422, 33174, 12979, 176344);
INSERT INTO factTable VALUES(64, 2, 64, 0, 0, 0, 372, 356, 0, 0);
INSERT INTO factTable VALUES(75, 61, 75, 74, 31, 187, 79868, 69025, 22545, 235035);
INSERT INTO factTable VALUES(77, 72, 77, 224, 21, 444, 123572, 108134, 33042, 256299);
INSERT INTO factTable VALUES(79, 5, 79, 0, 0, 0, 454, 422, 0, 0);
INSERT INTO factTable VALUES(78, 43, 78, 46, 60, 176, 31628, 26789, 10482, 139137);
INSERT INTO factTable VALUES(81, 81, 81, 219, 48, 367, 21743, 148173, 11028, 47150);
INSERT INTO factTable VALUES(83, 30, 83, 22, 21, 106, 7193, 5516, 0, 0);
INSERT INTO factTable VALUES(80, 35, 80, 28, 11, 179, 13186, 10695, 0, 0);
INSERT INTO factTable VALUES(82, 16, 82, 2, 14, 39, 1592, 1342, 0, 0);
INSERT INTO factTable VALUES(84, 35, 84, 28, 11, 179, 13186, 10695, 0, 0);
INSERT INTO factTable VALUES(86, 53, 86, 42, 42, 352, 50563, 42352, 18301, 197951);
INSERT INTO factTable VALUES(85, 95, 85, 551, 49, 103, 256810, 227289, 13592, 49320);
INSERT INTO factTable VALUES(87, 25, 87, 11, 9, 133, 5775, 4729, 0, 0);
INSERT INTO factTable VALUES(88, 63, 88, 78, 19, 298, 86061, 74474, 24020, 238178);
INSERT INTO factTable VALUES(89, 4, 89, 0, 0, 2, 450, 422, 0, 0);
INSERT INTO factTable VALUES(90, 63, 90, 78, 19, 298, 86061, 74474, 24020, 238178);
INSERT INTO factTable VALUES(92, 36, 92, 12, 12, 223, 14353, 11615, 0, 0);
INSERT INTO factTable VALUES(91, 56, 91, 44, 22, 148, 59409, 50313, 19987, 210199);
INSERT INTO factTable VALUES(93, 2, 93, 0, 0, 0, 372, 356, 0, 0);
INSERT INTO factTable VALUES(94, 17, 94, 4, 6, 72, 1898, 1570, 0, 0);
INSERT INTO factTable VALUES(96, 50, 96, 95, 26, 254, 46173, 39038, 16763, 186330);
INSERT INTO factTable VALUES(97, 84, 97, 240, 19, 220, 183192, 160442, 12342, 49361);
INSERT INTO factTable VALUES(95, 95, 95, 551, 49, 103, 256810, 227289, 13592, 49320);
INSERT INTO factTable VALUES(99, 60, 99, 69, 8, 356, 76538, 65987, 22123, 233120);
INSERT INTO factTable VALUES(100, 97, 100, 591, 50, 31, 269146, 237960, 14197, 40370);
INSERT INTO factTable VALUES(101, 36, 101, 12, 12, 223, 14353, 11615, 0, 0);
INSERT INTO factTable VALUES(102, 23, 102, 1, 3, 100, 3822, 3032, 0, 0);
INSERT INTO factTable VALUES(98, 19, 98, 3, 6, 72, 2365, 1895, 0, 0);
INSERT INTO factTable VALUES(103, 80, 103, 263, 36, 674, 160374, 140212, 11066, 50187);
INSERT INTO factTable VALUES(105, 57, 105, 103, 8, 304, 62544, 53033, 20428, 213644);
INSERT INTO factTable VALUES(107, 55, 107, 65, 23, 187, 56974, 48092, 19648, 209040);
INSERT INTO factTable VALUES(108, 96, 108, 464, 31, 498, 264740, 234226, 13347, 46571);
-- INSERT INTO factTable VALUES(106, 51, 106, 71, 19, 193, 47361, 39943, 17754, 193571);
INSERT INTO factTable VALUES(110, 13, 110, 0, 0, 21, 1293, 1167, 0, 0);
INSERT INTO factTable VALUES(111, 25, 111, 11, 9, 133, 5775, 4729, 0, 0);
INSERT INTO factTable VALUES(113, 15, 113, 1, 0, 37, 1372, 1178, 0, 0);
INSERT INTO factTable VALUES(109, 15, 109, 1, 0, 37, 1372, 1178, 0, 0);
INSERT INTO factTable VALUES(104, 54, 104, 40, 31, 325, 52541, 43934, 19084, 206911);
INSERT INTO factTable VALUES(112, 98, 112, 406, 32, 409, 274430, 242397, 14010, 38791);
INSERT INTO factTable VALUES(115, 75, 115, 108, 13, 408, 135726, 118701, 35069, 269449);
INSERT INTO factTable VALUES(116, 50, 116, 95, 26, 254, 46173, 39038, 16763, 186330);
INSERT INTO factTable VALUES(114, 64, 114, 243, 8, 233, 88924, 76853, 26408, 239226);
INSERT INTO factTable VALUES(119, 39, 119, 30, 26, 163, 19452, 15940, 0, 0);
INSERT INTO factTable VALUES(117, 9, 117, 0, 1, 6, 793, 744, 0, 0);
INSERT INTO factTable VALUES(120, 76, 120, 218, 59, 212, 140473, 122959, 35800, 270876);
INSERT INTO factTable VALUES(118, 88, 118, 252, 24, 402, 205165, 179949, 12499, 49212);
INSERT INTO factTable VALUES(123, 10, 123, 0, 0, 0, 862, 811, 0, 0);
INSERT INTO factTable VALUES(121, 51, 121, 71, 19, 193, 47361, 39943, 17754, 193571);
INSERT INTO factTable VALUES(124, 95, 124, 551, 49, 103, 256810, 227289, 13592, 49320);
INSERT INTO factTable VALUES(125, 51, 125, 71, 19, 193, 47361, 39943, 17754, 193571);
INSERT INTO factTable VALUES(122, 7, 122, 0, 0, 13, 543, 487, 0, 0);
INSERT INTO factTable VALUES(127, 75, 127, 108, 13, 408, 135726, 118701, 35069, 269449);
INSERT INTO factTable VALUES(126, 10, 126, 0, 0, 0, 862, 811, 0, 0);
INSERT INTO factTable VALUES(128, 52, 128, 47, 12, 298, 48647, 40872, 18283, 195948);
INSERT INTO factTable VALUES(130, 98, 130, 406, 32, 409, 274430, 242397, 14010, 38791);
INSERT INTO factTable VALUES(131, 80, 131, 263, 36, 674, 160374, 140212, 11066, 50187);
INSERT INTO factTable VALUES(129, 1, 129, 0, 0, 0, 341, 337, 0, 0);
INSERT INTO factTable VALUES(132, 13, 132, 0, 0, 21, 1293, 1167, 0, 0);
INSERT INTO factTable VALUES(134, 95, 134, 551, 49, 103, 256810, 227289, 13592, 49320);
INSERT INTO factTable VALUES(133, 8, 133, 2, 0, 6, 694, 648, 0, 0);
INSERT INTO factTable VALUES(135, 37, 135, 18, 19, 181, 16511, 13555, 0, 0);
INSERT INTO factTable VALUES(136, 10, 136, 0, 0, 0, 862, 811, 0, 0);
INSERT INTO factTable VALUES(137, 86, 137, 180, 55, 451, 195518, 171667, 12667, 49942);
INSERT INTO factTable VALUES(139, 70, 139, 183, 18, 32, 116358, 102093, 31994, 249105);
INSERT INTO factTable VALUES(138, 5, 138, 0, 0, 0, 454, 422, 0, 0);
INSERT INTO factTable VALUES(140, 71, 140, 182, 16, 286, 119728, 104979, 32147, 251861);
INSERT INTO factTable VALUES(142, 13, 142, 0, 0, 21, 1293, 1167, 0, 0);
INSERT INTO factTable VALUES(143, 50, 143, 95, 26, 254, 46173, 39038, 16763, 186330);
INSERT INTO factTable VALUES(141, 97, 141, 591, 50, 31, 269146, 237960, 14197, 40370);
INSERT INTO factTable VALUES(144, 83, 144, 153, 21, 352, 179964, 157593, 11389, 42551);
INSERT INTO factTable VALUES(146, 72, 146, 224, 21, 444, 123572, 108134, 33042, 256299);
INSERT INTO factTable VALUES(149, 45, 149, 102, 27, 251, 34975, 29459, 11873, 169446);
-- INSERT INTO factTable VALUES(147, 41, 147, 73, 46, 280, 27075, 22834, 0, 0);
INSERT INTO factTable VALUES(148, 93, 148, 471, 35, 178, 246433, 218200, 13285, 48153);
INSERT INTO factTable VALUES(150, 4, 150, 0, 0, 2, 450, 422, 0, 0);
INSERT INTO factTable VALUES(151, 77, 151, 195, 43, 258, 143035, 125025, 11422, 45047);
INSERT INTO factTable VALUES(153, 68, 153, 113, 16, 404, 108699, 95054, 29690, 246847);
INSERT INTO factTable VALUES(154, 94, 154, 486, 23, 76, 251736, 222918, 13416, 47373);
INSERT INTO factTable VALUES(145, 63, 145, 78, 19, 298, 86061, 74474, 24020, 238178);
INSERT INTO factTable VALUES(157, 19, 157, 3, 6, 72, 2365, 1895, 0, 0);
INSERT INTO factTable VALUES(152, 20, 152, 9, 10, 45, 2438, 1904, 0, 0);
INSERT INTO factTable VALUES(156, 91, 156, 329, 28, 110, 232113, 205173, 13120, 48358);
INSERT INTO factTable VALUES(159, 26, 159, 13, 15, 81, 6266, 5111, 0, 0);
INSERT INTO factTable VALUES(155, 61, 155, 74, 31, 187, 79868, 69025, 22545, 235035);
INSERT INTO factTable VALUES(158, 15, 158, 1, 0, 37, 1372, 1178, 0, 0);
INSERT INTO factTable VALUES(160, 85, 160, 235, 27, 153, 188302, 165137, 12022, 65748);
INSERT INTO factTable VALUES(161, 91, 161, 329, 28, 110, 232113, 205173, 13120, 48358);
INSERT INTO factTable VALUES(162, 79, 162, 108, 21, 564, 154139, 134950, 11705, 44703);
INSERT INTO factTable VALUES(163, 63, 163, 78, 19, 298, 86061, 74474, 24020, 238178);
INSERT INTO factTable VALUES(164, 51, 164, 71, 19, 193, 47361, 39943, 17754, 193571);
INSERT INTO factTable VALUES(165, 62, 165, 211, 14, 124, 83012, 71820, 23130, 236369);
INSERT INTO factTable VALUES(167, 6, 167, 0, 0, 2, 483, 445, 0, 0);
INSERT INTO factTable VALUES(166, 36, 166, 12, 12, 223, 14353, 11615, 0, 0);
INSERT INTO factTable VALUES(169, 58, 169, 137, 11, 112, 67784, 58013, 21653, 221750);
INSERT INTO factTable VALUES(170, 93, 170, 471, 35, 178, 246433, 218200, 13285, 48153);
INSERT INTO factTable VALUES(172, 74, 172, 285, 33, 172, 132060, 115564, 34360, 262919);
INSERT INTO factTable VALUES(168, 46, 168, 59, 24, 324, 37134, 31211, 12610, 173732);
INSERT INTO factTable VALUES(171, 58, 171, 137, 11, 112, 67784, 58013, 21653, 221750);
INSERT INTO factTable VALUES(174, 55, 174, 65, 23, 187, 56974, 48092, 19648, 209040);
INSERT INTO factTable VALUES(176, 9, 176, 0, 1, 6, 793, 744, 0, 0);
INSERT INTO factTable VALUES(177, 68, 177, 113, 16, 404, 108699, 95054, 29690, 246847);
INSERT INTO factTable VALUES(178, 30, 178, 22, 21, 106, 7193, 5516, 0, 0);
INSERT INTO factTable VALUES(175, 43, 175, 46, 60, 176, 31628, 26789, 10482, 139137);
INSERT INTO factTable VALUES(179, 93, 179, 471, 35, 178, 246433, 218200, 13285, 48153);
INSERT INTO factTable VALUES(182, 93, 182, 471, 35, 178, 246433, 218200, 13285, 48153);
INSERT INTO factTable VALUES(173, 70, 173, 183, 18, 32, 116358, 102093, 31994, 249105);
INSERT INTO factTable VALUES(181, 37, 181, 18, 19, 181, 16511, 13555, 0, 0);
INSERT INTO factTable VALUES(180, 42, 180, 21, 26, 269, 27953, 23396, 0, 0);
INSERT INTO factTable VALUES(187, 71, 187, 182, 16, 286, 119728, 104979, 32147, 251861);
INSERT INTO factTable VALUES(184, 17, 184, 4, 6, 72, 1898, 1570, 0, 0);
INSERT INTO factTable VALUES(183, 26, 183, 13, 15, 81, 6266, 5111, 0, 0);
INSERT INTO factTable VALUES(186, 68, 186, 113, 16, 404, 108699, 95054, 29690, 246847);
INSERT INTO factTable VALUES(188, 13, 188, 0, 0, 21, 1293, 1167, 0, 0);
INSERT INTO factTable VALUES(185, 86, 185, 180, 55, 451, 195518, 171667, 12667, 49942);
INSERT INTO factTable VALUES(191, 38, 191, 30, 40, 267, 17679, 14386, 0, 0);
INSERT INTO factTable VALUES(189, 36, 189, 12, 12, 223, 14353, 11615, 0, 0);
INSERT INTO factTable VALUES(190, 7, 190, 0, 0, 13, 543, 487, 0, 0);
INSERT INTO factTable VALUES(192, 26, 192, 13, 15, 81, 6266, 5111, 0, 0);
INSERT INTO factTable VALUES(194, 90, 194, 293, 40, 367, 223624, 197151, 12913, 49936);
INSERT INTO factTable VALUES(196, 57, 196, 103, 8, 304, 62544, 53033, 20428, 213644);
INSERT INTO factTable VALUES(195, 39, 195, 30, 26, 163, 19452, 15940, 0, 0);
INSERT INTO factTable VALUES(193, 61, 193, 74, 31, 187, 79868, 69025, 22545, 235035);
INSERT INTO factTable VALUES(197, 94, 197, 486, 23, 76, 251736, 222918, 13416, 47373);
INSERT INTO factTable VALUES(198, 48, 198, 55, 47, 225, 42219, 35644, 15646, 178883);
INSERT INTO factTable VALUES(200, 30, 200, 22, 21, 106, 7193, 5516, 0, 0);
INSERT INTO factTable VALUES(201, 71, 201, 182, 16, 286, 119728, 104979, 32147, 251861);
INSERT INTO factTable VALUES(199, 19, 199, 3, 6, 72, 2365, 1895, 0, 0);
INSERT INTO factTable VALUES(202, 51, 202, 71, 19, 193, 47361, 39943, 17754, 193571);
INSERT INTO factTable VALUES(205, 89, 205, 523, 53, -19, 216769, 190996, 12832, 47714);
INSERT INTO factTable VALUES(206, 28, 206, 11, 8, 110, 6663, 5249, 0, 0);
INSERT INTO factTable VALUES(203, 10, 203, 0, 0, 0, 862, 811, 0, 0);
INSERT INTO factTable VALUES(207, 60, 207, 69, 8, 356, 76538, 65987, 22123, 233120);
INSERT INTO factTable VALUES(208, 17, 208, 4, 6, 72, 1898, 1570, 0, 0);
INSERT INTO factTable VALUES(210, 48, 210, 55, 47, 225, 42219, 35644, 15646, 178883);
INSERT INTO factTable VALUES(204, 61, 204, 74, 31, 187, 79868, 69025, 22545, 235035);
INSERT INTO factTable VALUES(213, 71, 213, 182, 16, 286, 119728, 104979, 32147, 251861);
INSERT INTO factTable VALUES(209, 60, 209, 69, 8, 356, 76538, 65987, 22123, 233120);
INSERT INTO factTable VALUES(211, 66, 211, 64, 35, 239, 96717, 83941, 28508, 243455);
INSERT INTO factTable VALUES(212, 80, 212, 263, 36, 674, 160374, 140212, 11066, 50187);
INSERT INTO factTable VALUES(214, 64, 214, 243, 8, 233, 88924, 76853, 26408, 239226);
INSERT INTO factTable VALUES(216, 22, 216, 0, 6, 101, 3332, 2625, 0, 0);
INSERT INTO factTable VALUES(215, 27, 215, 5, 12, 113, 6534, 5249, 0, 0);
INSERT INTO factTable VALUES(218, 92, 218, 298, 22, 289, 237947, 210398, 13213, 48023);
INSERT INTO factTable VALUES(217, 98, 217, 406, 32, 409, 274430, 242397, 14010, 38791);
INSERT INTO factTable VALUES(219, 81, 219, 219, 48, 367, 21743, 148173, 11028, 47150);
INSERT INTO factTable VALUES(220, 25, 220, 11, 9, 133, 5775, 4729, 0, 0);
INSERT INTO factTable VALUES(221, 97, 221, 591, 50, 31, 269146, 237960, 14197, 40370);
INSERT INTO factTable VALUES(222, 94, 222, 486, 23, 76, 251736, 222918, 13416, 47373);
INSERT INTO factTable VALUES(225, 97, 225, 591, 50, 31, 269146, 237960, 14197, 40370);
INSERT INTO factTable VALUES(226, 86, 226, 180, 55, 451, 195518, 171667, 12667, 49942);
INSERT INTO factTable VALUES(228, 6, 228, 0, 0, 2, 483, 445, 0, 0);
INSERT INTO factTable VALUES(224, 15, 224, 1, 0, 37, 1372, 1178, 0, 0);
INSERT INTO factTable VALUES(229, 16, 229, 2, 14, 39, 1592, 1342, 0, 0);
INSERT INTO factTable VALUES(227, 17, 227, 4, 6, 72, 1898, 1570, 0, 0);
INSERT INTO factTable VALUES(230, 35, 230, 28, 11, 179, 13186, 10695, 0, 0);
INSERT INTO factTable VALUES(231, 1, 231, 0, 0, 0, 341, 337, 0, 0);
INSERT INTO factTable VALUES(232, 6, 232, 0, 0, 2, 483, 445, 0, 0);
INSERT INTO factTable VALUES(233, 77, 233, 195, 43, 258, 143035, 125025, 11422, 45047);
INSERT INTO factTable VALUES(235, 31, 235, 9, 13, 91, 7425, 5635, 0, 0);
INSERT INTO factTable VALUES(234, 33, 234, 16, 10, 80, 9712, 7620, 0, 0);
INSERT INTO factTable VALUES(236, 63, 236, 78, 19, 298, 86061, 74474, 24020, 238178);
INSERT INTO factTable VALUES(238, 79, 238, 108, 21, 564, 154139, 134950, 11705, 44703);
INSERT INTO factTable VALUES(240, 77, 240, 195, 43, 258, 143035, 125025, 11422, 45047);
INSERT INTO factTable VALUES(241, 92, 241, 298, 22, 289, 237947, 210398, 13213, 48023);
INSERT INTO factTable VALUES(223, 9, 223, 0, 1, 6, 793, 744, 0, 0);
INSERT INTO factTable VALUES(237, 45, 237, 102, 27, 251, 34975, 29459, 11873, 169446);
INSERT INTO factTable VALUES(239, 76, 239, 218, 59, 212, 140473, 122959, 35800, 270876);
INSERT INTO factTable VALUES(245, 87, 245, 183, 23, 481, 201311, 176773, 13250, 48749);
INSERT INTO factTable VALUES(244, 95, 244, 551, 49, 103, 256810, 227289, 13592, 49320);
INSERT INTO factTable VALUES(243, 74, 243, 285, 33, 172, 132060, 115564, 34360, 262919);
INSERT INTO factTable VALUES(246, 70, 246, 183, 18, 32, 116358, 102093, 31994, 249105);
INSERT INTO factTable VALUES(247, 96, 247, 464, 31, 498, 264740, 234226, 13347, 46571);
INSERT INTO factTable VALUES(248, 9, 248, 0, 1, 6, 793, 744, 0, 0);
INSERT INTO factTable VALUES(242, 6, 242, 0, 0, 2, 483, 445, 0, 0);
INSERT INTO factTable VALUES(249, 29, 249, 6, 14, 94, 6777, 5249, 0, 0);
INSERT INTO factTable VALUES(250, 50, 250, 95, 26, 254, 46173, 39038, 16763, 186330);
INSERT INTO factTable VALUES(253, 61, 253, 74, 31, 187, 79868, 69025, 22545, 235035);
INSERT INTO factTable VALUES(251, 78, 251, 143, 30, 313, 147799, 129303, 11891, 45300);
INSERT INTO factTable VALUES(252, 71, 252, 182, 16, 286, 119728, 104979, 32147, 251861);
INSERT INTO factTable VALUES(254, 51, 254, 71, 19, 193, 47361, 39943, 17754, 193571);
INSERT INTO factTable VALUES(257, 79, 257, 108, 21, 564, 154139, 134950, 11705, 44703);
INSERT INTO factTable VALUES(256, 15, 256, 1, 0, 37, 1372, 1178, 0, 0);
INSERT INTO factTable VALUES(259, 39, 259, 30, 26, 163, 19452, 15940, 0, 0);
INSERT INTO factTable VALUES(260, 81, 260, 219, 48, 367, 21743, 148173, 11028, 47150);
INSERT INTO factTable VALUES(262, 50, 262, 95, 26, 254, 46173, 39038, 16763, 186330);
INSERT INTO factTable VALUES(261, 94, 261, 486, 23, 76, 251736, 222918, 13416, 47373);
INSERT INTO factTable VALUES(258, 67, 258, 113, 13, 210, 103361, 90249, 29087, 244480);
INSERT INTO factTable VALUES(255, 61, 255, 74, 31, 187, 79868, 69025, 22545, 235035);
INSERT INTO factTable VALUES(265, 75, 265, 108, 13, 408, 135726, 118701, 35069, 269449);
INSERT INTO factTable VALUES(266, 19, 266, 3, 6, 72, 2365, 1895, 0, 0);
INSERT INTO factTable VALUES(267, 38, 267, 30, 40, 267, 17679, 14386, 0, 0);
INSERT INTO factTable VALUES(268, 95, 268, 551, 49, 103, 256810, 227289, 13592, 49320);
INSERT INTO factTable VALUES(269, 70, 269, 183, 18, 32, 116358, 102093, 31994, 249105);
INSERT INTO factTable VALUES(270, 56, 270, 44, 22, 148, 59409, 50313, 19987, 210199);
INSERT INTO factTable VALUES(271, 10, 271, 0, 0, 0, 862, 811, 0, 0);
INSERT INTO factTable VALUES(273, 36, 273, 12, 12, 223, 14353, 11615, 0, 0);
INSERT INTO factTable VALUES(264, 93, 264, 471, 35, 178, 246433, 218200, 13285, 48153);
INSERT INTO factTable VALUES(274, 47, 274, 24, 15, 286, 39422, 33174, 12979, 176344);
INSERT INTO factTable VALUES(263, 21, 263, 1, 1, 63, 2756, 2177, 0, 0);
INSERT INTO factTable VALUES(275, 64, 275, 243, 8, 233, 88924, 76853, 26408, 239226);
INSERT INTO factTable VALUES(276, 45, 276, 102, 27, 251, 34975, 29459, 11873, 169446);
INSERT INTO factTable VALUES(277, 96, 277, 464, 31, 498, 264740, 234226, 13347, 46571);
INSERT INTO factTable VALUES(281, 56, 281, 44, 22, 148, 59409, 50313, 19987, 210199);
INSERT INTO factTable VALUES(278, 59, 278, 131, 8, 208, 72531, 60233, 21827, 230411);
INSERT INTO factTable VALUES(279, 68, 279, 113, 16, 404, 108699, 95054, 29690, 246847);
INSERT INTO factTable VALUES(272, 39, 272, 30, 26, 163, 19452, 15940, 0, 0);
INSERT INTO factTable VALUES(282, 95, 282, 551, 49, 103, 256810, 227289, 13592, 49320);
INSERT INTO factTable VALUES(283, 92, 283, 298, 22, 289, 237947, 210398, 13213, 48023);
INSERT INTO factTable VALUES(280, 42, 280, 21, 26, 269, 27953, 23396, 0, 0);
INSERT INTO factTable VALUES(284, 78, 284, 143, 30, 313, 147799, 129303, 11891, 45300);
INSERT INTO factTable VALUES(286, 59, 286, 131, 8, 208, 72531, 60233, 21827, 230411);
INSERT INTO factTable VALUES(287, 71, 287, 182, 16, 286, 119728, 104979, 32147, 251861);
INSERT INTO factTable VALUES(289, 18, 289, 2, 7, 51, 2028, 1643, 0, 0);
INSERT INTO factTable VALUES(291, 6, 291, 0, 0, 2, 483, 445, 0, 0);
INSERT INTO factTable VALUES(290, 21, 290, 1, 1, 63, 2756, 2177, 0, 0);
INSERT INTO factTable VALUES(292, 81, 292, 219, 48, 367, 21743, 148173, 11028, 47150);
INSERT INTO factTable VALUES(293, 48, 293, 55, 47, 225, 42219, 35644, 15646, 178883);
INSERT INTO factTable VALUES(295, 64, 295, 243, 8, 233, 88924, 76853, 26408, 239226);
INSERT INTO factTable VALUES(285, 39, 285, 30, 26, 163, 19452, 15940, 0, 0);
INSERT INTO factTable VALUES(294, 64, 294, 243, 8, 233, 88924, 76853, 26408, 239226);
INSERT INTO factTable VALUES(297, 32, 297, 22, 11, 163, 7986, 5715, 0, 0);
INSERT INTO factTable VALUES(296, 64, 296, 243, 8, 233, 88924, 76853, 26408, 239226);
INSERT INTO factTable VALUES(298, 98, 298, 406, 32, 409, 274430, 242397, 14010, 38791);
INSERT INTO factTable VALUES(299, 25, 299, 11, 9, 133, 5775, 4729, 0, 0);
INSERT INTO factTable VALUES(300, 87, 300, 183, 23, 481, 201311, 176773, 13250, 48749);
INSERT INTO factTable VALUES(302, 92, 302, 298, 22, 289, 237947, 210398, 13213, 48023);
INSERT INTO factTable VALUES(288, 8, 288, 2, 0, 6, 694, 648, 0, 0);
INSERT INTO factTable VALUES(301, 35, 301, 28, 11, 179, 13186, 10695, 0, 0);
INSERT INTO factTable VALUES(304, 78, 304, 143, 30, 313, 147799, 129303, 11891, 45300);
INSERT INTO factTable VALUES(306, 54, 306, 40, 31, 325, 52541, 43934, 19084, 206911);
INSERT INTO factTable VALUES(305, 20, 305, 9, 10, 45, 2438, 1904, 0, 0);
INSERT INTO factTable VALUES(307, 19, 307, 3, 6, 72, 2365, 1895, 0, 0);
INSERT INTO factTable VALUES(308, 5, 308, 0, 0, 0, 454, 422, 0, 0);
INSERT INTO factTable VALUES(303, 33, 303, 16, 10, 80, 9712, 7620, 0, 0);
INSERT INTO factTable VALUES(310, 90, 310, 293, 40, 367, 223624, 197151, 12913, 49936);
INSERT INTO factTable VALUES(312, 43, 312, 46, 60, 176, 31628, 26789, 10482, 139137);
INSERT INTO factTable VALUES(311, 26, 311, 13, 15, 81, 6266, 5111, 0, 0);
INSERT INTO factTable VALUES(309, 52, 309, 47, 12, 298, 48647, 40872, 18283, 195948);
INSERT INTO factTable VALUES(314, 14, 314, 0, 0, 17, 1230, 1083, 0, 0);
INSERT INTO factTable VALUES(313, 28, 313, 11, 8, 110, 6663, 5249, 0, 0);
INSERT INTO factTable VALUES(317, 47, 317, 24, 15, 286, 39422, 33174, 12979, 176344);
INSERT INTO factTable VALUES(318, 84, 318, 240, 19, 220, 183192, 160442, 12342, 49361);
INSERT INTO factTable VALUES(319, 27, 319, 5, 12, 113, 6534, 5249, 0, 0);
INSERT INTO factTable VALUES(321, 93, 321, 471, 35, 178, 246433, 218200, 13285, 48153);
INSERT INTO factTable VALUES(320, 42, 320, 21, 26, 269, 27953, 23396, 0, 0);
INSERT INTO factTable VALUES(315, 9, 315, 0, 1, 6, 793, 744, 0, 0);
INSERT INTO factTable VALUES(316, 93, 316, 471, 35, 178, 246433, 218200, 13285, 48153);
INSERT INTO factTable VALUES(322, 77, 322, 195, 43, 258, 143035, 125025, 11422, 45047);
INSERT INTO factTable VALUES(325, 63, 325, 78, 19, 298, 86061, 74474, 24020, 238178);
INSERT INTO factTable VALUES(326, 86, 326, 180, 55, 451, 195518, 171667, 12667, 49942);
INSERT INTO factTable VALUES(327, 78, 327, 143, 30, 313, 147799, 129303, 11891, 45300);
INSERT INTO factTable VALUES(328, 52, 328, 47, 12, 298, 48647, 40872, 18283, 195948);
INSERT INTO factTable VALUES(329, 27, 329, 5, 12, 113, 6534, 5249, 0, 0);
INSERT INTO factTable VALUES(324, 5, 324, 0, 0, 0, 454, 422, 0, 0);
INSERT INTO factTable VALUES(323, 10, 323, 0, 0, 0, 862, 811, 0, 0);
INSERT INTO factTable VALUES(331, 86, 331, 180, 55, 451, 195518, 171667, 12667, 49942);
INSERT INTO factTable VALUES(333, 79, 333, 108, 21, 564, 154139, 134950, 11705, 44703);
INSERT INTO factTable VALUES(335, 12, 335, 6, 1, 20, 1205, 1109, 0, 0);
INSERT INTO factTable VALUES(332, 66, 332, 64, 35, 239, 96717, 83941, 28508, 243455);
INSERT INTO factTable VALUES(334, 1, 334, 0, 0, 0, 341, 337, 0, 0);
INSERT INTO factTable VALUES(336, 43, 336, 46, 60, 176, 31628, 26789, 10482, 139137);
INSERT INTO factTable VALUES(337, 87, 337, 183, 23, 481, 201311, 176773, 13250, 48749);
INSERT INTO factTable VALUES(340, 57, 340, 103, 8, 304, 62544, 53033, 20428, 213644);
INSERT INTO factTable VALUES(339, 36, 339, 12, 12, 223, 14353, 11615, 0, 0);
INSERT INTO factTable VALUES(342, 12, 342, 6, 1, 20, 1205, 1109, 0, 0);
INSERT INTO factTable VALUES(341, 74, 341, 285, 33, 172, 132060, 115564, 34360, 262919);
INSERT INTO factTable VALUES(343, 42, 343, 21, 26, 269, 27953, 23396, 0, 0);
INSERT INTO factTable VALUES(344, 80, 344, 263, 36, 674, 160374, 140212, 11066, 50187);
INSERT INTO factTable VALUES(345, 86, 345, 180, 55, 451, 195518, 171667, 12667, 49942);
INSERT INTO factTable VALUES(346, 9, 346, 0, 1, 6, 793, 744, 0, 0);
INSERT INTO factTable VALUES(330, 24, 330, 4, 20, 79, 4336, 3443, 0, 0);
INSERT INTO factTable VALUES(348, 71, 348, 182, 16, 286, 119728, 104979, 32147, 251861);
INSERT INTO factTable VALUES(349, 11, 349, 0, 3, 32, 1005, 917, 0, 0);
INSERT INTO factTable VALUES(350, 3, 350, 0, 0, 0, 388, 371, 0, 0);
INSERT INTO factTable VALUES(351, 92, 351, 298, 22, 289, 237947, 210398, 13213, 48023);
INSERT INTO factTable VALUES(352, 65, 352, 120, 23, 224, 92976, 80538, 26932, 240726);
INSERT INTO factTable VALUES(353, 90, 353, 293, 40, 367, 223624, 197151, 12913, 49936);
INSERT INTO factTable VALUES(354, 68, 354, 113, 16, 404, 108699, 95054, 29690, 246847);
INSERT INTO factTable VALUES(355, 79, 355, 108, 21, 564, 154139, 134950, 11705, 44703);
INSERT INTO factTable VALUES(338, 43, 338, 46, 60, 176, 31628, 26789, 10482, 139137);
INSERT INTO factTable VALUES(356, 94, 356, 486, 23, 76, 251736, 222918, 13416, 47373);
INSERT INTO factTable VALUES(357, 60, 357, 69, 8, 356, 76538, 65987, 22123, 233120);
INSERT INTO factTable VALUES(358, 65, 358, 120, 23, 224, 92976, 80538, 26932, 240726);
INSERT INTO factTable VALUES(347, 17, 347, 4, 6, 72, 1898, 1570, 0, 0);
INSERT INTO factTable VALUES(359, 28, 359, 11, 8, 110, 6663, 5249, 0, 0);
INSERT INTO factTable VALUES(361, 27, 361, 5, 12, 113, 6534, 5249, 0, 0);
INSERT INTO factTable VALUES(362, 90, 362, 293, 40, 367, 223624, 197151, 12913, 49936);
INSERT INTO factTable VALUES(363, 67, 363, 113, 13, 210, 103361, 90249, 29087, 244480);
INSERT INTO factTable VALUES(364, 14, 364, 0, 0, 17, 1230, 1083, 0, 0);
INSERT INTO factTable VALUES(360, 25, 360, 11, 9, 133, 5775, 4729, 0, 0);
INSERT INTO factTable VALUES(366, 43, 366, 46, 60, 176, 31628, 26789, 10482, 139137);
INSERT INTO factTable VALUES(367, 2, 367, 0, 0, 0, 372, 356, 0, 0);
INSERT INTO factTable VALUES(365, 23, 365, 1, 3, 100, 3822, 3032, 0, 0);
INSERT INTO factTable VALUES(368, 40, 368, 4, 21, 305, 19964, 16122, 0, 0);
INSERT INTO factTable VALUES(369, 75, 369, 108, 13, 408, 135726, 118701, 35069, 269449);
INSERT INTO factTable VALUES(372, 35, 372, 28, 11, 179, 13186, 10695, 0, 0);
INSERT INTO factTable VALUES(371, 65, 371, 120, 23, 224, 92976, 80538, 26932, 240726);
INSERT INTO factTable VALUES(370, 78, 370, 143, 30, 313, 147799, 129303, 11891, 45300);
INSERT INTO factTable VALUES(375, 74, 375, 285, 33, 172, 132060, 115564, 34360, 262919);
INSERT INTO factTable VALUES(373, 32, 373, 22, 11, 163, 7986, 5715, 0, 0);
INSERT INTO factTable VALUES(374, 50, 374, 95, 26, 254, 46173, 39038, 16763, 186330);
INSERT INTO factTable VALUES(376, 71, 376, 182, 16, 286, 119728, 104979, 32147, 251861);
INSERT INTO factTable VALUES(378, 77, 378, 195, 43, 258, 143035, 125025, 11422, 45047);
INSERT INTO factTable VALUES(379, 41, 379, 73, 46, 280, 27075, 22834, 0, 0);
INSERT INTO factTable VALUES(377, 66, 377, 64, 35, 239, 96717, 83941, 28508, 243455);
INSERT INTO factTable VALUES(380, 68, 380, 113, 16, 404, 108699, 95054, 29690, 246847);
INSERT INTO factTable VALUES(381, 41, 381, 73, 46, 280, 27075, 22834, 0, 0);
INSERT INTO factTable VALUES(383, 54, 383, 40, 31, 325, 52541, 43934, 19084, 206911);
INSERT INTO factTable VALUES(382, 27, 382, 5, 12, 113, 6534, 5249, 0, 0);
INSERT INTO factTable VALUES(384, 80, 384, 263, 36, 674, 160374, 140212, 11066, 50187);
INSERT INTO factTable VALUES(385, 74, 385, 285, 33, 172, 132060, 115564, 34360, 262919);
INSERT INTO factTable VALUES(388, 55, 388, 65, 23, 187, 56974, 48092, 19648, 209040);
INSERT INTO factTable VALUES(387, 61, 387, 74, 31, 187, 79868, 69025, 22545, 235035);
INSERT INTO factTable VALUES(390, 11, 390, 0, 3, 32, 1005, 917, 0, 0);
INSERT INTO factTable VALUES(391, 24, 391, 4, 20, 79, 4336, 3443, 0, 0);
INSERT INTO factTable VALUES(392, 37, 392, 18, 19, 181, 16511, 13555, 0, 0);
INSERT INTO factTable VALUES(386, 12, 386, 6, 1, 20, 1205, 1109, 0, 0);
INSERT INTO factTable VALUES(394, 32, 394, 22, 11, 163, 7986, 5715, 0, 0);
INSERT INTO factTable VALUES(393, 68, 393, 113, 16, 404, 108699, 95054, 29690, 246847);
INSERT INTO factTable VALUES(396, 92, 396, 298, 22, 289, 237947, 210398, 13213, 48023);
INSERT INTO factTable VALUES(397, 93, 397, 471, 35, 178, 246433, 218200, 13285, 48153);
INSERT INTO factTable VALUES(398, 70, 398, 183, 18, 32, 116358, 102093, 31994, 249105);
INSERT INTO factTable VALUES(400, 92, 400, 298, 22, 289, 237947, 210398, 13213, 48023);
INSERT INTO factTable VALUES(389, 15, 389, 1, 0, 37, 1372, 1178, 0, 0);
INSERT INTO factTable VALUES(395, 38, 395, 30, 40, 267, 17679, 14386, 0, 0);
INSERT INTO factTable VALUES(401, 65, 401, 120, 23, 224, 92976, 80538, 26932, 240726);
INSERT INTO factTable VALUES(399, 5, 399, 0, 0, 0, 454, 422, 0, 0);
INSERT INTO factTable VALUES(402, 38, 402, 30, 40, 267, 17679, 14386, 0, 0);
INSERT INTO factTable VALUES(403, 94, 403, 486, 23, 76, 251736, 222918, 13416, 47373);
INSERT INTO factTable VALUES(406, 1, 406, 0, 0, 0, 341, 337, 0, 0);
INSERT INTO factTable VALUES(405, 69, 405, 91, 14, 282, 113452, 99420, 30317, 248690);
INSERT INTO factTable VALUES(407, 9, 407, 0, 1, 6, 793, 744, 0, 0);
INSERT INTO factTable VALUES(408, 12, 408, 6, 1, 20, 1205, 1109, 0, 0);
INSERT INTO factTable VALUES(410, 36, 410, 12, 12, 223, 14353, 11615, 0, 0);
INSERT INTO factTable VALUES(411, 48, 411, 55, 47, 225, 42219, 35644, 15646, 178883);
INSERT INTO factTable VALUES(404, 3, 404, 0, 0, 0, 388, 371, 0, 0);
INSERT INTO factTable VALUES(409, 60, 409, 69, 8, 356, 76538, 65987, 22123, 233120);
INSERT INTO factTable VALUES(413, 93, 413, 471, 35, 178, 246433, 218200, 13285, 48153);
INSERT INTO factTable VALUES(414, 27, 414, 5, 12, 113, 6534, 5249, 0, 0);
INSERT INTO factTable VALUES(412, 81, 412, 219, 48, 367, 21743, 148173, 11028, 47150);
INSERT INTO factTable VALUES(416, 67, 416, 113, 13, 210, 103361, 90249, 29087, 244480);
INSERT INTO factTable VALUES(415, 13, 415, 0, 0, 21, 1293, 1167, 0, 0);
INSERT INTO factTable VALUES(417, 70, 417, 183, 18, 32, 116358, 102093, 31994, 249105);
INSERT INTO factTable VALUES(420, 55, 420, 65, 23, 187, 56974, 48092, 19648, 209040);
INSERT INTO factTable VALUES(418, 55, 418, 65, 23, 187, 56974, 48092, 19648, 209040);
INSERT INTO factTable VALUES(421, 96, 421, 464, 31, 498, 264740, 234226, 13347, 46571);
INSERT INTO factTable VALUES(419, 32, 419, 22, 11, 163, 7986, 5715, 0, 0);
INSERT INTO factTable VALUES(423, 79, 423, 108, 21, 564, 154139, 134950, 11705, 44703);
INSERT INTO factTable VALUES(425, 69, 425, 91, 14, 282, 113452, 99420, 30317, 248690);
INSERT INTO factTable VALUES(426, 39, 426, 30, 26, 163, 19452, 15940, 0, 0);
INSERT INTO factTable VALUES(428, 88, 428, 252, 24, 402, 205165, 179949, 12499, 49212);
INSERT INTO factTable VALUES(427, 6, 427, 0, 0, 2, 483, 445, 0, 0);
INSERT INTO factTable VALUES(422, 84, 422, 240, 19, 220, 183192, 160442, 12342, 49361);
INSERT INTO factTable VALUES(430, 66, 430, 64, 35, 239, 96717, 83941, 28508, 243455);
INSERT INTO factTable VALUES(424, 47, 424, 24, 15, 286, 39422, 33174, 12979, 176344);
-- INSERT INTO factTable VALUES(431, 69, 431, 91, 14, 282, 113452, 99420, 30317, 248690);
INSERT INTO factTable VALUES(429, 44, 429, 20, 10, 267, 33001, 27865, 11165, 165549);
INSERT INTO factTable VALUES(432, 46, 432, 59, 24, 324, 37134, 31211, 12610, 173732);
INSERT INTO factTable VALUES(434, 70, 434, 183, 18, 32, 116358, 102093, 31994, 249105);
INSERT INTO factTable VALUES(436, 39, 436, 30, 26, 163, 19452, 15940, 0, 0);
INSERT INTO factTable VALUES(437, 7, 437, 0, 0, 13, 543, 487, 0, 0);
INSERT INTO factTable VALUES(435, 18, 435, 2, 7, 51, 2028, 1643, 0, 0);
INSERT INTO factTable VALUES(439, 21, 439, 1, 1, 63, 2756, 2177, 0, 0);
INSERT INTO factTable VALUES(438, 2, 438, 0, 0, 0, 372, 356, 0, 0);
INSERT INTO factTable VALUES(440, 66, 440, 64, 35, 239, 96717, 83941, 28508, 243455);
INSERT INTO factTable VALUES(433, 62, 433, 211, 14, 124, 83012, 71820, 23130, 236369);
INSERT INTO factTable VALUES(443, 4, 443, 0, 0, 2, 450, 422, 0, 0);
INSERT INTO factTable VALUES(442, 47, 442, 24, 15, 286, 39422, 33174, 12979, 176344);
INSERT INTO factTable VALUES(445, 82, 445, 192, 25, 732, 176035, 154290, 11495, 49958);
INSERT INTO factTable VALUES(446, 25, 446, 11, 9, 133, 5775, 4729, 0, 0);
INSERT INTO factTable VALUES(444, 48, 444, 55, 47, 225, 42219, 35644, 15646, 178883);
INSERT INTO factTable VALUES(448, 86, 448, 180, 55, 451, 195518, 171667, 12667, 49942);
INSERT INTO factTable VALUES(447, 92, 447, 298, 22, 289, 237947, 210398, 13213, 48023);
INSERT INTO factTable VALUES(450, 93, 450, 471, 35, 178, 246433, 218200, 13285, 48153);
INSERT INTO factTable VALUES(441, 16, 441, 2, 14, 39, 1592, 1342, 0, 0);
INSERT INTO factTable VALUES(451, 51, 451, 71, 19, 193, 47361, 39943, 17754, 193571);
INSERT INTO factTable VALUES(449, 73, 449, 231, 15, 322, 127813, 111807, 33672, 258639);
INSERT INTO factTable VALUES(452, 61, 452, 74, 31, 187, 79868, 69025, 22545, 235035);
INSERT INTO factTable VALUES(454, 83, 454, 153, 21, 352, 179964, 157593, 11389, 42551);
INSERT INTO factTable VALUES(456, 90, 456, 293, 40, 367, 223624, 197151, 12913, 49936);
INSERT INTO factTable VALUES(455, 68, 455, 113, 16, 404, 108699, 95054, 29690, 246847);
INSERT INTO factTable VALUES(457, 80, 457, 263, 36, 674, 160374, 140212, 11066, 50187);
INSERT INTO factTable VALUES(458, 22, 458, 0, 6, 101, 3332, 2625, 0, 0);
INSERT INTO factTable VALUES(460, 83, 460, 153, 21, 352, 179964, 157593, 11389, 42551);
INSERT INTO factTable VALUES(462, 23, 462, 1, 3, 100, 3822, 3032, 0, 0);
INSERT INTO factTable VALUES(461, 43, 461, 46, 60, 176, 31628, 26789, 10482, 139137);
INSERT INTO factTable VALUES(463, 3, 463, 0, 0, 0, 388, 371, 0, 0);
INSERT INTO factTable VALUES(464, 86, 464, 180, 55, 451, 195518, 171667, 12667, 49942);
INSERT INTO factTable VALUES(453, 3, 453, 0, 0, 0, 388, 371, 0, 0);
INSERT INTO factTable VALUES(465, 48, 465, 55, 47, 225, 42219, 35644, 15646, 178883);
INSERT INTO factTable VALUES(467, 78, 467, 143, 30, 313, 147799, 129303, 11891, 45300);
INSERT INTO factTable VALUES(466, 22, 466, 0, 6, 101, 3332, 2625, 0, 0);
INSERT INTO factTable VALUES(468, 81, 468, 219, 48, 367, 21743, 148173, 11028, 47150);
INSERT INTO factTable VALUES(459, 14, 459, 0, 0, 17, 1230, 1083, 0, 0);
INSERT INTO factTable VALUES(469, 96, 469, 464, 31, 498, 264740, 234226, 13347, 46571);
INSERT INTO factTable VALUES(470, 35, 470, 28, 11, 179, 13186, 10695, 0, 0);
INSERT INTO factTable VALUES(472, 9, 472, 0, 1, 6, 793, 744, 0, 0);
INSERT INTO factTable VALUES(473, 8, 473, 2, 0, 6, 694, 648, 0, 0);
INSERT INTO factTable VALUES(474, 13, 474, 0, 0, 21, 1293, 1167, 0, 0);
INSERT INTO factTable VALUES(476, 48, 476, 55, 47, 225, 42219, 35644, 15646, 178883);
INSERT INTO factTable VALUES(477, 97, 477, 591, 50, 31, 269146, 237960, 14197, 40370);
INSERT INTO factTable VALUES(475, 78, 475, 143, 30, 313, 147799, 129303, 11891, 45300);
INSERT INTO factTable VALUES(479, 75, 479, 108, 13, 408, 135726, 118701, 35069, 269449);
INSERT INTO factTable VALUES(480, 9, 480, 0, 1, 6, 793, 744, 0, 0);
INSERT INTO factTable VALUES(481, 63, 481, 78, 19, 298, 86061, 74474, 24020, 238178);
INSERT INTO factTable VALUES(478, 95, 478, 551, 49, 103, 256810, 227289, 13592, 49320);
INSERT INTO factTable VALUES(484, 2, 484, 0, 0, 0, 372, 356, 0, 0);
INSERT INTO factTable VALUES(482, 94, 482, 486, 23, 76, 251736, 222918, 13416, 47373);
INSERT INTO factTable VALUES(485, 80, 485, 263, 36, 674, 160374, 140212, 11066, 50187);
INSERT INTO factTable VALUES(471, 1, 471, 0, 0, 0, 341, 337, 0, 0);
INSERT INTO factTable VALUES(483, 54, 483, 40, 31, 325, 52541, 43934, 19084, 206911);
INSERT INTO factTable VALUES(487, 92, 487, 298, 22, 289, 237947, 210398, 13213, 48023);
INSERT INTO factTable VALUES(488, 85, 488, 235, 27, 153, 188302, 165137, 12022, 65748);
INSERT INTO factTable VALUES(486, 66, 486, 64, 35, 239, 96717, 83941, 28508, 243455);
INSERT INTO factTable VALUES(491, 81, 491, 219, 48, 367, 21743, 148173, 11028, 47150);
INSERT INTO factTable VALUES(490, 32, 490, 22, 11, 163, 7986, 5715, 0, 0);
INSERT INTO factTable VALUES(492, 48, 492, 55, 47, 225, 42219, 35644, 15646, 178883);
INSERT INTO factTable VALUES(494, 11, 494, 0, 3, 32, 1005, 917, 0, 0);
INSERT INTO factTable VALUES(496, 60, 496, 69, 8, 356, 76538, 65987, 22123, 233120);
INSERT INTO factTable VALUES(489, 32, 489, 22, 11, 163, 7986, 5715, 0, 0);
INSERT INTO factTable VALUES(497, 40, 497, 4, 21, 305, 19964, 16122, 0, 0);
INSERT INTO factTable VALUES(498, 78, 498, 143, 30, 313, 147799, 129303, 11891, 45300);
INSERT INTO factTable VALUES(499, 43, 499, 46, 60, 176, 31628, 26789, 10482, 139137);
INSERT INTO factTable VALUES(500, 93, 500, 471, 35, 178, 246433, 218200, 13285, 48153);
INSERT INTO factTable VALUES(501, 1, 501, 0, 0, 0, 341, 337, 0, 0);
INSERT INTO factTable VALUES(502, 74, 502, 285, 33, 172, 132060, 115564, 34360, 262919);
INSERT INTO factTable VALUES(495, 1, 495, 0, 0, 0, 341, 337, 0, 0);
INSERT INTO factTable VALUES(493, 30, 493, 22, 21, 106, 7193, 5516, 0, 0);
INSERT INTO factTable VALUES(504, 58, 504, 137, 11, 112, 67784, 58013, 21653, 221750);
INSERT INTO factTable VALUES(503, 45, 503, 102, 27, 251, 34975, 29459, 11873, 169446);
INSERT INTO factTable VALUES(506, 88, 506, 252, 24, 402, 205165, 179949, 12499, 49212);
INSERT INTO factTable VALUES(505, 27, 505, 5, 12, 113, 6534, 5249, 0, 0);
INSERT INTO factTable VALUES(507, 94, 507, 486, 23, 76, 251736, 222918, 13416, 47373);
INSERT INTO factTable VALUES(509, 86, 509, 180, 55, 451, 195518, 171667, 12667, 49942);
INSERT INTO factTable VALUES(510, 50, 510, 95, 26, 254, 46173, 39038, 16763, 186330);
INSERT INTO factTable VALUES(508, 64, 508, 243, 8, 233, 88924, 76853, 26408, 239226);
INSERT INTO factTable VALUES(511, 17, 511, 4, 6, 72, 1898, 1570, 0, 0);
INSERT INTO factTable VALUES(513, 66, 513, 64, 35, 239, 96717, 83941, 28508, 243455);
INSERT INTO factTable VALUES(512, 94, 512, 486, 23, 76, 251736, 222918, 13416, 47373);
INSERT INTO factTable VALUES(515, 20, 515, 9, 10, 45, 2438, 1904, 0, 0);
INSERT INTO factTable VALUES(516, 9, 516, 0, 1, 6, 793, 744, 0, 0);
INSERT INTO factTable VALUES(514, 73, 514, 231, 15, 322, 127813, 111807, 33672, 258639);
INSERT INTO factTable VALUES(517, 61, 517, 74, 31, 187, 79868, 69025, 22545, 235035);
INSERT INTO factTable VALUES(518, 95, 518, 551, 49, 103, 256810, 227289, 13592, 49320);
INSERT INTO factTable VALUES(521, 21, 521, 1, 1, 63, 2756, 2177, 0, 0);
INSERT INTO factTable VALUES(519, 50, 519, 95, 26, 254, 46173, 39038, 16763, 186330);
INSERT INTO factTable VALUES(520, 65, 520, 120, 23, 224, 92976, 80538, 26932, 240726);
INSERT INTO factTable VALUES(524, 3, 524, 0, 0, 0, 388, 371, 0, 0);
INSERT INTO factTable VALUES(522, 48, 522, 55, 47, 225, 42219, 35644, 15646, 178883);
INSERT INTO factTable VALUES(526, 88, 526, 252, 24, 402, 205165, 179949, 12499, 49212);
INSERT INTO factTable VALUES(527, 89, 527, 523, 53, -19, 216769, 190996, 12832, 47714);
INSERT INTO factTable VALUES(528, 73, 528, 231, 15, 322, 127813, 111807, 33672, 258639);
INSERT INTO factTable VALUES(529, 22, 529, 0, 6, 101, 3332, 2625, 0, 0);
INSERT INTO factTable VALUES(530, 61, 530, 74, 31, 187, 79868, 69025, 22545, 235035);
INSERT INTO factTable VALUES(531, 24, 531, 4, 20, 79, 4336, 3443, 0, 0);
INSERT INTO factTable VALUES(523, 13, 523, 0, 0, 21, 1293, 1167, 0, 0);
INSERT INTO factTable VALUES(533, 55, 533, 65, 23, 187, 56974, 48092, 19648, 209040);
INSERT INTO factTable VALUES(525, 91, 525, 329, 28, 110, 232113, 205173, 13120, 48358);
INSERT INTO factTable VALUES(532, 21, 532, 1, 1, 63, 2756, 2177, 0, 0);
INSERT INTO factTable VALUES(535, 41, 535, 73, 46, 280, 27075, 22834, 0, 0);
INSERT INTO factTable VALUES(536, 62, 536, 211, 14, 124, 83012, 71820, 23130, 236369);
INSERT INTO factTable VALUES(534, 44, 534, 20, 10, 267, 33001, 27865, 11165, 165549);
INSERT INTO factTable VALUES(538, 82, 538, 192, 25, 732, 176035, 154290, 11495, 49958);
INSERT INTO factTable VALUES(540, 60, 540, 69, 8, 356, 76538, 65987, 22123, 233120);
INSERT INTO factTable VALUES(541, 18, 541, 2, 7, 51, 2028, 1643, 0, 0);
INSERT INTO factTable VALUES(537, 33, 537, 16, 10, 80, 9712, 7620, 0, 0);
INSERT INTO factTable VALUES(542, 56, 542, 44, 22, 148, 59409, 50313, 19987, 210199);
INSERT INTO factTable VALUES(544, 26, 544, 13, 15, 81, 6266, 5111, 0, 0);
INSERT INTO factTable VALUES(543, 70, 543, 183, 18, 32, 116358, 102093, 31994, 249105);
INSERT INTO factTable VALUES(546, 42, 546, 21, 26, 269, 27953, 23396, 0, 0);
INSERT INTO factTable VALUES(545, 17, 545, 4, 6, 72, 1898, 1570, 0, 0);
INSERT INTO factTable VALUES(539, 39, 539, 30, 26, 163, 19452, 15940, 0, 0);
INSERT INTO factTable VALUES(547, 81, 547, 219, 48, 367, 21743, 148173, 11028, 47150);
INSERT INTO factTable VALUES(548, 79, 548, 108, 21, 564, 154139, 134950, 11705, 44703);
INSERT INTO factTable VALUES(551, 20, 551, 9, 10, 45, 2438, 1904, 0, 0);
INSERT INTO factTable VALUES(550, 98, 550, 406, 32, 409, 274430, 242397, 14010, 38791);
INSERT INTO factTable VALUES(552, 27, 552, 5, 12, 113, 6534, 5249, 0, 0);
INSERT INTO factTable VALUES(549, 18, 549, 2, 7, 51, 2028, 1643, 0, 0);
INSERT INTO factTable VALUES(555, 48, 555, 55, 47, 225, 42219, 35644, 15646, 178883);
INSERT INTO factTable VALUES(553, 47, 553, 24, 15, 286, 39422, 33174, 12979, 176344);
INSERT INTO factTable VALUES(554, 82, 554, 192, 25, 732, 176035, 154290, 11495, 49958);
INSERT INTO factTable VALUES(557, 57, 557, 103, 8, 304, 62544, 53033, 20428, 213644);
INSERT INTO factTable VALUES(558, 31, 558, 9, 13, 91, 7425, 5635, 0, 0);
INSERT INTO factTable VALUES(559, 2, 559, 0, 0, 0, 372, 356, 0, 0);
INSERT INTO factTable VALUES(560, 10, 560, 0, 0, 0, 862, 811, 0, 0);
INSERT INTO factTable VALUES(563, 93, 563, 471, 35, 178, 246433, 218200, 13285, 48153);
INSERT INTO factTable VALUES(556, 9, 556, 0, 1, 6, 793, 744, 0, 0);
INSERT INTO factTable VALUES(562, 96, 562, 464, 31, 498, 264740, 234226, 13347, 46571);
INSERT INTO factTable VALUES(565, 94, 565, 486, 23, 76, 251736, 222918, 13416, 47373);
INSERT INTO factTable VALUES(561, 86, 561, 180, 55, 451, 195518, 171667, 12667, 49942);
INSERT INTO factTable VALUES(568, 82, 568, 192, 25, 732, 176035, 154290, 11495, 49958);
INSERT INTO factTable VALUES(566, 98, 566, 406, 32, 409, 274430, 242397, 14010, 38791);
INSERT INTO factTable VALUES(564, 48, 564, 55, 47, 225, 42219, 35644, 15646, 178883);
INSERT INTO factTable VALUES(567, 76, 567, 218, 59, 212, 140473, 122959, 35800, 270876);
INSERT INTO factTable VALUES(570, 26, 570, 13, 15, 81, 6266, 5111, 0, 0);
INSERT INTO factTable VALUES(569, 61, 569, 74, 31, 187, 79868, 69025, 22545, 235035);
INSERT INTO factTable VALUES(573, 95, 573, 551, 49, 103, 256810, 227289, 13592, 49320);
INSERT INTO factTable VALUES(574, 83, 574, 153, 21, 352, 179964, 157593, 11389, 42551);
INSERT INTO factTable VALUES(571, 14, 571, 0, 0, 17, 1230, 1083, 0, 0);
INSERT INTO factTable VALUES(576, 14, 576, 0, 0, 17, 1230, 1083, 0, 0);
INSERT INTO factTable VALUES(577, 45, 577, 102, 27, 251, 34975, 29459, 11873, 169446);
INSERT INTO factTable VALUES(579, 65, 579, 120, 23, 224, 92976, 80538, 26932, 240726);
INSERT INTO factTable VALUES(572, 3, 572, 0, 0, 0, 388, 371, 0, 0);
INSERT INTO factTable VALUES(580, 42, 580, 21, 26, 269, 27953, 23396, 0, 0);
INSERT INTO factTable VALUES(578, 56, 578, 44, 22, 148, 59409, 50313, 19987, 210199);
INSERT INTO factTable VALUES(582, 68, 582, 113, 16, 404, 108699, 95054, 29690, 246847);
INSERT INTO factTable VALUES(583, 56, 583, 44, 22, 148, 59409, 50313, 19987, 210199);
INSERT INTO factTable VALUES(575, 1, 575, 0, 0, 0, 341, 337, 0, 0);
INSERT INTO factTable VALUES(581, 54, 581, 40, 31, 325, 52541, 43934, 19084, 206911);
INSERT INTO factTable VALUES(587, 3, 587, 0, 0, 0, 388, 371, 0, 0);
INSERT INTO factTable VALUES(584, 55, 584, 65, 23, 187, 56974, 48092, 19648, 209040);
INSERT INTO factTable VALUES(588, 11, 588, 0, 3, 32, 1005, 917, 0, 0);
INSERT INTO factTable VALUES(585, 31, 585, 9, 13, 91, 7425, 5635, 0, 0);
INSERT INTO factTable VALUES(589, 61, 589, 74, 31, 187, 79868, 69025, 22545, 235035);
INSERT INTO factTable VALUES(590, 66, 590, 64, 35, 239, 96717, 83941, 28508, 243455);
INSERT INTO factTable VALUES(591, 79, 591, 108, 21, 564, 154139, 134950, 11705, 44703);
INSERT INTO factTable VALUES(592, 5, 592, 0, 0, 0, 454, 422, 0, 0);
INSERT INTO factTable VALUES(593, 28, 593, 11, 8, 110, 6663, 5249, 0, 0);
INSERT INTO factTable VALUES(594, 71, 594, 182, 16, 286, 119728, 104979, 32147, 251861);
INSERT INTO factTable VALUES(586, 12, 586, 6, 1, 20, 1205, 1109, 0, 0);
INSERT INTO factTable VALUES(597, 64, 597, 243, 8, 233, 88924, 76853, 26408, 239226);
INSERT INTO factTable VALUES(598, 24, 598, 4, 20, 79, 4336, 3443, 0, 0);
INSERT INTO factTable VALUES(595, 75, 595, 108, 13, 408, 135726, 118701, 35069, 269449);
INSERT INTO factTable VALUES(596, 67, 596, 113, 13, 210, 103361, 90249, 29087, 244480);
INSERT INTO factTable VALUES(599, 72, 599, 224, 21, 444, 123572, 108134, 33042, 256299);
INSERT INTO factTable VALUES(601, 67, 601, 113, 13, 210, 103361, 90249, 29087, 244480);
INSERT INTO factTable VALUES(602, 68, 602, 113, 16, 404, 108699, 95054, 29690, 246847);
INSERT INTO factTable VALUES(600, 4, 600, 0, 0, 2, 450, 422, 0, 0);
INSERT INTO factTable VALUES(604, 80, 604, 263, 36, 674, 160374, 140212, 11066, 50187);
-- INSERT INTO factTable VALUES(607, 74, 607, 285, 33, 172, 132060, 115564, 34360, 262919);
INSERT INTO factTable VALUES(608, 43, 608, 46, 60, 176, 31628, 26789, 10482, 139137);
INSERT INTO factTable VALUES(609, 29, 609, 6, 14, 94, 6777, 5249, 0, 0);
INSERT INTO factTable VALUES(606, 59, 606, 131, 8, 208, 72531, 60233, 21827, 230411);
INSERT INTO factTable VALUES(610, 60, 610, 69, 8, 356, 76538, 65987, 22123, 233120);
INSERT INTO factTable VALUES(605, 97, 605, 591, 50, 31, 269146, 237960, 14197, 40370);
INSERT INTO factTable VALUES(611, 73, 611, 231, 15, 322, 127813, 111807, 33672, 258639);
INSERT INTO factTable VALUES(613, 25, 613, 11, 9, 133, 5775, 4729, 0, 0);
INSERT INTO factTable VALUES(603, 19, 603, 3, 6, 72, 2365, 1895, 0, 0);
INSERT INTO factTable VALUES(616, 3, 616, 0, 0, 0, 388, 371, 0, 0);
INSERT INTO factTable VALUES(614, 95, 614, 551, 49, 103, 256810, 227289, 13592, 49320);
INSERT INTO factTable VALUES(617, 42, 617, 21, 26, 269, 27953, 23396, 0, 0);
INSERT INTO factTable VALUES(612, 17, 612, 4, 6, 72, 1898, 1570, 0, 0);
INSERT INTO factTable VALUES(615, 69, 615, 91, 14, 282, 113452, 99420, 30317, 248690);
INSERT INTO factTable VALUES(619, 96, 619, 464, 31, 498, 264740, 234226, 13347, 46571);
INSERT INTO factTable VALUES(621, 10, 621, 0, 0, 0, 862, 811, 0, 0);
INSERT INTO factTable VALUES(618, 27, 618, 5, 12, 113, 6534, 5249, 0, 0);
INSERT INTO factTable VALUES(622, 61, 622, 74, 31, 187, 79868, 69025, 22545, 235035);
INSERT INTO factTable VALUES(623, 18, 623, 2, 7, 51, 2028, 1643, 0, 0);
INSERT INTO factTable VALUES(624, 73, 624, 231, 15, 322, 127813, 111807, 33672, 258639);
INSERT INTO factTable VALUES(626, 50, 626, 95, 26, 254, 46173, 39038, 16763, 186330);
INSERT INTO factTable VALUES(627, 96, 627, 464, 31, 498, 264740, 234226, 13347, 46571);
INSERT INTO factTable VALUES(629, 38, 629, 30, 40, 267, 17679, 14386, 0, 0);
INSERT INTO factTable VALUES(628, 73, 628, 231, 15, 322, 127813, 111807, 33672, 258639);
INSERT INTO factTable VALUES(620, 82, 620, 192, 25, 732, 176035, 154290, 11495, 49958);
INSERT INTO factTable VALUES(632, 76, 632, 218, 59, 212, 140473, 122959, 35800, 270876);
INSERT INTO factTable VALUES(630, 36, 630, 12, 12, 223, 14353, 11615, 0, 0);
INSERT INTO factTable VALUES(631, 74, 631, 285, 33, 172, 132060, 115564, 34360, 262919);
INSERT INTO factTable VALUES(633, 63, 633, 78, 19, 298, 86061, 74474, 24020, 238178);
INSERT INTO factTable VALUES(634, 76, 634, 218, 59, 212, 140473, 122959, 35800, 270876);
INSERT INTO factTable VALUES(635, 43, 635, 46, 60, 176, 31628, 26789, 10482, 139137);
INSERT INTO factTable VALUES(636, 70, 636, 183, 18, 32, 116358, 102093, 31994, 249105);
INSERT INTO factTable VALUES(638, 70, 638, 183, 18, 32, 116358, 102093, 31994, 249105);
INSERT INTO factTable VALUES(637, 35, 637, 28, 11, 179, 13186, 10695, 0, 0);
INSERT INTO factTable VALUES(640, 18, 640, 2, 7, 51, 2028, 1643, 0, 0);
INSERT INTO factTable VALUES(625, 37, 625, 18, 19, 181, 16511, 13555, 0, 0);
INSERT INTO factTable VALUES(641, 56, 641, 44, 22, 148, 59409, 50313, 19987, 210199);
INSERT INTO factTable VALUES(639, 40, 639, 4, 21, 305, 19964, 16122, 0, 0);
INSERT INTO factTable VALUES(643, 41, 643, 73, 46, 280, 27075, 22834, 0, 0);
INSERT INTO factTable VALUES(644, 59, 644, 131, 8, 208, 72531, 60233, 21827, 230411);
INSERT INTO factTable VALUES(646, 56, 646, 44, 22, 148, 59409, 50313, 19987, 210199);
INSERT INTO factTable VALUES(647, 87, 647, 183, 23, 481, 201311, 176773, 13250, 48749);
INSERT INTO factTable VALUES(642, 18, 642, 2, 7, 51, 2028, 1643, 0, 0);
INSERT INTO factTable VALUES(645, 30, 645, 22, 21, 106, 7193, 5516, 0, 0);
INSERT INTO factTable VALUES(649, 12, 649, 6, 1, 20, 1205, 1109, 0, 0);
INSERT INTO factTable VALUES(650, 30, 650, 22, 21, 106, 7193, 5516, 0, 0);
INSERT INTO factTable VALUES(648, 79, 648, 108, 21, 564, 154139, 134950, 11705, 44703);
INSERT INTO factTable VALUES(654, 50, 654, 95, 26, 254, 46173, 39038, 16763, 186330);
INSERT INTO factTable VALUES(652, 42, 652, 21, 26, 269, 27953, 23396, 0, 0);
INSERT INTO factTable VALUES(653, 75, 653, 108, 13, 408, 135726, 118701, 35069, 269449);
INSERT INTO factTable VALUES(658, 59, 658, 131, 8, 208, 72531, 60233, 21827, 230411);
INSERT INTO factTable VALUES(657, 74, 657, 285, 33, 172, 132060, 115564, 34360, 262919);
INSERT INTO factTable VALUES(659, 29, 659, 6, 14, 94, 6777, 5249, 0, 0);
INSERT INTO factTable VALUES(651, 8, 651, 2, 0, 6, 694, 648, 0, 0);
INSERT INTO factTable VALUES(660, 89, 660, 523, 53, -19, 216769, 190996, 12832, 47714);
INSERT INTO factTable VALUES(656, 16, 656, 2, 14, 39, 1592, 1342, 0, 0);
INSERT INTO factTable VALUES(662, 63, 662, 78, 19, 298, 86061, 74474, 24020, 238178);
INSERT INTO factTable VALUES(664, 76, 664, 218, 59, 212, 140473, 122959, 35800, 270876);
INSERT INTO factTable VALUES(665, 22, 665, 0, 6, 101, 3332, 2625, 0, 0);
INSERT INTO factTable VALUES(666, 29, 666, 6, 14, 94, 6777, 5249, 0, 0);
INSERT INTO factTable VALUES(668, 94, 668, 486, 23, 76, 251736, 222918, 13416, 47373);
INSERT INTO factTable VALUES(655, 20, 655, 9, 10, 45, 2438, 1904, 0, 0);
INSERT INTO factTable VALUES(667, 67, 667, 113, 13, 210, 103361, 90249, 29087, 244480);
INSERT INTO factTable VALUES(663, 98, 663, 406, 32, 409, 274430, 242397, 14010, 38791);
INSERT INTO factTable VALUES(661, 29, 661, 6, 14, 94, 6777, 5249, 0, 0);
INSERT INTO factTable VALUES(670, 96, 670, 464, 31, 498, 264740, 234226, 13347, 46571);
INSERT INTO factTable VALUES(671, 37, 671, 18, 19, 181, 16511, 13555, 0, 0);
INSERT INTO factTable VALUES(674, 69, 674, 91, 14, 282, 113452, 99420, 30317, 248690);
INSERT INTO factTable VALUES(673, 72, 673, 224, 21, 444, 123572, 108134, 33042, 256299);
INSERT INTO factTable VALUES(675, 77, 675, 195, 43, 258, 143035, 125025, 11422, 45047);
INSERT INTO factTable VALUES(677, 58, 677, 137, 11, 112, 67784, 58013, 21653, 221750);
INSERT INTO factTable VALUES(678, 34, 678, 14, 7, 160, 11242, 8969, 0, 0);
INSERT INTO factTable VALUES(679, 56, 679, 44, 22, 148, 59409, 50313, 19987, 210199);
INSERT INTO factTable VALUES(680, 56, 680, 44, 22, 148, 59409, 50313, 19987, 210199);
INSERT INTO factTable VALUES(669, 96, 669, 464, 31, 498, 264740, 234226, 13347, 46571);
INSERT INTO factTable VALUES(681, 12, 681, 6, 1, 20, 1205, 1109, 0, 0);
INSERT INTO factTable VALUES(672, 96, 672, 464, 31, 498, 264740, 234226, 13347, 46571);
INSERT INTO factTable VALUES(683, 36, 683, 12, 12, 223, 14353, 11615, 0, 0);
INSERT INTO factTable VALUES(682, 4, 682, 0, 0, 2, 450, 422, 0, 0);
INSERT INTO factTable VALUES(676, 47, 676, 24, 15, 286, 39422, 33174, 12979, 176344);
INSERT INTO factTable VALUES(684, 65, 684, 120, 23, 224, 92976, 80538, 26932, 240726);
INSERT INTO factTable VALUES(685, 80, 685, 263, 36, 674, 160374, 140212, 11066, 50187);
INSERT INTO factTable VALUES(688, 19, 688, 3, 6, 72, 2365, 1895, 0, 0);
INSERT INTO factTable VALUES(686, 63, 686, 78, 19, 298, 86061, 74474, 24020, 238178);
INSERT INTO factTable VALUES(690, 77, 690, 195, 43, 258, 143035, 125025, 11422, 45047);
INSERT INTO factTable VALUES(691, 18, 691, 2, 7, 51, 2028, 1643, 0, 0);
INSERT INTO factTable VALUES(692, 60, 692, 69, 8, 356, 76538, 65987, 22123, 233120);
INSERT INTO factTable VALUES(693, 56, 693, 44, 22, 148, 59409, 50313, 19987, 210199);
INSERT INTO factTable VALUES(687, 59, 687, 131, 8, 208, 72531, 60233, 21827, 230411);
INSERT INTO factTable VALUES(695, 18, 695, 2, 7, 51, 2028, 1643, 0, 0);
INSERT INTO factTable VALUES(694, 43, 694, 46, 60, 176, 31628, 26789, 10482, 139137);
INSERT INTO factTable VALUES(697, 25, 697, 11, 9, 133, 5775, 4729, 0, 0);
INSERT INTO factTable VALUES(698, 3, 698, 0, 0, 0, 388, 371, 0, 0);
INSERT INTO factTable VALUES(699, 9, 699, 0, 1, 6, 793, 744, 0, 0);
INSERT INTO factTable VALUES(700, 81, 700, 219, 48, 367, 21743, 148173, 11028, 47150);
INSERT INTO factTable VALUES(701, 89, 701, 523, 53, -19, 216769, 190996, 12832, 47714);
INSERT INTO factTable VALUES(696, 10, 696, 0, 0, 0, 862, 811, 0, 0);
INSERT INTO factTable VALUES(702, 95, 702, 551, 49, 103, 256810, 227289, 13592, 49320);
INSERT INTO factTable VALUES(705, 95, 705, 551, 49, 103, 256810, 227289, 13592, 49320);
INSERT INTO factTable VALUES(703, 43, 703, 46, 60, 176, 31628, 26789, 10482, 139137);
INSERT INTO factTable VALUES(689, 19, 689, 3, 6, 72, 2365, 1895, 0, 0);
INSERT INTO factTable VALUES(706, 44, 706, 20, 10, 267, 33001, 27865, 11165, 165549);
INSERT INTO factTable VALUES(707, 82, 707, 192, 25, 732, 176035, 154290, 11495, 49958);
INSERT INTO factTable VALUES(709, 31, 709, 9, 13, 91, 7425, 5635, 0, 0);
INSERT INTO factTable VALUES(710, 52, 710, 47, 12, 298, 48647, 40872, 18283, 195948);
INSERT INTO factTable VALUES(712, 54, 712, 40, 31, 325, 52541, 43934, 19084, 206911);
INSERT INTO factTable VALUES(711, 53, 711, 42, 42, 352, 50563, 42352, 18301, 197951);
INSERT INTO factTable VALUES(713, 14, 713, 0, 0, 17, 1230, 1083, 0, 0);
INSERT INTO factTable VALUES(704, 57, 704, 103, 8, 304, 62544, 53033, 20428, 213644);
INSERT INTO factTable VALUES(708, 98, 708, 406, 32, 409, 274430, 242397, 14010, 38791);
INSERT INTO factTable VALUES(715, 40, 715, 4, 21, 305, 19964, 16122, 0, 0);
INSERT INTO factTable VALUES(716, 46, 716, 59, 24, 324, 37134, 31211, 12610, 173732);
INSERT INTO factTable VALUES(718, 87, 718, 183, 23, 481, 201311, 176773, 13250, 48749);
INSERT INTO factTable VALUES(719, 46, 719, 59, 24, 324, 37134, 31211, 12610, 173732);
INSERT INTO factTable VALUES(720, 84, 720, 240, 19, 220, 183192, 160442, 12342, 49361);
INSERT INTO factTable VALUES(721, 5, 721, 0, 0, 0, 454, 422, 0, 0);
INSERT INTO factTable VALUES(717, 27, 717, 5, 12, 113, 6534, 5249, 0, 0);
INSERT INTO factTable VALUES(722, 78, 722, 143, 30, 313, 147799, 129303, 11891, 45300);
INSERT INTO factTable VALUES(724, 52, 724, 47, 12, 298, 48647, 40872, 18283, 195948);
INSERT INTO factTable VALUES(714, 9, 714, 0, 1, 6, 793, 744, 0, 0);
INSERT INTO factTable VALUES(723, 19, 723, 3, 6, 72, 2365, 1895, 0, 0);
INSERT INTO factTable VALUES(726, 36, 726, 12, 12, 223, 14353, 11615, 0, 0);
INSERT INTO factTable VALUES(728, 83, 728, 153, 21, 352, 179964, 157593, 11389, 42551);
INSERT INTO factTable VALUES(731, 11, 731, 0, 3, 32, 1005, 917, 0, 0);
INSERT INTO factTable VALUES(730, 77, 730, 195, 43, 258, 143035, 125025, 11422, 45047);
-- INSERT INTO factTable VALUES(732, 46, 732, 59, 24, 324, 37134, 31211, 12610, 173732);
INSERT INTO factTable VALUES(727, 71, 727, 182, 16, 286, 119728, 104979, 32147, 251861);
INSERT INTO factTable VALUES(725, 4, 725, 0, 0, 2, 450, 422, 0, 0);
INSERT INTO factTable VALUES(733, 40, 733, 4, 21, 305, 19964, 16122, 0, 0);
INSERT INTO factTable VALUES(735, 29, 735, 6, 14, 94, 6777, 5249, 0, 0);
INSERT INTO factTable VALUES(729, 48, 729, 55, 47, 225, 42219, 35644, 15646, 178883);
INSERT INTO factTable VALUES(734, 63, 734, 78, 19, 298, 86061, 74474, 24020, 238178);
INSERT INTO factTable VALUES(737, 88, 737, 252, 24, 402, 205165, 179949, 12499, 49212);
INSERT INTO factTable VALUES(736, 60, 736, 69, 8, 356, 76538, 65987, 22123, 233120);
INSERT INTO factTable VALUES(738, 93, 738, 471, 35, 178, 246433, 218200, 13285, 48153);
INSERT INTO factTable VALUES(741, 30, 741, 22, 21, 106, 7193, 5516, 0, 0);
INSERT INTO factTable VALUES(740, 89, 740, 523, 53, -19, 216769, 190996, 12832, 47714);
INSERT INTO factTable VALUES(742, 59, 742, 131, 8, 208, 72531, 60233, 21827, 230411);
INSERT INTO factTable VALUES(744, 2, 744, 0, 0, 0, 372, 356, 0, 0);
INSERT INTO factTable VALUES(739, 31, 739, 9, 13, 91, 7425, 5635, 0, 0);
INSERT INTO factTable VALUES(745, 37, 745, 18, 19, 181, 16511, 13555, 0, 0);
INSERT INTO factTable VALUES(743, 53, 743, 42, 42, 352, 50563, 42352, 18301, 197951);
INSERT INTO factTable VALUES(747, 81, 747, 219, 48, 367, 21743, 148173, 11028, 47150);
INSERT INTO factTable VALUES(746, 82, 746, 192, 25, 732, 176035, 154290, 11495, 49958);
INSERT INTO factTable VALUES(750, 24, 750, 4, 20, 79, 4336, 3443, 0, 0);
INSERT INTO factTable VALUES(748, 26, 748, 13, 15, 81, 6266, 5111, 0, 0);
INSERT INTO factTable VALUES(751, 97, 751, 591, 50, 31, 269146, 237960, 14197, 40370);
INSERT INTO factTable VALUES(749, 47, 749, 24, 15, 286, 39422, 33174, 12979, 176344);
INSERT INTO factTable VALUES(754, 73, 754, 231, 15, 322, 127813, 111807, 33672, 258639);
INSERT INTO factTable VALUES(755, 9, 755, 0, 1, 6, 793, 744, 0, 0);
INSERT INTO factTable VALUES(753, 97, 753, 591, 50, 31, 269146, 237960, 14197, 40370);
INSERT INTO factTable VALUES(752, 3, 752, 0, 0, 0, 388, 371, 0, 0);
INSERT INTO factTable VALUES(758, 24, 758, 4, 20, 79, 4336, 3443, 0, 0);
INSERT INTO factTable VALUES(757, 63, 757, 78, 19, 298, 86061, 74474, 24020, 238178);
INSERT INTO factTable VALUES(759, 77, 759, 195, 43, 258, 143035, 125025, 11422, 45047);
INSERT INTO factTable VALUES(756, 52, 756, 47, 12, 298, 48647, 40872, 18283, 195948);
INSERT INTO factTable VALUES(761, 98, 761, 406, 32, 409, 274430, 242397, 14010, 38791);
INSERT INTO factTable VALUES(760, 82, 760, 192, 25, 732, 176035, 154290, 11495, 49958);
INSERT INTO factTable VALUES(763, 72, 763, 224, 21, 444, 123572, 108134, 33042, 256299);
INSERT INTO factTable VALUES(765, 14, 765, 0, 0, 17, 1230, 1083, 0, 0);
INSERT INTO factTable VALUES(762, 81, 762, 219, 48, 367, 21743, 148173, 11028, 47150);
INSERT INTO factTable VALUES(766, 68, 766, 113, 16, 404, 108699, 95054, 29690, 246847);
INSERT INTO factTable VALUES(768, 41, 768, 73, 46, 280, 27075, 22834, 0, 0);
INSERT INTO factTable VALUES(767, 49, 767, 61, 8, 116, 43749, 36989, 16343, 181770);
INSERT INTO factTable VALUES(769, 91, 769, 329, 28, 110, 232113, 205173, 13120, 48358);
INSERT INTO factTable VALUES(764, 61, 764, 74, 31, 187, 79868, 69025, 22545, 235035);
INSERT INTO factTable VALUES(770, 81, 770, 219, 48, 367, 21743, 148173, 11028, 47150);
INSERT INTO factTable VALUES(773, 43, 773, 46, 60, 176, 31628, 26789, 10482, 139137);
INSERT INTO factTable VALUES(772, 21, 772, 1, 1, 63, 2756, 2177, 0, 0);
INSERT INTO factTable VALUES(771, 9, 771, 0, 1, 6, 793, 744, 0, 0);
INSERT INTO factTable VALUES(775, 30, 775, 22, 21, 106, 7193, 5516, 0, 0);
INSERT INTO factTable VALUES(776, 37, 776, 18, 19, 181, 16511, 13555, 0, 0);
INSERT INTO factTable VALUES(774, 80, 774, 263, 36, 674, 160374, 140212, 11066, 50187);
INSERT INTO factTable VALUES(779, 71, 779, 182, 16, 286, 119728, 104979, 32147, 251861);
INSERT INTO factTable VALUES(777, 17, 777, 4, 6, 72, 1898, 1570, 0, 0);
INSERT INTO factTable VALUES(780, 90, 780, 293, 40, 367, 223624, 197151, 12913, 49936);
INSERT INTO factTable VALUES(781, 37, 781, 18, 19, 181, 16511, 13555, 0, 0);
INSERT INTO factTable VALUES(782, 68, 782, 113, 16, 404, 108699, 95054, 29690, 246847);
INSERT INTO factTable VALUES(784, 12, 784, 6, 1, 20, 1205, 1109, 0, 0);
INSERT INTO factTable VALUES(783, 35, 783, 28, 11, 179, 13186, 10695, 0, 0);
INSERT INTO factTable VALUES(785, 68, 785, 113, 16, 404, 108699, 95054, 29690, 246847);
INSERT INTO factTable VALUES(778, 85, 778, 235, 27, 153, 188302, 165137, 12022, 65748);
INSERT INTO factTable VALUES(786, 96, 786, 464, 31, 498, 264740, 234226, 13347, 46571);
INSERT INTO factTable VALUES(788, 95, 788, 551, 49, 103, 256810, 227289, 13592, 49320);
INSERT INTO factTable VALUES(789, 7, 789, 0, 0, 13, 543, 487, 0, 0);
INSERT INTO factTable VALUES(790, 31, 790, 9, 13, 91, 7425, 5635, 0, 0);
INSERT INTO factTable VALUES(787, 57, 787, 103, 8, 304, 62544, 53033, 20428, 213644);
INSERT INTO factTable VALUES(793, 57, 793, 103, 8, 304, 62544, 53033, 20428, 213644);
INSERT INTO factTable VALUES(792, 36, 792, 12, 12, 223, 14353, 11615, 0, 0);
INSERT INTO factTable VALUES(791, 53, 791, 42, 42, 352, 50563, 42352, 18301, 197951);
INSERT INTO factTable VALUES(796, 68, 796, 113, 16, 404, 108699, 95054, 29690, 246847);
INSERT INTO factTable VALUES(797, 38, 797, 30, 40, 267, 17679, 14386, 0, 0);
INSERT INTO factTable VALUES(794, 64, 794, 243, 8, 233, 88924, 76853, 26408, 239226);
INSERT INTO factTable VALUES(798, 58, 798, 137, 11, 112, 67784, 58013, 21653, 221750);
INSERT INTO factTable VALUES(800, 57, 800, 103, 8, 304, 62544, 53033, 20428, 213644);
INSERT INTO factTable VALUES(802, 72, 802, 224, 21, 444, 123572, 108134, 33042, 256299);
INSERT INTO factTable VALUES(795, 21, 795, 1, 1, 63, 2756, 2177, 0, 0);
INSERT INTO factTable VALUES(801, 53, 801, 42, 42, 352, 50563, 42352, 18301, 197951);
INSERT INTO factTable VALUES(799, 26, 799, 13, 15, 81, 6266, 5111, 0, 0);
INSERT INTO factTable VALUES(805, 71, 805, 182, 16, 286, 119728, 104979, 32147, 251861);
INSERT INTO factTable VALUES(806, 2, 806, 0, 0, 0, 372, 356, 0, 0);
INSERT INTO factTable VALUES(803, 45, 803, 102, 27, 251, 34975, 29459, 11873, 169446);
INSERT INTO factTable VALUES(807, 6, 807, 0, 0, 2, 483, 445, 0, 0);
INSERT INTO factTable VALUES(808, 24, 808, 4, 20, 79, 4336, 3443, 0, 0);
INSERT INTO factTable VALUES(804, 16, 804, 2, 14, 39, 1592, 1342, 0, 0);
INSERT INTO factTable VALUES(810, 7, 810, 0, 0, 13, 543, 487, 0, 0);
INSERT INTO factTable VALUES(811, 17, 811, 4, 6, 72, 1898, 1570, 0, 0);
INSERT INTO factTable VALUES(809, 20, 809, 9, 10, 45, 2438, 1904, 0, 0);
INSERT INTO factTable VALUES(812, 98, 812, 406, 32, 409, 274430, 242397, 14010, 38791);
INSERT INTO factTable VALUES(814, 72, 814, 224, 21, 444, 123572, 108134, 33042, 256299);
INSERT INTO factTable VALUES(817, 6, 817, 0, 0, 2, 483, 445, 0, 0);
INSERT INTO factTable VALUES(818, 67, 818, 113, 13, 210, 103361, 90249, 29087, 244480);
INSERT INTO factTable VALUES(819, 33, 819, 16, 10, 80, 9712, 7620, 0, 0);
INSERT INTO factTable VALUES(813, 45, 813, 102, 27, 251, 34975, 29459, 11873, 169446);
INSERT INTO factTable VALUES(821, 38, 821, 30, 40, 267, 17679, 14386, 0, 0);
INSERT INTO factTable VALUES(816, 11, 816, 0, 3, 32, 1005, 917, 0, 0);
INSERT INTO factTable VALUES(820, 91, 820, 329, 28, 110, 232113, 205173, 13120, 48358);
INSERT INTO factTable VALUES(822, 15, 822, 1, 0, 37, 1372, 1178, 0, 0);
INSERT INTO factTable VALUES(815, 89, 815, 523, 53, -19, 216769, 190996, 12832, 47714);
INSERT INTO factTable VALUES(824, 94, 824, 486, 23, 76, 251736, 222918, 13416, 47373);
INSERT INTO factTable VALUES(826, 48, 826, 55, 47, 225, 42219, 35644, 15646, 178883);
INSERT INTO factTable VALUES(827, 4, 827, 0, 0, 2, 450, 422, 0, 0);
INSERT INTO factTable VALUES(828, 89, 828, 523, 53, -19, 216769, 190996, 12832, 47714);
INSERT INTO factTable VALUES(829, 83, 829, 153, 21, 352, 179964, 157593, 11389, 42551);
INSERT INTO factTable VALUES(830, 55, 830, 65, 23, 187, 56974, 48092, 19648, 209040);
INSERT INTO factTable VALUES(831, 44, 831, 20, 10, 267, 33001, 27865, 11165, 165549);
INSERT INTO factTable VALUES(832, 98, 832, 406, 32, 409, 274430, 242397, 14010, 38791);
INSERT INTO factTable VALUES(833, 26, 833, 13, 15, 81, 6266, 5111, 0, 0);
INSERT INTO factTable VALUES(825, 22, 825, 0, 6, 101, 3332, 2625, 0, 0);
INSERT INTO factTable VALUES(834, 67, 834, 113, 13, 210, 103361, 90249, 29087, 244480);
INSERT INTO factTable VALUES(836, 90, 836, 293, 40, 367, 223624, 197151, 12913, 49936);
INSERT INTO factTable VALUES(838, 6, 838, 0, 0, 2, 483, 445, 0, 0);
INSERT INTO factTable VALUES(837, 17, 837, 4, 6, 72, 1898, 1570, 0, 0);
INSERT INTO factTable VALUES(839, 22, 839, 0, 6, 101, 3332, 2625, 0, 0);
INSERT INTO factTable VALUES(840, 27, 840, 5, 12, 113, 6534, 5249, 0, 0);
INSERT INTO factTable VALUES(841, 34, 841, 14, 7, 160, 11242, 8969, 0, 0);
INSERT INTO factTable VALUES(842, 91, 842, 329, 28, 110, 232113, 205173, 13120, 48358);
INSERT INTO factTable VALUES(823, 1, 823, 0, 0, 0, 341, 337, 0, 0);
INSERT INTO factTable VALUES(844, 56, 844, 44, 22, 148, 59409, 50313, 19987, 210199);
INSERT INTO factTable VALUES(835, 2, 835, 0, 0, 0, 372, 356, 0, 0);
INSERT INTO factTable VALUES(845, 84, 845, 240, 19, 220, 183192, 160442, 12342, 49361);
INSERT INTO factTable VALUES(846, 22, 846, 0, 6, 101, 3332, 2625, 0, 0);
INSERT INTO factTable VALUES(848, 78, 848, 143, 30, 313, 147799, 129303, 11891, 45300);
INSERT INTO factTable VALUES(847, 72, 847, 224, 21, 444, 123572, 108134, 33042, 256299);
INSERT INTO factTable VALUES(850, 25, 850, 11, 9, 133, 5775, 4729, 0, 0);
INSERT INTO factTable VALUES(843, 66, 843, 64, 35, 239, 96717, 83941, 28508, 243455);
INSERT INTO factTable VALUES(852, 88, 852, 252, 24, 402, 205165, 179949, 12499, 49212);
INSERT INTO factTable VALUES(851, 52, 851, 47, 12, 298, 48647, 40872, 18283, 195948);
INSERT INTO factTable VALUES(849, 2, 849, 0, 0, 0, 372, 356, 0, 0);
INSERT INTO factTable VALUES(853, 35, 853, 28, 11, 179, 13186, 10695, 0, 0);
INSERT INTO factTable VALUES(854, 47, 854, 24, 15, 286, 39422, 33174, 12979, 176344);
INSERT INTO factTable VALUES(857, 83, 857, 153, 21, 352, 179964, 157593, 11389, 42551);
INSERT INTO factTable VALUES(856, 78, 856, 143, 30, 313, 147799, 129303, 11891, 45300);
INSERT INTO factTable VALUES(858, 92, 858, 298, 22, 289, 237947, 210398, 13213, 48023);
INSERT INTO factTable VALUES(860, 11, 860, 0, 3, 32, 1005, 917, 0, 0);
INSERT INTO factTable VALUES(859, 97, 859, 591, 50, 31, 269146, 237960, 14197, 40370);
INSERT INTO factTable VALUES(863, 56, 863, 44, 22, 148, 59409, 50313, 19987, 210199);
INSERT INTO factTable VALUES(861, 42, 861, 21, 26, 269, 27953, 23396, 0, 0);
INSERT INTO factTable VALUES(862, 84, 862, 240, 19, 220, 183192, 160442, 12342, 49361);
INSERT INTO factTable VALUES(865, 65, 865, 120, 23, 224, 92976, 80538, 26932, 240726);
INSERT INTO factTable VALUES(864, 20, 864, 9, 10, 45, 2438, 1904, 0, 0);
INSERT INTO factTable VALUES(867, 43, 867, 46, 60, 176, 31628, 26789, 10482, 139137);
INSERT INTO factTable VALUES(866, 23, 866, 1, 3, 100, 3822, 3032, 0, 0);
INSERT INTO factTable VALUES(868, 15, 868, 1, 0, 37, 1372, 1178, 0, 0);
INSERT INTO factTable VALUES(869, 70, 869, 183, 18, 32, 116358, 102093, 31994, 249105);
INSERT INTO factTable VALUES(871, 59, 871, 131, 8, 208, 72531, 60233, 21827, 230411);
INSERT INTO factTable VALUES(870, 85, 870, 235, 27, 153, 188302, 165137, 12022, 65748);
-- INSERT INTO factTable VALUES(872, 41, 872, 73, 46, 280, 27075, 22834, 0, 0);
INSERT INTO factTable VALUES(855, 22, 855, 0, 6, 101, 3332, 2625, 0, 0);
-- INSERT INTO factTable VALUES(873, 51, 873, 71, 19, 193, 47361, 39943, 17754, 193571);
INSERT INTO factTable VALUES(876, 75, 876, 108, 13, 408, 135726, 118701, 35069, 269449);
INSERT INTO factTable VALUES(877, 8, 877, 2, 0, 6, 694, 648, 0, 0);
INSERT INTO factTable VALUES(874, 80, 874, 263, 36, 674, 160374, 140212, 11066, 50187);
INSERT INTO factTable VALUES(878, 92, 878, 298, 22, 289, 237947, 210398, 13213, 48023);
INSERT INTO factTable VALUES(879, 64, 879, 243, 8, 233, 88924, 76853, 26408, 239226);
INSERT INTO factTable VALUES(880, 70, 880, 183, 18, 32, 116358, 102093, 31994, 249105);
INSERT INTO factTable VALUES(881, 63, 881, 78, 19, 298, 86061, 74474, 24020, 238178);
INSERT INTO factTable VALUES(882, 28, 882, 11, 8, 110, 6663, 5249, 0, 0);
-- INSERT INTO factTable VALUES(883, 34, 883, 14, 7, 160, 11242, 8969, 0, 0);
-- INSERT INTO factTable VALUES(884, 87, 884, 183, 23, 481, 201311, 176773, 13250, 48749);
-- INSERT INTO factTable VALUES(885, 55, 885, 65, 23, 187, 56974, 48092, 19648, 209040);
-- INSERT INTO factTable VALUES(886, 33, 886, 16, 10, 80, 9712, 7620, 0, 0);
-- INSERT INTO factTable VALUES(887, 51, 887, 71, 19, 193, 47361, 39943, 17754, 193571);
INSERT INTO factTable VALUES(875, 73, 875, 231, 15, 322, 127813, 111807, 33672, 258639);
INSERT INTO factTable VALUES(888, 63, 888, 78, 19, 298, 86061, 74474, 24020, 238178);
INSERT INTO factTable VALUES(890, 75, 890, 108, 13, 408, 135726, 118701, 35069, 269449);
INSERT INTO factTable VALUES(892, 39, 892, 30, 26, 163, 19452, 15940, 0, 0);
INSERT INTO factTable VALUES(889, 39, 889, 30, 26, 163, 19452, 15940, 0, 0);
INSERT INTO factTable VALUES(893, 72, 893, 224, 21, 444, 123572, 108134, 33042, 256299);
INSERT INTO factTable VALUES(891, 24, 891, 4, 20, 79, 4336, 3443, 0, 0);
INSERT INTO factTable VALUES(895, 86, 895, 180, 55, 451, 195518, 171667, 12667, 49942);
INSERT INTO factTable VALUES(897, 58, 897, 137, 11, 112, 67784, 58013, 21653, 221750);
INSERT INTO factTable VALUES(898, 77, 898, 195, 43, 258, 143035, 125025, 11422, 45047);
INSERT INTO factTable VALUES(894, 29, 894, 6, 14, 94, 6777, 5249, 0, 0);
INSERT INTO factTable VALUES(899, 67, 899, 113, 13, 210, 103361, 90249, 29087, 244480);
INSERT INTO factTable VALUES(896, 20, 896, 9, 10, 45, 2438, 1904, 0, 0);
INSERT INTO factTable VALUES(900, 83, 900, 153, 21, 352, 179964, 157593, 11389, 42551);
INSERT INTO factTable VALUES(901, 45, 901, 102, 27, 251, 34975, 29459, 11873, 169446);
INSERT INTO factTable VALUES(902, 84, 902, 240, 19, 220, 183192, 160442, 12342, 49361);
INSERT INTO factTable VALUES(904, 79, 904, 108, 21, 564, 154139, 134950, 11705, 44703);
INSERT INTO factTable VALUES(906, 19, 906, 3, 6, 72, 2365, 1895, 0, 0);
INSERT INTO factTable VALUES(907, 96, 907, 464, 31, 498, 264740, 234226, 13347, 46571);
INSERT INTO factTable VALUES(908, 89, 908, 523, 53, -19, 216769, 190996, 12832, 47714);
INSERT INTO factTable VALUES(909, 2, 909, 0, 0, 0, 372, 356, 0, 0);
INSERT INTO factTable VALUES(910, 17, 910, 4, 6, 72, 1898, 1570, 0, 0);
INSERT INTO factTable VALUES(905, 27, 905, 5, 12, 113, 6534, 5249, 0, 0);
INSERT INTO factTable VALUES(911, 23, 911, 1, 3, 100, 3822, 3032, 0, 0);
INSERT INTO factTable VALUES(913, 79, 913, 108, 21, 564, 154139, 134950, 11705, 44703);
INSERT INTO factTable VALUES(912, 24, 912, 4, 20, 79, 4336, 3443, 0, 0);
INSERT INTO factTable VALUES(915, 31, 915, 9, 13, 91, 7425, 5635, 0, 0);
INSERT INTO factTable VALUES(914, 54, 914, 40, 31, 325, 52541, 43934, 19084, 206911);
INSERT INTO factTable VALUES(916, 50, 916, 95, 26, 254, 46173, 39038, 16763, 186330);
-- INSERT INTO factTable VALUES(918, 6, 918, 0, 0, 2, 483, 445, 0, 0);
INSERT INTO factTable VALUES(903, 19, 903, 3, 6, 72, 2365, 1895, 0, 0);
INSERT INTO factTable VALUES(917, 39, 917, 30, 26, 163, 19452, 15940, 0, 0);
INSERT INTO factTable VALUES(919, 88, 919, 252, 24, 402, 205165, 179949, 12499, 49212);
INSERT INTO factTable VALUES(922, 30, 922, 22, 21, 106, 7193, 5516, 0, 0);
INSERT INTO factTable VALUES(921, 31, 921, 9, 13, 91, 7425, 5635, 0, 0);
INSERT INTO factTable VALUES(923, 48, 923, 55, 47, 225, 42219, 35644, 15646, 178883);
INSERT INTO factTable VALUES(925, 1, 925, 0, 0, 0, 341, 337, 0, 0);
INSERT INTO factTable VALUES(924, 31, 924, 9, 13, 91, 7425, 5635, 0, 0);
INSERT INTO factTable VALUES(926, 30, 926, 22, 21, 106, 7193, 5516, 0, 0);
INSERT INTO factTable VALUES(920, 22, 920, 0, 6, 101, 3332, 2625, 0, 0);
INSERT INTO factTable VALUES(927, 68, 927, 113, 16, 404, 108699, 95054, 29690, 246847);
INSERT INTO factTable VALUES(928, 49, 928, 61, 8, 116, 43749, 36989, 16343, 181770);
INSERT INTO factTable VALUES(930, 61, 930, 74, 31, 187, 79868, 69025, 22545, 235035);
INSERT INTO factTable VALUES(933, 17, 933, 4, 6, 72, 1898, 1570, 0, 0);
INSERT INTO factTable VALUES(931, 48, 931, 55, 47, 225, 42219, 35644, 15646, 178883);
INSERT INTO factTable VALUES(934, 92, 934, 298, 22, 289, 237947, 210398, 13213, 48023);
INSERT INTO factTable VALUES(932, 16, 932, 2, 14, 39, 1592, 1342, 0, 0);
INSERT INTO factTable VALUES(935, 83, 935, 153, 21, 352, 179964, 157593, 11389, 42551);
INSERT INTO factTable VALUES(929, 3, 929, 0, 0, 0, 388, 371, 0, 0);
INSERT INTO factTable VALUES(937, 70, 937, 183, 18, 32, 116358, 102093, 31994, 249105);
INSERT INTO factTable VALUES(936, 74, 936, 285, 33, 172, 132060, 115564, 34360, 262919);
INSERT INTO factTable VALUES(939, 97, 939, 591, 50, 31, 269146, 237960, 14197, 40370);
INSERT INTO factTable VALUES(941, 41, 941, 73, 46, 280, 27075, 22834, 0, 0);
INSERT INTO factTable VALUES(942, 78, 942, 143, 30, 313, 147799, 129303, 11891, 45300);
INSERT INTO factTable VALUES(938, 45, 938, 102, 27, 251, 34975, 29459, 11873, 169446);
INSERT INTO factTable VALUES(940, 96, 940, 464, 31, 498, 264740, 234226, 13347, 46571);
INSERT INTO factTable VALUES(945, 27, 945, 5, 12, 113, 6534, 5249, 0, 0);
INSERT INTO factTable VALUES(944, 88, 944, 252, 24, 402, 205165, 179949, 12499, 49212);
INSERT INTO factTable VALUES(946, 1, 946, 0, 0, 0, 341, 337, 0, 0);
INSERT INTO factTable VALUES(948, 18, 948, 2, 7, 51, 2028, 1643, 0, 0);
-- INSERT INTO factTable VALUES(949, 4, 949, 0, 0, 2, 450, 422, 0, 0);
INSERT INTO factTable VALUES(951, 84, 951, 240, 19, 220, 183192, 160442, 12342, 49361);
INSERT INTO factTable VALUES(952, 1, 952, 0, 0, 0, 341, 337, 0, 0);
INSERT INTO factTable VALUES(947, 17, 947, 4, 6, 72, 1898, 1570, 0, 0);
INSERT INTO factTable VALUES(950, 95, 950, 551, 49, 103, 256810, 227289, 13592, 49320);
INSERT INTO factTable VALUES(943, 5, 943, 0, 0, 0, 454, 422, 0, 0);
INSERT INTO factTable VALUES(954, 39, 954, 30, 26, 163, 19452, 15940, 0, 0);
INSERT INTO factTable VALUES(957, 80, 957, 263, 36, 674, 160374, 140212, 11066, 50187);
INSERT INTO factTable VALUES(956, 57, 956, 103, 8, 304, 62544, 53033, 20428, 213644);
INSERT INTO factTable VALUES(955, 55, 955, 65, 23, 187, 56974, 48092, 19648, 209040);
INSERT INTO factTable VALUES(960, 98, 960, 406, 32, 409, 274430, 242397, 14010, 38791);
INSERT INTO factTable VALUES(953, 26, 953, 13, 15, 81, 6266, 5111, 0, 0);
INSERT INTO factTable VALUES(961, 56, 961, 44, 22, 148, 59409, 50313, 19987, 210199);
INSERT INTO factTable VALUES(959, 58, 959, 137, 11, 112, 67784, 58013, 21653, 221750);
INSERT INTO factTable VALUES(962, 19, 962, 3, 6, 72, 2365, 1895, 0, 0);
INSERT INTO factTable VALUES(958, 26, 958, 13, 15, 81, 6266, 5111, 0, 0);
INSERT INTO factTable VALUES(964, 40, 964, 4, 21, 305, 19964, 16122, 0, 0);
INSERT INTO factTable VALUES(965, 62, 965, 211, 14, 124, 83012, 71820, 23130, 236369);
INSERT INTO factTable VALUES(966, 48, 966, 55, 47, 225, 42219, 35644, 15646, 178883);
INSERT INTO factTable VALUES(967, 62, 967, 211, 14, 124, 83012, 71820, 23130, 236369);
INSERT INTO factTable VALUES(968, 89, 968, 523, 53, -19, 216769, 190996, 12832, 47714);
INSERT INTO factTable VALUES(971, 68, 971, 113, 16, 404, 108699, 95054, 29690, 246847);
INSERT INTO factTable VALUES(963, 9, 963, 0, 1, 6, 793, 744, 0, 0);
INSERT INTO factTable VALUES(973, 15, 973, 1, 0, 37, 1372, 1178, 0, 0);
INSERT INTO factTable VALUES(969, 51, 969, 71, 19, 193, 47361, 39943, 17754, 193571);
INSERT INTO factTable VALUES(974, 82, 974, 192, 25, 732, 176035, 154290, 11495, 49958);
INSERT INTO factTable VALUES(972, 29, 972, 6, 14, 94, 6777, 5249, 0, 0);
INSERT INTO factTable VALUES(975, 95, 975, 551, 49, 103, 256810, 227289, 13592, 49320);
INSERT INTO factTable VALUES(976, 17, 976, 4, 6, 72, 1898, 1570, 0, 0);
INSERT INTO factTable VALUES(970, 3, 970, 0, 0, 0, 388, 371, 0, 0);
INSERT INTO factTable VALUES(979, 64, 979, 243, 8, 233, 88924, 76853, 26408, 239226);
INSERT INTO factTable VALUES(981, 62, 981, 211, 14, 124, 83012, 71820, 23130, 236369);
INSERT INTO factTable VALUES(983, 29, 983, 6, 14, 94, 6777, 5249, 0, 0);
INSERT INTO factTable VALUES(978, 94, 978, 486, 23, 76, 251736, 222918, 13416, 47373);
INSERT INTO factTable VALUES(982, 21, 982, 1, 1, 63, 2756, 2177, 0, 0);
INSERT INTO factTable VALUES(980, 50, 980, 95, 26, 254, 46173, 39038, 16763, 186330);
INSERT INTO factTable VALUES(977, 19, 977, 3, 6, 72, 2365, 1895, 0, 0);
INSERT INTO factTable VALUES(987, 30, 987, 22, 21, 106, 7193, 5516, 0, 0);
INSERT INTO factTable VALUES(985, 57, 985, 103, 8, 304, 62544, 53033, 20428, 213644);
INSERT INTO factTable VALUES(988, 26, 988, 13, 15, 81, 6266, 5111, 0, 0);
INSERT INTO factTable VALUES(984, 14, 984, 0, 0, 17, 1230, 1083, 0, 0);
INSERT INTO factTable VALUES(986, 81, 986, 219, 48, 367, 21743, 148173, 11028, 47150);
INSERT INTO factTable VALUES(989, 7, 989, 0, 0, 13, 543, 487, 0, 0);
INSERT INTO factTable VALUES(991, 56, 991, 44, 22, 148, 59409, 50313, 19987, 210199);
INSERT INTO factTable VALUES(993, 82, 993, 192, 25, 732, 176035, 154290, 11495, 49958);
INSERT INTO factTable VALUES(992, 23, 992, 1, 3, 100, 3822, 3032, 0, 0);
INSERT INTO factTable VALUES(990, 41, 990, 73, 46, 280, 27075, 22834, 0, 0);
INSERT INTO factTable VALUES(997, 6, 997, 0, 0, 2, 483, 445, 0, 0);
INSERT INTO factTable VALUES(995, 70, 995, 183, 18, 32, 116358, 102093, 31994, 249105);
INSERT INTO factTable VALUES(998, 70, 998, 183, 18, 32, 116358, 102093, 31994, 249105);
INSERT INTO factTable VALUES(996, 42, 996, 21, 26, 269, 27953, 23396, 0, 0);
INSERT INTO factTable VALUES(994, 92, 994, 298, 22, 289, 237947, 210398, 13213, 48023);
INSERT INTO factTable VALUES(1001, 71, 1001, 182, 16, 286, 119728, 104979, 32147, 251861);
INSERT INTO factTable VALUES(999, 30, 999, 22, 21, 106, 7193, 5516, 0, 0);
INSERT INTO factTable VALUES(1000, 71, 1000, 182, 16, 286, 119728, 104979, 32147, 251861);
INSERT INTO factTable VALUES(1004, 24, 1004, 4, 20, 79, 4336, 3443, 0, 0);
INSERT INTO factTable VALUES(1002, 65, 1002, 120, 23, 224, 92976, 80538, 26932, 240726);
INSERT INTO factTable VALUES(1005, 70, 1005, 183, 18, 32, 116358, 102093, 31994, 249105);
INSERT INTO factTable VALUES(1006, 77, 1006, 195, 43, 258, 143035, 125025, 11422, 45047);
INSERT INTO factTable VALUES(1003, 54, 1003, 40, 31, 325, 52541, 43934, 19084, 206911);
INSERT INTO factTable VALUES(1007, 50, 1007, 95, 26, 254, 46173, 39038, 16763, 186330);
INSERT INTO factTable VALUES(1008, 15, 1008, 1, 0, 37, 1372, 1178, 0, 0);
INSERT INTO factTable VALUES(1010, 35, 1010, 28, 11, 179, 13186, 10695, 0, 0);
INSERT INTO factTable VALUES(1011, 74, 1011, 285, 33, 172, 132060, 115564, 34360, 262919);
INSERT INTO factTable VALUES(1009, 49, 1009, 61, 8, 116, 43749, 36989, 16343, 181770);
INSERT INTO factTable VALUES(1013, 69, 1013, 91, 14, 282, 113452, 99420, 30317, 248690);
INSERT INTO factTable VALUES(1014, 90, 1014, 293, 40, 367, 223624, 197151, 12913, 49936);
INSERT INTO factTable VALUES(1012, 22, 1012, 0, 6, 101, 3332, 2625, 0, 0);
INSERT INTO factTable VALUES(1015, 44, 1015, 20, 10, 267, 33001, 27865, 11165, 165549);
INSERT INTO factTable VALUES(1016, 81, 1016, 219, 48, 367, 21743, 148173, 11028, 47150);
INSERT INTO factTable VALUES(1017, 91, 1017, 329, 28, 110, 232113, 205173, 13120, 48358);
INSERT INTO factTable VALUES(1021, 25, 1021, 11, 9, 133, 5775, 4729, 0, 0);
INSERT INTO factTable VALUES(1019, 23, 1019, 1, 3, 100, 3822, 3032, 0, 0);
INSERT INTO factTable VALUES(1018, 27, 1018, 5, 12, 113, 6534, 5249, 0, 0);
INSERT INTO factTable VALUES(1020, 44, 1020, 20, 10, 267, 33001, 27865, 11165, 165549);
INSERT INTO factTable VALUES(1024, 75, 1024, 108, 13, 408, 135726, 118701, 35069, 269449);
INSERT INTO factTable VALUES(1022, 57, 1022, 103, 8, 304, 62544, 53033, 20428, 213644);
INSERT INTO factTable VALUES(1025, 82, 1025, 192, 25, 732, 176035, 154290, 11495, 49958);
INSERT INTO factTable VALUES(1023, 31, 1023, 9, 13, 91, 7425, 5635, 0, 0);
INSERT INTO factTable VALUES(1027, 35, 1027, 28, 11, 179, 13186, 10695, 0, 0);
INSERT INTO factTable VALUES(1029, 65, 1029, 120, 23, 224, 92976, 80538, 26932, 240726);
INSERT INTO factTable VALUES(1028, 17, 1028, 4, 6, 72, 1898, 1570, 0, 0);
INSERT INTO factTable VALUES(1030, 28, 1030, 11, 8, 110, 6663, 5249, 0, 0);
INSERT INTO factTable VALUES(1032, 66, 1032, 64, 35, 239, 96717, 83941, 28508, 243455);
INSERT INTO factTable VALUES(1031, 94, 1031, 486, 23, 76, 251736, 222918, 13416, 47373);
INSERT INTO factTable VALUES(1034, 52, 1034, 47, 12, 298, 48647, 40872, 18283, 195948);
INSERT INTO factTable VALUES(1033, 41, 1033, 73, 46, 280, 27075, 22834, 0, 0);
INSERT INTO factTable VALUES(1026, 51, 1026, 71, 19, 193, 47361, 39943, 17754, 193571);
INSERT INTO factTable VALUES(1035, 67, 1035, 113, 13, 210, 103361, 90249, 29087, 244480);
INSERT INTO factTable VALUES(1037, 72, 1037, 224, 21, 444, 123572, 108134, 33042, 256299);
INSERT INTO factTable VALUES(1039, 40, 1039, 4, 21, 305, 19964, 16122, 0, 0);
INSERT INTO factTable VALUES(1040, 85, 1040, 235, 27, 153, 188302, 165137, 12022, 65748);
INSERT INTO factTable VALUES(1041, 95, 1041, 551, 49, 103, 256810, 227289, 13592, 49320);
INSERT INTO factTable VALUES(1042, 42, 1042, 21, 26, 269, 27953, 23396, 0, 0);
INSERT INTO factTable VALUES(1036, 94, 1036, 486, 23, 76, 251736, 222918, 13416, 47373);
INSERT INTO factTable VALUES(1043, 73, 1043, 231, 15, 322, 127813, 111807, 33672, 258639);
INSERT INTO factTable VALUES(1044, 30, 1044, 22, 21, 106, 7193, 5516, 0, 0);
INSERT INTO factTable VALUES(1038, 50, 1038, 95, 26, 254, 46173, 39038, 16763, 186330);
INSERT INTO factTable VALUES(1046, 12, 1046, 6, 1, 20, 1205, 1109, 0, 0);
INSERT INTO factTable VALUES(1047, 29, 1047, 6, 14, 94, 6777, 5249, 0, 0);
INSERT INTO factTable VALUES(1049, 32, 1049, 22, 11, 163, 7986, 5715, 0, 0);
INSERT INTO factTable VALUES(1048, 63, 1048, 78, 19, 298, 86061, 74474, 24020, 238178);
INSERT INTO factTable VALUES(1050, 65, 1050, 120, 23, 224, 92976, 80538, 26932, 240726);
INSERT INTO factTable VALUES(1052, 23, 1052, 1, 3, 100, 3822, 3032, 0, 0);
INSERT INTO factTable VALUES(1051, 53, 1051, 42, 42, 352, 50563, 42352, 18301, 197951);
INSERT INTO factTable VALUES(1053, 90, 1053, 293, 40, 367, 223624, 197151, 12913, 49936);
INSERT INTO factTable VALUES(1045, 31, 1045, 9, 13, 91, 7425, 5635, 0, 0);
INSERT INTO factTable VALUES(1055, 19, 1055, 3, 6, 72, 2365, 1895, 0, 0);
INSERT INTO factTable VALUES(1058, 62, 1058, 211, 14, 124, 83012, 71820, 23130, 236369);
INSERT INTO factTable VALUES(1054, 9, 1054, 0, 1, 6, 793, 744, 0, 0);
INSERT INTO factTable VALUES(1056, 14, 1056, 0, 0, 17, 1230, 1083, 0, 0);
INSERT INTO factTable VALUES(1059, 71, 1059, 182, 16, 286, 119728, 104979, 32147, 251861);
INSERT INTO factTable VALUES(1057, 35, 1057, 28, 11, 179, 13186, 10695, 0, 0);
INSERT INTO factTable VALUES(1063, 83, 1063, 153, 21, 352, 179964, 157593, 11389, 42551);
INSERT INTO factTable VALUES(1061, 11, 1061, 0, 3, 32, 1005, 917, 0, 0);
INSERT INTO factTable VALUES(1065, 11, 1065, 0, 3, 32, 1005, 917, 0, 0);
INSERT INTO factTable VALUES(1066, 44, 1066, 20, 10, 267, 33001, 27865, 11165, 165549);
INSERT INTO factTable VALUES(1060, 36, 1060, 12, 12, 223, 14353, 11615, 0, 0);
INSERT INTO factTable VALUES(1062, 22, 1062, 0, 6, 101, 3332, 2625, 0, 0);
INSERT INTO factTable VALUES(1064, 81, 1064, 219, 48, 367, 21743, 148173, 11028, 47150);
INSERT INTO factTable VALUES(1068, 93, 1068, 471, 35, 178, 246433, 218200, 13285, 48153);
INSERT INTO factTable VALUES(1073, 34, 1073, 14, 7, 160, 11242, 8969, 0, 0);
INSERT INTO factTable VALUES(1070, 86, 1070, 180, 55, 451, 195518, 171667, 12667, 49942);
INSERT INTO factTable VALUES(1072, 16, 1072, 2, 14, 39, 1592, 1342, 0, 0);
INSERT INTO factTable VALUES(1067, 42, 1067, 21, 26, 269, 27953, 23396, 0, 0);
INSERT INTO factTable VALUES(1071, 51, 1071, 71, 19, 193, 47361, 39943, 17754, 193571);
INSERT INTO factTable VALUES(1074, 82, 1074, 192, 25, 732, 176035, 154290, 11495, 49958);
INSERT INTO factTable VALUES(1075, 75, 1075, 108, 13, 408, 135726, 118701, 35069, 269449);
INSERT INTO factTable VALUES(1076, 22, 1076, 0, 6, 101, 3332, 2625, 0, 0);
INSERT INTO factTable VALUES(1077, 50, 1077, 95, 26, 254, 46173, 39038, 16763, 186330);
INSERT INTO factTable VALUES(1080, 4, 1080, 0, 0, 2, 450, 422, 0, 0);
INSERT INTO factTable VALUES(1081, 59, 1081, 131, 8, 208, 72531, 60233, 21827, 230411);
INSERT INTO factTable VALUES(1078, 90, 1078, 293, 40, 367, 223624, 197151, 12913, 49936);
INSERT INTO factTable VALUES(1069, 5, 1069, 0, 0, 0, 454, 422, 0, 0);
INSERT INTO factTable VALUES(1079, 35, 1079, 28, 11, 179, 13186, 10695, 0, 0);
INSERT INTO factTable VALUES(1083, 13, 1083, 0, 0, 21, 1293, 1167, 0, 0);
INSERT INTO factTable VALUES(1084, 23, 1084, 1, 3, 100, 3822, 3032, 0, 0);
INSERT INTO factTable VALUES(1086, 77, 1086, 195, 43, 258, 143035, 125025, 11422, 45047);
INSERT INTO factTable VALUES(1082, 6, 1082, 0, 0, 2, 483, 445, 0, 0);
INSERT INTO factTable VALUES(1087, 89, 1087, 523, 53, -19, 216769, 190996, 12832, 47714);
INSERT INTO factTable VALUES(1088, 76, 1088, 218, 59, 212, 140473, 122959, 35800, 270876);
INSERT INTO factTable VALUES(1089, 83, 1089, 153, 21, 352, 179964, 157593, 11389, 42551);
INSERT INTO factTable VALUES(1085, 34, 1085, 14, 7, 160, 11242, 8969, 0, 0);
INSERT INTO factTable VALUES(1090, 95, 1090, 551, 49, 103, 256810, 227289, 13592, 49320);
INSERT INTO factTable VALUES(1091, 44, 1091, 20, 10, 267, 33001, 27865, 11165, 165549);
INSERT INTO factTable VALUES(1092, 26, 1092, 13, 15, 81, 6266, 5111, 0, 0);
INSERT INTO factTable VALUES(1094, 31, 1094, 9, 13, 91, 7425, 5635, 0, 0);
INSERT INTO factTable VALUES(1095, 65, 1095, 120, 23, 224, 92976, 80538, 26932, 240726);
INSERT INTO factTable VALUES(1096, 84, 1096, 240, 19, 220, 183192, 160442, 12342, 49361);
INSERT INTO factTable VALUES(1093, 11, 1093, 0, 3, 32, 1005, 917, 0, 0);
INSERT INTO factTable VALUES(1097, 53, 1097, 42, 42, 352, 50563, 42352, 18301, 197951);
INSERT INTO factTable VALUES(1099, 87, 1099, 183, 23, 481, 201311, 176773, 13250, 48749);
INSERT INTO factTable VALUES(1101, 65, 1101, 120, 23, 224, 92976, 80538, 26932, 240726);
INSERT INTO factTable VALUES(1100, 46, 1100, 59, 24, 324, 37134, 31211, 12610, 173732);
INSERT INTO factTable VALUES(1098, 11, 1098, 0, 3, 32, 1005, 917, 0, 0);
INSERT INTO factTable VALUES(1103, 83, 1103, 153, 21, 352, 179964, 157593, 11389, 42551);
INSERT INTO factTable VALUES(1104, 74, 1104, 285, 33, 172, 132060, 115564, 34360, 262919);
INSERT INTO factTable VALUES(1105, 27, 1105, 5, 12, 113, 6534, 5249, 0, 0);
INSERT INTO factTable VALUES(1106, 33, 1106, 16, 10, 80, 9712, 7620, 0, 0);
INSERT INTO factTable VALUES(1102, 88, 1102, 252, 24, 402, 205165, 179949, 12499, 49212);
INSERT INTO factTable VALUES(1108, 98, 1108, 406, 32, 409, 274430, 242397, 14010, 38791);
INSERT INTO factTable VALUES(1110, 35, 1110, 28, 11, 179, 13186, 10695, 0, 0);
INSERT INTO factTable VALUES(1109, 88, 1109, 252, 24, 402, 205165, 179949, 12499, 49212);
INSERT INTO factTable VALUES(1112, 96, 1112, 464, 31, 498, 264740, 234226, 13347, 46571);
INSERT INTO factTable VALUES(1111, 64, 1111, 243, 8, 233, 88924, 76853, 26408, 239226);
INSERT INTO factTable VALUES(1113, 88, 1113, 252, 24, 402, 205165, 179949, 12499, 49212);
INSERT INTO factTable VALUES(1114, 86, 1114, 180, 55, 451, 195518, 171667, 12667, 49942);
INSERT INTO factTable VALUES(1116, 22, 1116, 0, 6, 101, 3332, 2625, 0, 0);
INSERT INTO factTable VALUES(1115, 32, 1115, 22, 11, 163, 7986, 5715, 0, 0);
INSERT INTO factTable VALUES(1117, 86, 1117, 180, 55, 451, 195518, 171667, 12667, 49942);
INSERT INTO factTable VALUES(1119, 25, 1119, 11, 9, 133, 5775, 4729, 0, 0);
INSERT INTO factTable VALUES(1118, 77, 1118, 195, 43, 258, 143035, 125025, 11422, 45047);
INSERT INTO factTable VALUES(1122, 70, 1122, 183, 18, 32, 116358, 102093, 31994, 249105);
INSERT INTO factTable VALUES(1120, 98, 1120, 406, 32, 409, 274430, 242397, 14010, 38791);
INSERT INTO factTable VALUES(1123, 48, 1123, 55, 47, 225, 42219, 35644, 15646, 178883);
INSERT INTO factTable VALUES(1107, 57, 1107, 103, 8, 304, 62544, 53033, 20428, 213644);
INSERT INTO factTable VALUES(1125, 55, 1125, 65, 23, 187, 56974, 48092, 19648, 209040);
INSERT INTO factTable VALUES(1121, 29, 1121, 6, 14, 94, 6777, 5249, 0, 0);
INSERT INTO factTable VALUES(1127, 26, 1127, 13, 15, 81, 6266, 5111, 0, 0);
INSERT INTO factTable VALUES(1128, 50, 1128, 95, 26, 254, 46173, 39038, 16763, 186330);
INSERT INTO factTable VALUES(1129, 19, 1129, 3, 6, 72, 2365, 1895, 0, 0);
INSERT INTO factTable VALUES(1130, 11, 1130, 0, 3, 32, 1005, 917, 0, 0);
INSERT INTO factTable VALUES(1131, 36, 1131, 12, 12, 223, 14353, 11615, 0, 0);
INSERT INTO factTable VALUES(1132, 52, 1132, 47, 12, 298, 48647, 40872, 18283, 195948);
INSERT INTO factTable VALUES(1133, 2, 1133, 0, 0, 0, 372, 356, 0, 0);
INSERT INTO factTable VALUES(1124, 16, 1124, 2, 14, 39, 1592, 1342, 0, 0);
INSERT INTO factTable VALUES(1134, 93, 1134, 471, 35, 178, 246433, 218200, 13285, 48153);
INSERT INTO factTable VALUES(1136, 75, 1136, 108, 13, 408, 135726, 118701, 35069, 269449);
INSERT INTO factTable VALUES(1126, 19, 1126, 3, 6, 72, 2365, 1895, 0, 0);
INSERT INTO factTable VALUES(1137, 24, 1137, 4, 20, 79, 4336, 3443, 0, 0);
INSERT INTO factTable VALUES(1135, 79, 1135, 108, 21, 564, 154139, 134950, 11705, 44703);
INSERT INTO factTable VALUES(1138, 58, 1138, 137, 11, 112, 67784, 58013, 21653, 221750);
INSERT INTO factTable VALUES(1140, 68, 1140, 113, 16, 404, 108699, 95054, 29690, 246847);
INSERT INTO factTable VALUES(1139, 61, 1139, 74, 31, 187, 79868, 69025, 22545, 235035);
-- INSERT INTO factTable VALUES(1142, 64, 1142, 243, 8, 233, 88924, 76853, 26408, 239226);
INSERT INTO factTable VALUES(1143, 88, 1143, 252, 24, 402, 205165, 179949, 12499, 49212);
INSERT INTO factTable VALUES(1145, 38, 1145, 30, 40, 267, 17679, 14386, 0, 0);
INSERT INTO factTable VALUES(1141, 49, 1141, 61, 8, 116, 43749, 36989, 16343, 181770);
INSERT INTO factTable VALUES(1147, 51, 1147, 71, 19, 193, 47361, 39943, 17754, 193571);
INSERT INTO factTable VALUES(1146, 52, 1146, 47, 12, 298, 48647, 40872, 18283, 195948);
INSERT INTO factTable VALUES(1144, 25, 1144, 11, 9, 133, 5775, 4729, 0, 0);
INSERT INTO factTable VALUES(1149, 84, 1149, 240, 19, 220, 183192, 160442, 12342, 49361);
INSERT INTO factTable VALUES(1150, 74, 1150, 285, 33, 172, 132060, 115564, 34360, 262919);
INSERT INTO factTable VALUES(1152, 8, 1152, 2, 0, 6, 694, 648, 0, 0);
INSERT INTO factTable VALUES(1148, 82, 1148, 192, 25, 732, 176035, 154290, 11495, 49958);
INSERT INTO factTable VALUES(1154, 92, 1154, 298, 22, 289, 237947, 210398, 13213, 48023);
INSERT INTO factTable VALUES(1153, 74, 1153, 285, 33, 172, 132060, 115564, 34360, 262919);
INSERT INTO factTable VALUES(1151, 86, 1151, 180, 55, 451, 195518, 171667, 12667, 49942);
INSERT INTO factTable VALUES(1155, 46, 1155, 59, 24, 324, 37134, 31211, 12610, 173732);
-- INSERT INTO factTable VALUES(1156, 68, 1156, 113, 16, 404, 108699, 95054, 29690, 246847);
INSERT INTO factTable VALUES(1158, 57, 1158, 103, 8, 304, 62544, 53033, 20428, 213644);
-- INSERT INTO factTable VALUES(1157, 85, 1157, 235, 27, 153, 188302, 165137, 12022, 65748);
INSERT INTO factTable VALUES(1160, 11, 1160, 0, 3, 32, 1005, 917, 0, 0);
INSERT INTO factTable VALUES(1159, 83, 1159, 153, 21, 352, 179964, 157593, 11389, 42551);
INSERT INTO factTable VALUES(1163, 68, 1163, 113, 16, 404, 108699, 95054, 29690, 246847);
INSERT INTO factTable VALUES(1164, 78, 1164, 143, 30, 313, 147799, 129303, 11891, 45300);
INSERT INTO factTable VALUES(1162, 21, 1162, 1, 1, 63, 2756, 2177, 0, 0);
INSERT INTO factTable VALUES(1165, 76, 1165, 218, 59, 212, 140473, 122959, 35800, 270876);
INSERT INTO factTable VALUES(1167, 79, 1167, 108, 21, 564, 154139, 134950, 11705, 44703);
INSERT INTO factTable VALUES(1168, 41, 1168, 73, 46, 280, 27075, 22834, 0, 0);
INSERT INTO factTable VALUES(1161, 91, 1161, 329, 28, 110, 232113, 205173, 13120, 48358);
INSERT INTO factTable VALUES(1169, 21, 1169, 1, 1, 63, 2756, 2177, 0, 0);
INSERT INTO factTable VALUES(1166, 38, 1166, 30, 40, 267, 17679, 14386, 0, 0);
INSERT INTO factTable VALUES(1171, 35, 1171, 28, 11, 179, 13186, 10695, 0, 0);
INSERT INTO factTable VALUES(1170, 12, 1170, 6, 1, 20, 1205, 1109, 0, 0);
INSERT INTO factTable VALUES(1174, 38, 1174, 30, 40, 267, 17679, 14386, 0, 0);
INSERT INTO factTable VALUES(1175, 44, 1175, 20, 10, 267, 33001, 27865, 11165, 165549);
INSERT INTO factTable VALUES(1173, 93, 1173, 471, 35, 178, 246433, 218200, 13285, 48153);
INSERT INTO factTable VALUES(1178, 31, 1178, 9, 13, 91, 7425, 5635, 0, 0);
INSERT INTO factTable VALUES(1179, 14, 1179, 0, 0, 17, 1230, 1083, 0, 0);
INSERT INTO factTable VALUES(1176, 18, 1176, 2, 7, 51, 2028, 1643, 0, 0);
INSERT INTO factTable VALUES(1180, 91, 1180, 329, 28, 110, 232113, 205173, 13120, 48358);
INSERT INTO factTable VALUES(1181, 59, 1181, 131, 8, 208, 72531, 60233, 21827, 230411);
INSERT INTO factTable VALUES(1172, 18, 1172, 2, 7, 51, 2028, 1643, 0, 0);
INSERT INTO factTable VALUES(1182, 74, 1182, 285, 33, 172, 132060, 115564, 34360, 262919);
INSERT INTO factTable VALUES(1177, 35, 1177, 28, 11, 179, 13186, 10695, 0, 0);
INSERT INTO factTable VALUES(1183, 67, 1183, 113, 13, 210, 103361, 90249, 29087, 244480);
INSERT INTO factTable VALUES(1186, 26, 1186, 13, 15, 81, 6266, 5111, 0, 0);
INSERT INTO factTable VALUES(1184, 38, 1184, 30, 40, 267, 17679, 14386, 0, 0);
INSERT INTO factTable VALUES(1187, 51, 1187, 71, 19, 193, 47361, 39943, 17754, 193571);
INSERT INTO factTable VALUES(1189, 77, 1189, 195, 43, 258, 143035, 125025, 11422, 45047);
INSERT INTO factTable VALUES(1190, 69, 1190, 91, 14, 282, 113452, 99420, 30317, 248690);
INSERT INTO factTable VALUES(1192, 45, 1192, 102, 27, 251, 34975, 29459, 11873, 169446);
INSERT INTO factTable VALUES(1193, 88, 1193, 252, 24, 402, 205165, 179949, 12499, 49212);
INSERT INTO factTable VALUES(1191, 83, 1191, 153, 21, 352, 179964, 157593, 11389, 42551);
INSERT INTO factTable VALUES(1188, 23, 1188, 1, 3, 100, 3822, 3032, 0, 0);
INSERT INTO factTable VALUES(1194, 68, 1194, 113, 16, 404, 108699, 95054, 29690, 246847);
INSERT INTO factTable VALUES(1196, 48, 1196, 55, 47, 225, 42219, 35644, 15646, 178883);
INSERT INTO factTable VALUES(1185, 10, 1185, 0, 0, 0, 862, 811, 0, 0);
INSERT INTO factTable VALUES(1198, 63, 1198, 78, 19, 298, 86061, 74474, 24020, 238178);
INSERT INTO factTable VALUES(1197, 15, 1197, 1, 0, 37, 1372, 1178, 0, 0);
INSERT INTO factTable VALUES(1200, 51, 1200, 71, 19, 193, 47361, 39943, 17754, 193571);
INSERT INTO factTable VALUES(1201, 57, 1201, 103, 8, 304, 62544, 53033, 20428, 213644);
INSERT INTO factTable VALUES(1202, 38, 1202, 30, 40, 267, 17679, 14386, 0, 0);
INSERT INTO factTable VALUES(1195, 10, 1195, 0, 0, 0, 862, 811, 0, 0);
INSERT INTO factTable VALUES(1203, 37, 1203, 18, 19, 181, 16511, 13555, 0, 0);
INSERT INTO factTable VALUES(1204, 92, 1204, 298, 22, 289, 237947, 210398, 13213, 48023);
INSERT INTO factTable VALUES(1206, 33, 1206, 16, 10, 80, 9712, 7620, 0, 0);
INSERT INTO factTable VALUES(1205, 77, 1205, 195, 43, 258, 143035, 125025, 11422, 45047);
INSERT INTO factTable VALUES(1208, 62, 1208, 211, 14, 124, 83012, 71820, 23130, 236369);
INSERT INTO factTable VALUES(1209, 20, 1209, 9, 10, 45, 2438, 1904, 0, 0);
INSERT INTO factTable VALUES(1210, 88, 1210, 252, 24, 402, 205165, 179949, 12499, 49212);
INSERT INTO factTable VALUES(1211, 56, 1211, 44, 22, 148, 59409, 50313, 19987, 210199);
INSERT INTO factTable VALUES(1212, 54, 1212, 40, 31, 325, 52541, 43934, 19084, 206911);
INSERT INTO factTable VALUES(1199, 19, 1199, 3, 6, 72, 2365, 1895, 0, 0);
INSERT INTO factTable VALUES(1207, 66, 1207, 64, 35, 239, 96717, 83941, 28508, 243455);
INSERT INTO factTable VALUES(1213, 84, 1213, 240, 19, 220, 183192, 160442, 12342, 49361);
INSERT INTO factTable VALUES(1216, 27, 1216, 5, 12, 113, 6534, 5249, 0, 0);
INSERT INTO factTable VALUES(1214, 13, 1214, 0, 0, 21, 1293, 1167, 0, 0);
INSERT INTO factTable VALUES(1215, 70, 1215, 183, 18, 32, 116358, 102093, 31994, 249105);
INSERT INTO factTable VALUES(1218, 36, 1218, 12, 12, 223, 14353, 11615, 0, 0);
INSERT INTO factTable VALUES(1220, 19, 1220, 3, 6, 72, 2365, 1895, 0, 0);
INSERT INTO factTable VALUES(1221, 31, 1221, 9, 13, 91, 7425, 5635, 0, 0);
INSERT INTO factTable VALUES(1222, 11, 1222, 0, 3, 32, 1005, 917, 0, 0);
INSERT INTO factTable VALUES(1217, 82, 1217, 192, 25, 732, 176035, 154290, 11495, 49958);
INSERT INTO factTable VALUES(1224, 54, 1224, 40, 31, 325, 52541, 43934, 19084, 206911);
INSERT INTO factTable VALUES(1219, 67, 1219, 113, 13, 210, 103361, 90249, 29087, 244480);
INSERT INTO factTable VALUES(1225, 55, 1225, 65, 23, 187, 56974, 48092, 19648, 209040);
INSERT INTO factTable VALUES(1226, 15, 1226, 1, 0, 37, 1372, 1178, 0, 0);
INSERT INTO factTable VALUES(1227, 82, 1227, 192, 25, 732, 176035, 154290, 11495, 49958);
-- INSERT INTO factTable VALUES(1228, 16, 1228, 2, 14, 39, 1592, 1342, 0, 0);
INSERT INTO factTable VALUES(1229, 86, 1229, 180, 55, 451, 195518, 171667, 12667, 49942);
INSERT INTO factTable VALUES(1230, 81, 1230, 219, 48, 367, 21743, 148173, 11028, 47150);
INSERT INTO factTable VALUES(1232, 82, 1232, 192, 25, 732, 176035, 154290, 11495, 49958);
INSERT INTO factTable VALUES(1231, 7, 1231, 0, 0, 13, 543, 487, 0, 0);
INSERT INTO factTable VALUES(1234, 98, 1234, 406, 32, 409, 274430, 242397, 14010, 38791);
INSERT INTO factTable VALUES(1235, 96, 1235, 464, 31, 498, 264740, 234226, 13347, 46571);
INSERT INTO factTable VALUES(1236, 40, 1236, 4, 21, 305, 19964, 16122, 0, 0);
INSERT INTO factTable VALUES(1233, 45, 1233, 102, 27, 251, 34975, 29459, 11873, 169446);
INSERT INTO factTable VALUES(1238, 48, 1238, 55, 47, 225, 42219, 35644, 15646, 178883);
INSERT INTO factTable VALUES(1237, 59, 1237, 131, 8, 208, 72531, 60233, 21827, 230411);
INSERT INTO factTable VALUES(1240, 94, 1240, 486, 23, 76, 251736, 222918, 13416, 47373);
INSERT INTO factTable VALUES(1223, 6, 1223, 0, 0, 2, 483, 445, 0, 0);
INSERT INTO factTable VALUES(1239, 95, 1239, 551, 49, 103, 256810, 227289, 13592, 49320);
INSERT INTO factTable VALUES(1243, 64, 1243, 243, 8, 233, 88924, 76853, 26408, 239226);
INSERT INTO factTable VALUES(1241, 1, 1241, 0, 0, 0, 341, 337, 0, 0);
INSERT INTO factTable VALUES(1242, 62, 1242, 211, 14, 124, 83012, 71820, 23130, 236369);
INSERT INTO factTable VALUES(1245, 68, 1245, 113, 16, 404, 108699, 95054, 29690, 246847);
INSERT INTO factTable VALUES(1244, 55, 1244, 65, 23, 187, 56974, 48092, 19648, 209040);
INSERT INTO factTable VALUES(1246, 35, 1246, 28, 11, 179, 13186, 10695, 0, 0);
INSERT INTO factTable VALUES(1247, 48, 1247, 55, 47, 225, 42219, 35644, 15646, 178883);
INSERT INTO factTable VALUES(1250, 55, 1250, 65, 23, 187, 56974, 48092, 19648, 209040);
INSERT INTO factTable VALUES(1251, 58, 1251, 137, 11, 112, 67784, 58013, 21653, 221750);
INSERT INTO factTable VALUES(1248, 33, 1248, 16, 10, 80, 9712, 7620, 0, 0);
INSERT INTO factTable VALUES(1252, 54, 1252, 40, 31, 325, 52541, 43934, 19084, 206911);
INSERT INTO factTable VALUES(1253, 70, 1253, 183, 18, 32, 116358, 102093, 31994, 249105);
INSERT INTO factTable VALUES(1255, 44, 1255, 20, 10, 267, 33001, 27865, 11165, 165549);
INSERT INTO factTable VALUES(1249, 7, 1249, 0, 0, 13, 543, 487, 0, 0);
INSERT INTO factTable VALUES(1256, 38, 1256, 30, 40, 267, 17679, 14386, 0, 0);
INSERT INTO factTable VALUES(1259, 67, 1259, 113, 13, 210, 103361, 90249, 29087, 244480);
INSERT INTO factTable VALUES(1257, 52, 1257, 47, 12, 298, 48647, 40872, 18283, 195948);
INSERT INTO factTable VALUES(1260, 5, 1260, 0, 0, 0, 454, 422, 0, 0);
INSERT INTO factTable VALUES(1258, 28, 1258, 11, 8, 110, 6663, 5249, 0, 0);
INSERT INTO factTable VALUES(1261, 35, 1261, 28, 11, 179, 13186, 10695, 0, 0);
INSERT INTO factTable VALUES(1263, 19, 1263, 3, 6, 72, 2365, 1895, 0, 0);
INSERT INTO factTable VALUES(1262, 94, 1262, 486, 23, 76, 251736, 222918, 13416, 47373);
INSERT INTO factTable VALUES(1254, 6, 1254, 0, 0, 2, 483, 445, 0, 0);
INSERT INTO factTable VALUES(1265, 52, 1265, 47, 12, 298, 48647, 40872, 18283, 195948);
INSERT INTO factTable VALUES(1266, 71, 1266, 182, 16, 286, 119728, 104979, 32147, 251861);
INSERT INTO factTable VALUES(1269, 89, 1269, 523, 53, -19, 216769, 190996, 12832, 47714);
INSERT INTO factTable VALUES(1267, 24, 1267, 4, 20, 79, 4336, 3443, 0, 0);
INSERT INTO factTable VALUES(1264, 58, 1264, 137, 11, 112, 67784, 58013, 21653, 221750);
INSERT INTO factTable VALUES(1271, 75, 1271, 108, 13, 408, 135726, 118701, 35069, 269449);
INSERT INTO factTable VALUES(1268, 27, 1268, 5, 12, 113, 6534, 5249, 0, 0);
INSERT INTO factTable VALUES(1270, 63, 1270, 78, 19, 298, 86061, 74474, 24020, 238178);
INSERT INTO factTable VALUES(1273, 88, 1273, 252, 24, 402, 205165, 179949, 12499, 49212);
-- INSERT INTO factTable VALUES(1275, 23, 1275, 1, 3, 100, 3822, 3032, 0, 0);
INSERT INTO factTable VALUES(1274, 6, 1274, 0, 0, 2, 483, 445, 0, 0);
INSERT INTO factTable VALUES(1276, 24, 1276, 4, 20, 79, 4336, 3443, 0, 0);
INSERT INTO factTable VALUES(1278, 49, 1278, 61, 8, 116, 43749, 36989, 16343, 181770);
INSERT INTO factTable VALUES(1277, 48, 1277, 55, 47, 225, 42219, 35644, 15646, 178883);
-- INSERT INTO factTable VALUES(1280, 45, 1280, 102, 27, 251, 34975, 29459, 11873, 169446);
INSERT INTO factTable VALUES(1282, 82, 1282, 192, 25, 732, 176035, 154290, 11495, 49958);
INSERT INTO factTable VALUES(1281, 60, 1281, 69, 8, 356, 76538, 65987, 22123, 233120);
INSERT INTO factTable VALUES(1283, 47, 1283, 24, 15, 286, 39422, 33174, 12979, 176344);
INSERT INTO factTable VALUES(1284, 11, 1284, 0, 3, 32, 1005, 917, 0, 0);
INSERT INTO factTable VALUES(1285, 12, 1285, 6, 1, 20, 1205, 1109, 0, 0);
INSERT INTO factTable VALUES(1272, 7, 1272, 0, 0, 13, 543, 487, 0, 0);
-- INSERT INTO factTable VALUES(1279, 55, 1279, 65, 23, 187, 56974, 48092, 19648, 209040);
INSERT INTO factTable VALUES(1286, 77, 1286, 195, 43, 258, 143035, 125025, 11422, 45047);
INSERT INTO factTable VALUES(1287, 8, 1287, 2, 0, 6, 694, 648, 0, 0);
INSERT INTO factTable VALUES(1289, 14, 1289, 0, 0, 17, 1230, 1083, 0, 0);
INSERT INTO factTable VALUES(1290, 56, 1290, 44, 22, 148, 59409, 50313, 19987, 210199);
INSERT INTO factTable VALUES(1288, 44, 1288, 20, 10, 267, 33001, 27865, 11165, 165549);
INSERT INTO factTable VALUES(1292, 77, 1292, 195, 43, 258, 143035, 125025, 11422, 45047);
INSERT INTO factTable VALUES(1293, 95, 1293, 551, 49, 103, 256810, 227289, 13592, 49320);
INSERT INTO factTable VALUES(1294, 74, 1294, 285, 33, 172, 132060, 115564, 34360, 262919);
INSERT INTO factTable VALUES(1291, 16, 1291, 2, 14, 39, 1592, 1342, 0, 0);
INSERT INTO factTable VALUES(1296, 12, 1296, 6, 1, 20, 1205, 1109, 0, 0);
INSERT INTO factTable VALUES(1297, 27, 1297, 5, 12, 113, 6534, 5249, 0, 0);
INSERT INTO factTable VALUES(1298, 83, 1298, 153, 21, 352, 179964, 157593, 11389, 42551);
INSERT INTO factTable VALUES(1300, 70, 1300, 183, 18, 32, 116358, 102093, 31994, 249105);
INSERT INTO factTable VALUES(1301, 37, 1301, 18, 19, 181, 16511, 13555, 0, 0);
INSERT INTO factTable VALUES(1302, 96, 1302, 464, 31, 498, 264740, 234226, 13347, 46571);
INSERT INTO factTable VALUES(1299, 56, 1299, 44, 22, 148, 59409, 50313, 19987, 210199);
INSERT INTO factTable VALUES(1304, 28, 1304, 11, 8, 110, 6663, 5249, 0, 0);
INSERT INTO factTable VALUES(1303, 56, 1303, 44, 22, 148, 59409, 50313, 19987, 210199);
INSERT INTO factTable VALUES(1305, 78, 1305, 143, 30, 313, 147799, 129303, 11891, 45300);
INSERT INTO factTable VALUES(1295, 2, 1295, 0, 0, 0, 372, 356, 0, 0);
INSERT INTO factTable VALUES(1306, 73, 1306, 231, 15, 322, 127813, 111807, 33672, 258639);
INSERT INTO factTable VALUES(1308, 17, 1308, 4, 6, 72, 1898, 1570, 0, 0);
INSERT INTO factTable VALUES(1307, 55, 1307, 65, 23, 187, 56974, 48092, 19648, 209040);
INSERT INTO factTable VALUES(1309, 78, 1309, 143, 30, 313, 147799, 129303, 11891, 45300);
INSERT INTO factTable VALUES(1311, 50, 1311, 95, 26, 254, 46173, 39038, 16763, 186330);
-- INSERT INTO factTable VALUES(1312, 87, 1312, 183, 23, 481, 201311, 176773, 13250, 48749);
INSERT INTO factTable VALUES(1313, 67, 1313, 113, 13, 210, 103361, 90249, 29087, 244480);
INSERT INTO factTable VALUES(1315, 77, 1315, 195, 43, 258, 143035, 125025, 11422, 45047);
INSERT INTO factTable VALUES(1316, 49, 1316, 61, 8, 116, 43749, 36989, 16343, 181770);
INSERT INTO factTable VALUES(1317, 60, 1317, 69, 8, 356, 76538, 65987, 22123, 233120);
INSERT INTO factTable VALUES(1318, 20, 1318, 9, 10, 45, 2438, 1904, 0, 0);
INSERT INTO factTable VALUES(1310, 88, 1310, 252, 24, 402, 205165, 179949, 12499, 49212);
INSERT INTO factTable VALUES(1320, 71, 1320, 182, 16, 286, 119728, 104979, 32147, 251861);
INSERT INTO factTable VALUES(1321, 14, 1321, 0, 0, 17, 1230, 1083, 0, 0);
INSERT INTO factTable VALUES(1314, 81, 1314, 219, 48, 367, 21743, 148173, 11028, 47150);
-- INSERT INTO factTable VALUES(1323, 86, 1323, 180, 55, 451, 195518, 171667, 12667, 49942);
INSERT INTO factTable VALUES(1319, 48, 1319, 55, 47, 225, 42219, 35644, 15646, 178883);
-- INSERT INTO factTable VALUES(1324, 87, 1324, 183, 23, 481, 201311, 176773, 13250, 48749);
INSERT INTO factTable VALUES(1322, 44, 1322, 20, 10, 267, 33001, 27865, 11165, 165549);
-- INSERT INTO factTable VALUES(1325, 45, 1325, 102, 27, 251, 34975, 29459, 11873, 169446);
INSERT INTO factTable VALUES(1327, 50, 1327, 95, 26, 254, 46173, 39038, 16763, 186330);
-- INSERT INTO factTable VALUES(1328, 82, 1328, 192, 25, 732, 176035, 154290, 11495, 49958);
INSERT INTO factTable VALUES(1329, 67, 1329, 113, 13, 210, 103361, 90249, 29087, 244480);
INSERT INTO factTable VALUES(1330, 19, 1330, 3, 6, 72, 2365, 1895, 0, 0);
INSERT INTO factTable VALUES(1326, 34, 1326, 14, 7, 160, 11242, 8969, 0, 0);
INSERT INTO factTable VALUES(1333, 79, 1333, 108, 21, 564, 154139, 134950, 11705, 44703);
INSERT INTO factTable VALUES(1331, 23, 1331, 1, 3, 100, 3822, 3032, 0, 0);
INSERT INTO factTable VALUES(1334, 41, 1334, 73, 46, 280, 27075, 22834, 0, 0);
INSERT INTO factTable VALUES(1335, 56, 1335, 44, 22, 148, 59409, 50313, 19987, 210199);
INSERT INTO factTable VALUES(1336, 85, 1336, 235, 27, 153, 188302, 165137, 12022, 65748);
INSERT INTO factTable VALUES(1337, 16, 1337, 2, 14, 39, 1592, 1342, 0, 0);
-- INSERT INTO factTable VALUES(1338, 57, 1338, 103, 8, 304, 62544, 53033, 20428, 213644);
INSERT INTO factTable VALUES(1332, 14, 1332, 0, 0, 17, 1230, 1083, 0, 0);
INSERT INTO factTable VALUES(1341, 96, 1341, 464, 31, 498, 264740, 234226, 13347, 46571);
INSERT INTO factTable VALUES(1340, 48, 1340, 55, 47, 225, 42219, 35644, 15646, 178883);
INSERT INTO factTable VALUES(1342, 21, 1342, 1, 1, 63, 2756, 2177, 0, 0);
INSERT INTO factTable VALUES(1343, 29, 1343, 6, 14, 94, 6777, 5249, 0, 0);
INSERT INTO factTable VALUES(1344, 91, 1344, 329, 28, 110, 232113, 205173, 13120, 48358);
INSERT INTO factTable VALUES(1345, 89, 1345, 523, 53, -19, 216769, 190996, 12832, 47714);
INSERT INTO factTable VALUES(1346, 98, 1346, 406, 32, 409, 274430, 242397, 14010, 38791);
INSERT INTO factTable VALUES(1347, 67, 1347, 113, 13, 210, 103361, 90249, 29087, 244480);
INSERT INTO factTable VALUES(1349, 57, 1349, 103, 8, 304, 62544, 53033, 20428, 213644);
INSERT INTO factTable VALUES(1350, 26, 1350, 13, 15, 81, 6266, 5111, 0, 0);
INSERT INTO factTable VALUES(1339, 8, 1339, 2, 0, 6, 694, 648, 0, 0);
INSERT INTO factTable VALUES(1351, 21, 1351, 1, 1, 63, 2756, 2177, 0, 0);
INSERT INTO factTable VALUES(1348, 28, 1348, 11, 8, 110, 6663, 5249, 0, 0);
INSERT INTO factTable VALUES(1353, 40, 1353, 4, 21, 305, 19964, 16122, 0, 0);
INSERT INTO factTable VALUES(1354, 91, 1354, 329, 28, 110, 232113, 205173, 13120, 48358);
INSERT INTO factTable VALUES(1355, 89, 1355, 523, 53, -19, 216769, 190996, 12832, 47714);
INSERT INTO factTable VALUES(1356, 49, 1356, 61, 8, 116, 43749, 36989, 16343, 181770);
INSERT INTO factTable VALUES(1352, 28, 1352, 11, 8, 110, 6663, 5249, 0, 0);
INSERT INTO factTable VALUES(1357, 5, 1357, 0, 0, 0, 454, 422, 0, 0);
INSERT INTO factTable VALUES(1359, 17, 1359, 4, 6, 72, 1898, 1570, 0, 0);
INSERT INTO factTable VALUES(1362, 89, 1362, 523, 53, -19, 216769, 190996, 12832, 47714);
INSERT INTO factTable VALUES(1360, 67, 1360, 113, 13, 210, 103361, 90249, 29087, 244480);
INSERT INTO factTable VALUES(1361, 15, 1361, 1, 0, 37, 1372, 1178, 0, 0);
INSERT INTO factTable VALUES(1358, 24, 1358, 4, 20, 79, 4336, 3443, 0, 0);
INSERT INTO factTable VALUES(1365, 71, 1365, 182, 16, 286, 119728, 104979, 32147, 251861);
INSERT INTO factTable VALUES(1364, 20, 1364, 9, 10, 45, 2438, 1904, 0, 0);
INSERT INTO factTable VALUES(1366, 25, 1366, 11, 9, 133, 5775, 4729, 0, 0);
INSERT INTO factTable VALUES(1368, 23, 1368, 1, 3, 100, 3822, 3032, 0, 0);
INSERT INTO factTable VALUES(1367, 37, 1367, 18, 19, 181, 16511, 13555, 0, 0);
INSERT INTO factTable VALUES(1369, 61, 1369, 74, 31, 187, 79868, 69025, 22545, 235035);
INSERT INTO factTable VALUES(1363, 11, 1363, 0, 3, 32, 1005, 917, 0, 0);
INSERT INTO factTable VALUES(1371, 55, 1371, 65, 23, 187, 56974, 48092, 19648, 209040);
INSERT INTO factTable VALUES(1372, 7, 1372, 0, 0, 13, 543, 487, 0, 0);
INSERT INTO factTable VALUES(1370, 13, 1370, 0, 0, 21, 1293, 1167, 0, 0);
INSERT INTO factTable VALUES(1375, 6, 1375, 0, 0, 2, 483, 445, 0, 0);
INSERT INTO factTable VALUES(1374, 81, 1374, 219, 48, 367, 21743, 148173, 11028, 47150);
INSERT INTO factTable VALUES(1377, 53, 1377, 42, 42, 352, 50563, 42352, 18301, 197951);
INSERT INTO factTable VALUES(1378, 56, 1378, 44, 22, 148, 59409, 50313, 19987, 210199);
INSERT INTO factTable VALUES(1376, 37, 1376, 18, 19, 181, 16511, 13555, 0, 0);
INSERT INTO factTable VALUES(1380, 61, 1380, 74, 31, 187, 79868, 69025, 22545, 235035);
INSERT INTO factTable VALUES(1379, 84, 1379, 240, 19, 220, 183192, 160442, 12342, 49361);
INSERT INTO factTable VALUES(1373, 10, 1373, 0, 0, 0, 862, 811, 0, 0);
INSERT INTO factTable VALUES(1381, 19, 1381, 3, 6, 72, 2365, 1895, 0, 0);
INSERT INTO factTable VALUES(1383, 76, 1383, 218, 59, 212, 140473, 122959, 35800, 270876);
INSERT INTO factTable VALUES(1382, 52, 1382, 47, 12, 298, 48647, 40872, 18283, 195948);
INSERT INTO factTable VALUES(1385, 2, 1385, 0, 0, 0, 372, 356, 0, 0);
INSERT INTO factTable VALUES(1384, 31, 1384, 9, 13, 91, 7425, 5635, 0, 0);
INSERT INTO factTable VALUES(1386, 20, 1386, 9, 10, 45, 2438, 1904, 0, 0);
INSERT INTO factTable VALUES(1389, 83, 1389, 153, 21, 352, 179964, 157593, 11389, 42551);
INSERT INTO factTable VALUES(1387, 24, 1387, 4, 20, 79, 4336, 3443, 0, 0);
INSERT INTO factTable VALUES(1388, 61, 1388, 74, 31, 187, 79868, 69025, 22545, 235035);
INSERT INTO factTable VALUES(1391, 77, 1391, 195, 43, 258, 143035, 125025, 11422, 45047);
INSERT INTO factTable VALUES(1390, 92, 1390, 298, 22, 289, 237947, 210398, 13213, 48023);
INSERT INTO factTable VALUES(1392, 61, 1392, 74, 31, 187, 79868, 69025, 22545, 235035);
INSERT INTO factTable VALUES(1393, 11, 1393, 0, 3, 32, 1005, 917, 0, 0);
INSERT INTO factTable VALUES(1394, 59, 1394, 131, 8, 208, 72531, 60233, 21827, 230411);
INSERT INTO factTable VALUES(1395, 1, 1395, 0, 0, 0, 341, 337, 0, 0);
INSERT INTO factTable VALUES(1398, 41, 1398, 73, 46, 280, 27075, 22834, 0, 0);
INSERT INTO factTable VALUES(1396, 20, 1396, 9, 10, 45, 2438, 1904, 0, 0);
INSERT INTO factTable VALUES(1399, 28, 1399, 11, 8, 110, 6663, 5249, 0, 0);
INSERT INTO factTable VALUES(1397, 96, 1397, 464, 31, 498, 264740, 234226, 13347, 46571);
INSERT INTO factTable VALUES(1401, 27, 1401, 5, 12, 113, 6534, 5249, 0, 0);
INSERT INTO factTable VALUES(1400, 21, 1400, 1, 1, 63, 2756, 2177, 0, 0);
INSERT INTO factTable VALUES(1404, 68, 1404, 113, 16, 404, 108699, 95054, 29690, 246847);
INSERT INTO factTable VALUES(1402, 14, 1402, 0, 0, 17, 1230, 1083, 0, 0);
INSERT INTO factTable VALUES(1403, 60, 1403, 69, 8, 356, 76538, 65987, 22123, 233120);
INSERT INTO factTable VALUES(1405, 62, 1405, 211, 14, 124, 83012, 71820, 23130, 236369);
INSERT INTO factTable VALUES(1406, 68, 1406, 113, 16, 404, 108699, 95054, 29690, 246847);
INSERT INTO factTable VALUES(1408, 23, 1408, 1, 3, 100, 3822, 3032, 0, 0);
INSERT INTO factTable VALUES(1409, 26, 1409, 13, 15, 81, 6266, 5111, 0, 0);
INSERT INTO factTable VALUES(1411, 10, 1411, 0, 0, 0, 862, 811, 0, 0);
INSERT INTO factTable VALUES(1410, 93, 1410, 471, 35, 178, 246433, 218200, 13285, 48153);
INSERT INTO factTable VALUES(1407, 42, 1407, 21, 26, 269, 27953, 23396, 0, 0);
INSERT INTO factTable VALUES(1412, 54, 1412, 40, 31, 325, 52541, 43934, 19084, 206911);
INSERT INTO factTable VALUES(1415, 13, 1415, 0, 0, 21, 1293, 1167, 0, 0);
INSERT INTO factTable VALUES(1413, 23, 1413, 1, 3, 100, 3822, 3032, 0, 0);
INSERT INTO factTable VALUES(1417, 28, 1417, 11, 8, 110, 6663, 5249, 0, 0);
INSERT INTO factTable VALUES(1416, 74, 1416, 285, 33, 172, 132060, 115564, 34360, 262919);
INSERT INTO factTable VALUES(1418, 19, 1418, 3, 6, 72, 2365, 1895, 0, 0);
INSERT INTO factTable VALUES(1420, 29, 1420, 6, 14, 94, 6777, 5249, 0, 0);
INSERT INTO factTable VALUES(1419, 10, 1419, 0, 0, 0, 862, 811, 0, 0);
INSERT INTO factTable VALUES(1422, 11, 1422, 0, 3, 32, 1005, 917, 0, 0);
INSERT INTO factTable VALUES(1423, 80, 1423, 263, 36, 674, 160374, 140212, 11066, 50187);
INSERT INTO factTable VALUES(1424, 38, 1424, 30, 40, 267, 17679, 14386, 0, 0);
INSERT INTO factTable VALUES(1425, 53, 1425, 42, 42, 352, 50563, 42352, 18301, 197951);
INSERT INTO factTable VALUES(1426, 37, 1426, 18, 19, 181, 16511, 13555, 0, 0);
INSERT INTO factTable VALUES(1427, 47, 1427, 24, 15, 286, 39422, 33174, 12979, 176344);
INSERT INTO factTable VALUES(1430, 47, 1430, 24, 15, 286, 39422, 33174, 12979, 176344);
INSERT INTO factTable VALUES(1429, 77, 1429, 195, 43, 258, 143035, 125025, 11422, 45047);
INSERT INTO factTable VALUES(1431, 5, 1431, 0, 0, 0, 454, 422, 0, 0);
INSERT INTO factTable VALUES(1428, 70, 1428, 183, 18, 32, 116358, 102093, 31994, 249105);
INSERT INTO factTable VALUES(1432, 20, 1432, 9, 10, 45, 2438, 1904, 0, 0);
INSERT INTO factTable VALUES(1421, 52, 1421, 47, 12, 298, 48647, 40872, 18283, 195948);
INSERT INTO factTable VALUES(1433, 71, 1433, 182, 16, 286, 119728, 104979, 32147, 251861);
INSERT INTO factTable VALUES(1435, 54, 1435, 40, 31, 325, 52541, 43934, 19084, 206911);
INSERT INTO factTable VALUES(1436, 87, 1436, 183, 23, 481, 201311, 176773, 13250, 48749);
INSERT INTO factTable VALUES(1434, 14, 1434, 0, 0, 17, 1230, 1083, 0, 0);
INSERT INTO factTable VALUES(1414, 6, 1414, 0, 0, 2, 483, 445, 0, 0);
INSERT INTO factTable VALUES(1437, 86, 1437, 180, 55, 451, 195518, 171667, 12667, 49942);
INSERT INTO factTable VALUES(1440, 92, 1440, 298, 22, 289, 237947, 210398, 13213, 48023);
INSERT INTO factTable VALUES(1439, 96, 1439, 464, 31, 498, 264740, 234226, 13347, 46571);
-- INSERT INTO factTable VALUES(1442, 90, 1442, 293, 40, 367, 223624, 197151, 12913, 49936);
INSERT INTO factTable VALUES(1438, 50, 1438, 95, 26, 254, 46173, 39038, 16763, 186330);
INSERT INTO factTable VALUES(1441, 81, 1441, 219, 48, 367, 21743, 148173, 11028, 47150);
INSERT INTO factTable VALUES(1445, 90, 1445, 293, 40, 367, 223624, 197151, 12913, 49936);
INSERT INTO factTable VALUES(1443, 30, 1443, 22, 21, 106, 7193, 5516, 0, 0);
INSERT INTO factTable VALUES(1444, 94, 1444, 486, 23, 76, 251736, 222918, 13416, 47373);
INSERT INTO factTable VALUES(1447, 91, 1447, 329, 28, 110, 232113, 205173, 13120, 48358);
INSERT INTO factTable VALUES(1450, 45, 1450, 102, 27, 251, 34975, 29459, 11873, 169446);
INSERT INTO factTable VALUES(1446, 78, 1446, 143, 30, 313, 147799, 129303, 11891, 45300);
INSERT INTO factTable VALUES(1449, 55, 1449, 65, 23, 187, 56974, 48092, 19648, 209040);
INSERT INTO factTable VALUES(1452, 7, 1452, 0, 0, 13, 543, 487, 0, 0);
INSERT INTO factTable VALUES(1451, 47, 1451, 24, 15, 286, 39422, 33174, 12979, 176344);
INSERT INTO factTable VALUES(1453, 24, 1453, 4, 20, 79, 4336, 3443, 0, 0);
INSERT INTO factTable VALUES(1456, 98, 1456, 406, 32, 409, 274430, 242397, 14010, 38791);
INSERT INTO factTable VALUES(1454, 2, 1454, 0, 0, 0, 372, 356, 0, 0);
INSERT INTO factTable VALUES(1455, 78, 1455, 143, 30, 313, 147799, 129303, 11891, 45300);
INSERT INTO factTable VALUES(1448, 8, 1448, 2, 0, 6, 694, 648, 0, 0);
INSERT INTO factTable VALUES(1457, 50, 1457, 95, 26, 254, 46173, 39038, 16763, 186330);
INSERT INTO factTable VALUES(1458, 79, 1458, 108, 21, 564, 154139, 134950, 11705, 44703);
INSERT INTO factTable VALUES(1461, 55, 1461, 65, 23, 187, 56974, 48092, 19648, 209040);
INSERT INTO factTable VALUES(1460, 37, 1460, 18, 19, 181, 16511, 13555, 0, 0);
INSERT INTO factTable VALUES(1459, 28, 1459, 11, 8, 110, 6663, 5249, 0, 0);
INSERT INTO factTable VALUES(1463, 45, 1463, 102, 27, 251, 34975, 29459, 11873, 169446);
INSERT INTO factTable VALUES(1464, 81, 1464, 219, 48, 367, 21743, 148173, 11028, 47150);
INSERT INTO factTable VALUES(1466, 19, 1466, 3, 6, 72, 2365, 1895, 0, 0);
INSERT INTO factTable VALUES(1465, 36, 1465, 12, 12, 223, 14353, 11615, 0, 0);
INSERT INTO factTable VALUES(1467, 78, 1467, 143, 30, 313, 147799, 129303, 11891, 45300);
INSERT INTO factTable VALUES(1468, 96, 1468, 464, 31, 498, 264740, 234226, 13347, 46571);
INSERT INTO factTable VALUES(1470, 67, 1470, 113, 13, 210, 103361, 90249, 29087, 244480);
INSERT INTO factTable VALUES(1471, 63, 1471, 78, 19, 298, 86061, 74474, 24020, 238178);
INSERT INTO factTable VALUES(1469, 21, 1469, 1, 1, 63, 2756, 2177, 0, 0);
INSERT INTO factTable VALUES(1472, 39, 1472, 30, 26, 163, 19452, 15940, 0, 0);
INSERT INTO factTable VALUES(1462, 3, 1462, 0, 0, 0, 388, 371, 0, 0);
INSERT INTO factTable VALUES(1474, 18, 1474, 2, 7, 51, 2028, 1643, 0, 0);
INSERT INTO factTable VALUES(1475, 94, 1475, 486, 23, 76, 251736, 222918, 13416, 47373);
INSERT INTO factTable VALUES(1473, 9, 1473, 0, 1, 6, 793, 744, 0, 0);
INSERT INTO factTable VALUES(1476, 42, 1476, 21, 26, 269, 27953, 23396, 0, 0);
INSERT INTO factTable VALUES(1478, 82, 1478, 192, 25, 732, 176035, 154290, 11495, 49958);
INSERT INTO factTable VALUES(1480, 30, 1480, 22, 21, 106, 7193, 5516, 0, 0);
INSERT INTO factTable VALUES(1477, 13, 1477, 0, 0, 21, 1293, 1167, 0, 0);
INSERT INTO factTable VALUES(1479, 29, 1479, 6, 14, 94, 6777, 5249, 0, 0);
INSERT INTO factTable VALUES(1482, 10, 1482, 0, 0, 0, 862, 811, 0, 0);
INSERT INTO factTable VALUES(1481, 63, 1481, 78, 19, 298, 86061, 74474, 24020, 238178);
INSERT INTO factTable VALUES(1484, 92, 1484, 298, 22, 289, 237947, 210398, 13213, 48023);
INSERT INTO factTable VALUES(1483, 15, 1483, 1, 0, 37, 1372, 1178, 0, 0);
INSERT INTO factTable VALUES(1486, 46, 1486, 59, 24, 324, 37134, 31211, 12610, 173732);
INSERT INTO factTable VALUES(1487, 26, 1487, 13, 15, 81, 6266, 5111, 0, 0);
INSERT INTO factTable VALUES(1485, 77, 1485, 195, 43, 258, 143035, 125025, 11422, 45047);
INSERT INTO factTable VALUES(1490, 32, 1490, 22, 11, 163, 7986, 5715, 0, 0);
INSERT INTO factTable VALUES(1489, 98, 1489, 406, 32, 409, 274430, 242397, 14010, 38791);
INSERT INTO factTable VALUES(1492, 52, 1492, 47, 12, 298, 48647, 40872, 18283, 195948);
INSERT INTO factTable VALUES(1488, 70, 1488, 183, 18, 32, 116358, 102093, 31994, 249105);
INSERT INTO factTable VALUES(1493, 23, 1493, 1, 3, 100, 3822, 3032, 0, 0);
INSERT INTO factTable VALUES(1495, 31, 1495, 9, 13, 91, 7425, 5635, 0, 0);
INSERT INTO factTable VALUES(1494, 1, 1494, 0, 0, 0, 341, 337, 0, 0);
INSERT INTO factTable VALUES(1491, 7, 1491, 0, 0, 13, 543, 487, 0, 0);
INSERT INTO factTable VALUES(1497, 79, 1497, 108, 21, 564, 154139, 134950, 11705, 44703);
INSERT INTO factTable VALUES(1498, 74, 1498, 285, 33, 172, 132060, 115564, 34360, 262919);
INSERT INTO factTable VALUES(1499, 32, 1499, 22, 11, 163, 7986, 5715, 0, 0);
INSERT INTO factTable VALUES(1500, 43, 1500, 46, 60, 176, 31628, 26789, 10482, 139137);
INSERT INTO factTable VALUES(1496, 17, 1496, 4, 6, 72, 1898, 1570, 0, 0);
INSERT INTO factTable VALUES(1502, 28, 1502, 11, 8, 110, 6663, 5249, 0, 0);
INSERT INTO factTable VALUES(1503, 30, 1503, 22, 21, 106, 7193, 5516, 0, 0);
INSERT INTO factTable VALUES(1504, 65, 1504, 120, 23, 224, 92976, 80538, 26932, 240726);
INSERT INTO factTable VALUES(1505, 70, 1505, 183, 18, 32, 116358, 102093, 31994, 249105);
INSERT INTO factTable VALUES(1501, 64, 1501, 243, 8, 233, 88924, 76853, 26408, 239226);
INSERT INTO factTable VALUES(1506, 80, 1506, 263, 36, 674, 160374, 140212, 11066, 50187);
INSERT INTO factTable VALUES(1509, 56, 1509, 44, 22, 148, 59409, 50313, 19987, 210199);
INSERT INTO factTable VALUES(1508, 93, 1508, 471, 35, 178, 246433, 218200, 13285, 48153);
INSERT INTO factTable VALUES(1511, 74, 1511, 285, 33, 172, 132060, 115564, 34360, 262919);
INSERT INTO factTable VALUES(1510, 24, 1510, 4, 20, 79, 4336, 3443, 0, 0);
INSERT INTO factTable VALUES(1513, 5, 1513, 0, 0, 0, 454, 422, 0, 0);
INSERT INTO factTable VALUES(1507, 82, 1507, 192, 25, 732, 176035, 154290, 11495, 49958);
INSERT INTO factTable VALUES(1515, 93, 1515, 471, 35, 178, 246433, 218200, 13285, 48153);
INSERT INTO factTable VALUES(1514, 81, 1514, 219, 48, 367, 21743, 148173, 11028, 47150);
INSERT INTO factTable VALUES(1516, 90, 1516, 293, 40, 367, 223624, 197151, 12913, 49936);
INSERT INTO factTable VALUES(1519, 17, 1519, 4, 6, 72, 1898, 1570, 0, 0);
INSERT INTO factTable VALUES(1517, 31, 1517, 9, 13, 91, 7425, 5635, 0, 0);
INSERT INTO factTable VALUES(1518, 68, 1518, 113, 16, 404, 108699, 95054, 29690, 246847);
INSERT INTO factTable VALUES(1512, 17, 1512, 4, 6, 72, 1898, 1570, 0, 0);
INSERT INTO factTable VALUES(1523, 45, 1523, 102, 27, 251, 34975, 29459, 11873, 169446);
INSERT INTO factTable VALUES(1520, 12, 1520, 6, 1, 20, 1205, 1109, 0, 0);
INSERT INTO factTable VALUES(1524, 47, 1524, 24, 15, 286, 39422, 33174, 12979, 176344);
INSERT INTO factTable VALUES(1525, 22, 1525, 0, 6, 101, 3332, 2625, 0, 0);
INSERT INTO factTable VALUES(1526, 74, 1526, 285, 33, 172, 132060, 115564, 34360, 262919);
INSERT INTO factTable VALUES(1527, 52, 1527, 47, 12, 298, 48647, 40872, 18283, 195948);
INSERT INTO factTable VALUES(1529, 44, 1529, 20, 10, 267, 33001, 27865, 11165, 165549);
INSERT INTO factTable VALUES(1528, 92, 1528, 298, 22, 289, 237947, 210398, 13213, 48023);
INSERT INTO factTable VALUES(1522, 3, 1522, 0, 0, 0, 388, 371, 0, 0);
INSERT INTO factTable VALUES(1521, 39, 1521, 30, 26, 163, 19452, 15940, 0, 0);
INSERT INTO factTable VALUES(1530, 48, 1530, 55, 47, 225, 42219, 35644, 15646, 178883);
INSERT INTO factTable VALUES(1531, 5, 1531, 0, 0, 0, 454, 422, 0, 0);
INSERT INTO factTable VALUES(1534, 1, 1534, 0, 0, 0, 341, 337, 0, 0);
INSERT INTO factTable VALUES(1535, 71, 1535, 182, 16, 286, 119728, 104979, 32147, 251861);
INSERT INTO factTable VALUES(1537, 22, 1537, 0, 6, 101, 3332, 2625, 0, 0);
INSERT INTO factTable VALUES(1538, 92, 1538, 298, 22, 289, 237947, 210398, 13213, 48023);
INSERT INTO factTable VALUES(1532, 30, 1532, 22, 21, 106, 7193, 5516, 0, 0);
INSERT INTO factTable VALUES(1533, 2, 1533, 0, 0, 0, 372, 356, 0, 0);
INSERT INTO factTable VALUES(1536, 38, 1536, 30, 40, 267, 17679, 14386, 0, 0);
INSERT INTO factTable VALUES(1541, 62, 1541, 211, 14, 124, 83012, 71820, 23130, 236369);
INSERT INTO factTable VALUES(1539, 78, 1539, 143, 30, 313, 147799, 129303, 11891, 45300);
INSERT INTO factTable VALUES(1542, 96, 1542, 464, 31, 498, 264740, 234226, 13347, 46571);
INSERT INTO factTable VALUES(1540, 12, 1540, 6, 1, 20, 1205, 1109, 0, 0);
INSERT INTO factTable VALUES(1543, 98, 1543, 406, 32, 409, 274430, 242397, 14010, 38791);
INSERT INTO factTable VALUES(1546, 81, 1546, 219, 48, 367, 21743, 148173, 11028, 47150);
INSERT INTO factTable VALUES(1544, 52, 1544, 47, 12, 298, 48647, 40872, 18283, 195948);
INSERT INTO factTable VALUES(1548, 15, 1548, 1, 0, 37, 1372, 1178, 0, 0);
INSERT INTO factTable VALUES(1547, 86, 1547, 180, 55, 451, 195518, 171667, 12667, 49942);
INSERT INTO factTable VALUES(1550, 65, 1550, 120, 23, 224, 92976, 80538, 26932, 240726);
INSERT INTO factTable VALUES(1552, 76, 1552, 218, 59, 212, 140473, 122959, 35800, 270876);
INSERT INTO factTable VALUES(1549, 56, 1549, 44, 22, 148, 59409, 50313, 19987, 210199);
INSERT INTO factTable VALUES(1551, 85, 1551, 235, 27, 153, 188302, 165137, 12022, 65748);
INSERT INTO factTable VALUES(1545, 43, 1545, 46, 60, 176, 31628, 26789, 10482, 139137);
INSERT INTO factTable VALUES(1554, 84, 1554, 240, 19, 220, 183192, 160442, 12342, 49361);
INSERT INTO factTable VALUES(1555, 51, 1555, 71, 19, 193, 47361, 39943, 17754, 193571);
INSERT INTO factTable VALUES(1557, 45, 1557, 102, 27, 251, 34975, 29459, 11873, 169446);
INSERT INTO factTable VALUES(1556, 10, 1556, 0, 0, 0, 862, 811, 0, 0);
INSERT INTO factTable VALUES(1558, 51, 1558, 71, 19, 193, 47361, 39943, 17754, 193571);
INSERT INTO factTable VALUES(1559, 74, 1559, 285, 33, 172, 132060, 115564, 34360, 262919);
INSERT INTO factTable VALUES(1561, 62, 1561, 211, 14, 124, 83012, 71820, 23130, 236369);
INSERT INTO factTable VALUES(1553, 54, 1553, 40, 31, 325, 52541, 43934, 19084, 206911);
INSERT INTO factTable VALUES(1563, 16, 1563, 2, 14, 39, 1592, 1342, 0, 0);
INSERT INTO factTable VALUES(1562, 98, 1562, 406, 32, 409, 274430, 242397, 14010, 38791);
INSERT INTO factTable VALUES(1560, 42, 1560, 21, 26, 269, 27953, 23396, 0, 0);
INSERT INTO factTable VALUES(1564, 83, 1564, 153, 21, 352, 179964, 157593, 11389, 42551);
INSERT INTO factTable VALUES(1566, 48, 1566, 55, 47, 225, 42219, 35644, 15646, 178883);
INSERT INTO factTable VALUES(1568, 19, 1568, 3, 6, 72, 2365, 1895, 0, 0);
INSERT INTO factTable VALUES(1567, 27, 1567, 5, 12, 113, 6534, 5249, 0, 0);
INSERT INTO factTable VALUES(1569, 35, 1569, 28, 11, 179, 13186, 10695, 0, 0);
INSERT INTO factTable VALUES(1570, 42, 1570, 21, 26, 269, 27953, 23396, 0, 0);
INSERT INTO factTable VALUES(1572, 2, 1572, 0, 0, 0, 372, 356, 0, 0);
INSERT INTO factTable VALUES(1571, 18, 1571, 2, 7, 51, 2028, 1643, 0, 0);
INSERT INTO factTable VALUES(1573, 53, 1573, 42, 42, 352, 50563, 42352, 18301, 197951);
INSERT INTO factTable VALUES(1574, 31, 1574, 9, 13, 91, 7425, 5635, 0, 0);
INSERT INTO factTable VALUES(1575, 43, 1575, 46, 60, 176, 31628, 26789, 10482, 139137);
INSERT INTO factTable VALUES(1576, 83, 1576, 153, 21, 352, 179964, 157593, 11389, 42551);
INSERT INTO factTable VALUES(1577, 75, 1577, 108, 13, 408, 135726, 118701, 35069, 269449);
INSERT INTO factTable VALUES(1578, 55, 1578, 65, 23, 187, 56974, 48092, 19648, 209040);
INSERT INTO factTable VALUES(1580, 59, 1580, 131, 8, 208, 72531, 60233, 21827, 230411);
INSERT INTO factTable VALUES(1581, 80, 1581, 263, 36, 674, 160374, 140212, 11066, 50187);
INSERT INTO factTable VALUES(1583, 40, 1583, 4, 21, 305, 19964, 16122, 0, 0);
INSERT INTO factTable VALUES(1579, 11, 1579, 0, 3, 32, 1005, 917, 0, 0);
INSERT INTO factTable VALUES(1565, 29, 1565, 6, 14, 94, 6777, 5249, 0, 0);
INSERT INTO factTable VALUES(1587, 24, 1587, 4, 20, 79, 4336, 3443, 0, 0);
INSERT INTO factTable VALUES(1582, 15, 1582, 1, 0, 37, 1372, 1178, 0, 0);
INSERT INTO factTable VALUES(1585, 71, 1585, 182, 16, 286, 119728, 104979, 32147, 251861);
INSERT INTO factTable VALUES(1586, 26, 1586, 13, 15, 81, 6266, 5111, 0, 0);
INSERT INTO factTable VALUES(1588, 80, 1588, 263, 36, 674, 160374, 140212, 11066, 50187);
INSERT INTO factTable VALUES(1589, 69, 1589, 91, 14, 282, 113452, 99420, 30317, 248690);
INSERT INTO factTable VALUES(1592, 67, 1592, 113, 13, 210, 103361, 90249, 29087, 244480);
INSERT INTO factTable VALUES(1591, 3, 1591, 0, 0, 0, 388, 371, 0, 0);
INSERT INTO factTable VALUES(1593, 40, 1593, 4, 21, 305, 19964, 16122, 0, 0);
INSERT INTO factTable VALUES(1594, 32, 1594, 22, 11, 163, 7986, 5715, 0, 0);
INSERT INTO factTable VALUES(1595, 93, 1595, 471, 35, 178, 246433, 218200, 13285, 48153);
INSERT INTO factTable VALUES(1584, 17, 1584, 4, 6, 72, 1898, 1570, 0, 0);
INSERT INTO factTable VALUES(1590, 26, 1590, 13, 15, 81, 6266, 5111, 0, 0);
INSERT INTO factTable VALUES(1597, 63, 1597, 78, 19, 298, 86061, 74474, 24020, 238178);
INSERT INTO factTable VALUES(1598, 15, 1598, 1, 0, 37, 1372, 1178, 0, 0);
INSERT INTO factTable VALUES(1596, 14, 1596, 0, 0, 17, 1230, 1083, 0, 0);
INSERT INTO factTable VALUES(1600, 33, 1600, 16, 10, 80, 9712, 7620, 0, 0);
INSERT INTO factTable VALUES(1602, 36, 1602, 12, 12, 223, 14353, 11615, 0, 0);
INSERT INTO factTable VALUES(1601, 29, 1601, 6, 14, 94, 6777, 5249, 0, 0);
INSERT INTO factTable VALUES(1603, 28, 1603, 11, 8, 110, 6663, 5249, 0, 0);
INSERT INTO factTable VALUES(1604, 64, 1604, 243, 8, 233, 88924, 76853, 26408, 239226);
INSERT INTO factTable VALUES(1605, 84, 1605, 240, 19, 220, 183192, 160442, 12342, 49361);
INSERT INTO factTable VALUES(1607, 22, 1607, 0, 6, 101, 3332, 2625, 0, 0);
INSERT INTO factTable VALUES(1606, 18, 1606, 2, 7, 51, 2028, 1643, 0, 0);
INSERT INTO factTable VALUES(1599, 3, 1599, 0, 0, 0, 388, 371, 0, 0);
INSERT INTO factTable VALUES(1608, 15, 1608, 1, 0, 37, 1372, 1178, 0, 0);
INSERT INTO factTable VALUES(1609, 73, 1609, 231, 15, 322, 127813, 111807, 33672, 258639);
INSERT INTO factTable VALUES(1611, 82, 1611, 192, 25, 732, 176035, 154290, 11495, 49958);
INSERT INTO factTable VALUES(1614, 9, 1614, 0, 1, 6, 793, 744, 0, 0);
INSERT INTO factTable VALUES(1612, 82, 1612, 192, 25, 732, 176035, 154290, 11495, 49958);
INSERT INTO factTable VALUES(1616, 38, 1616, 30, 40, 267, 17679, 14386, 0, 0);
INSERT INTO factTable VALUES(1610, 33, 1610, 16, 10, 80, 9712, 7620, 0, 0);
INSERT INTO factTable VALUES(1615, 81, 1615, 219, 48, 367, 21743, 148173, 11028, 47150);
INSERT INTO factTable VALUES(1618, 3, 1618, 0, 0, 0, 388, 371, 0, 0);
INSERT INTO factTable VALUES(1613, 20, 1613, 9, 10, 45, 2438, 1904, 0, 0);
INSERT INTO factTable VALUES(1617, 61, 1617, 74, 31, 187, 79868, 69025, 22545, 235035);
INSERT INTO factTable VALUES(1620, 42, 1620, 21, 26, 269, 27953, 23396, 0, 0);
INSERT INTO factTable VALUES(1622, 83, 1622, 153, 21, 352, 179964, 157593, 11389, 42551);
INSERT INTO factTable VALUES(1621, 15, 1621, 1, 0, 37, 1372, 1178, 0, 0);
INSERT INTO factTable VALUES(1623, 22, 1623, 0, 6, 101, 3332, 2625, 0, 0);
INSERT INTO factTable VALUES(1624, 95, 1624, 551, 49, 103, 256810, 227289, 13592, 49320);
INSERT INTO factTable VALUES(1619, 9, 1619, 0, 1, 6, 793, 744, 0, 0);
INSERT INTO factTable VALUES(1625, 24, 1625, 4, 20, 79, 4336, 3443, 0, 0);
INSERT INTO factTable VALUES(1627, 89, 1627, 523, 53, -19, 216769, 190996, 12832, 47714);
INSERT INTO factTable VALUES(1628, 92, 1628, 298, 22, 289, 237947, 210398, 13213, 48023);
INSERT INTO factTable VALUES(1630, 26, 1630, 13, 15, 81, 6266, 5111, 0, 0);
INSERT INTO factTable VALUES(1629, 55, 1629, 65, 23, 187, 56974, 48092, 19648, 209040);
INSERT INTO factTable VALUES(1631, 37, 1631, 18, 19, 181, 16511, 13555, 0, 0);
INSERT INTO factTable VALUES(1632, 28, 1632, 11, 8, 110, 6663, 5249, 0, 0);
INSERT INTO factTable VALUES(1626, 24, 1626, 4, 20, 79, 4336, 3443, 0, 0);
INSERT INTO factTable VALUES(1633, 54, 1633, 40, 31, 325, 52541, 43934, 19084, 206911);
INSERT INTO factTable VALUES(1636, 90, 1636, 293, 40, 367, 223624, 197151, 12913, 49936);
INSERT INTO factTable VALUES(1637, 59, 1637, 131, 8, 208, 72531, 60233, 21827, 230411);
INSERT INTO factTable VALUES(1635, 66, 1635, 64, 35, 239, 96717, 83941, 28508, 243455);
INSERT INTO factTable VALUES(1634, 68, 1634, 113, 16, 404, 108699, 95054, 29690, 246847);
INSERT INTO factTable VALUES(1639, 20, 1639, 9, 10, 45, 2438, 1904, 0, 0);
INSERT INTO factTable VALUES(1638, 54, 1638, 40, 31, 325, 52541, 43934, 19084, 206911);
INSERT INTO factTable VALUES(1640, 72, 1640, 224, 21, 444, 123572, 108134, 33042, 256299);
INSERT INTO factTable VALUES(1642, 7, 1642, 0, 0, 13, 543, 487, 0, 0);
INSERT INTO factTable VALUES(1643, 26, 1643, 13, 15, 81, 6266, 5111, 0, 0);
INSERT INTO factTable VALUES(1644, 32, 1644, 22, 11, 163, 7986, 5715, 0, 0);
INSERT INTO factTable VALUES(1645, 38, 1645, 30, 40, 267, 17679, 14386, 0, 0);
INSERT INTO factTable VALUES(1641, 54, 1641, 40, 31, 325, 52541, 43934, 19084, 206911);
INSERT INTO factTable VALUES(1648, 16, 1648, 2, 14, 39, 1592, 1342, 0, 0);
INSERT INTO factTable VALUES(1646, 11, 1646, 0, 3, 32, 1005, 917, 0, 0);
INSERT INTO factTable VALUES(1649, 20, 1649, 9, 10, 45, 2438, 1904, 0, 0);
INSERT INTO factTable VALUES(1650, 77, 1650, 195, 43, 258, 143035, 125025, 11422, 45047);
INSERT INTO factTable VALUES(1652, 88, 1652, 252, 24, 402, 205165, 179949, 12499, 49212);
INSERT INTO factTable VALUES(1647, 6, 1647, 0, 0, 2, 483, 445, 0, 0);
INSERT INTO factTable VALUES(1651, 39, 1651, 30, 26, 163, 19452, 15940, 0, 0);
INSERT INTO factTable VALUES(1653, 51, 1653, 71, 19, 193, 47361, 39943, 17754, 193571);
INSERT INTO factTable VALUES(1655, 57, 1655, 103, 8, 304, 62544, 53033, 20428, 213644);
INSERT INTO factTable VALUES(1657, 6, 1657, 0, 0, 2, 483, 445, 0, 0);
INSERT INTO factTable VALUES(1658, 34, 1658, 14, 7, 160, 11242, 8969, 0, 0);
INSERT INTO factTable VALUES(1660, 60, 1660, 69, 8, 356, 76538, 65987, 22123, 233120);
INSERT INTO factTable VALUES(1661, 35, 1661, 28, 11, 179, 13186, 10695, 0, 0);
INSERT INTO factTable VALUES(1659, 70, 1659, 183, 18, 32, 116358, 102093, 31994, 249105);
INSERT INTO factTable VALUES(1656, 53, 1656, 42, 42, 352, 50563, 42352, 18301, 197951);
INSERT INTO factTable VALUES(1663, 95, 1663, 551, 49, 103, 256810, 227289, 13592, 49320);
INSERT INTO factTable VALUES(1654, 28, 1654, 11, 8, 110, 6663, 5249, 0, 0);
INSERT INTO factTable VALUES(1662, 48, 1662, 55, 47, 225, 42219, 35644, 15646, 178883);
INSERT INTO factTable VALUES(1665, 50, 1665, 95, 26, 254, 46173, 39038, 16763, 186330);
INSERT INTO factTable VALUES(1664, 32, 1664, 22, 11, 163, 7986, 5715, 0, 0);
INSERT INTO factTable VALUES(1666, 74, 1666, 285, 33, 172, 132060, 115564, 34360, 262919);
INSERT INTO factTable VALUES(1669, 22, 1669, 0, 6, 101, 3332, 2625, 0, 0);
INSERT INTO factTable VALUES(1667, 47, 1667, 24, 15, 286, 39422, 33174, 12979, 176344);
INSERT INTO factTable VALUES(1670, 85, 1670, 235, 27, 153, 188302, 165137, 12022, 65748);
INSERT INTO factTable VALUES(1668, 17, 1668, 4, 6, 72, 1898, 1570, 0, 0);
INSERT INTO factTable VALUES(1672, 21, 1672, 1, 1, 63, 2756, 2177, 0, 0);
INSERT INTO factTable VALUES(1674, 2, 1674, 0, 0, 0, 372, 356, 0, 0);
INSERT INTO factTable VALUES(1673, 46, 1673, 59, 24, 324, 37134, 31211, 12610, 173732);
INSERT INTO factTable VALUES(1671, 83, 1671, 153, 21, 352, 179964, 157593, 11389, 42551);
INSERT INTO factTable VALUES(1678, 60, 1678, 69, 8, 356, 76538, 65987, 22123, 233120);
INSERT INTO factTable VALUES(1675, 51, 1675, 71, 19, 193, 47361, 39943, 17754, 193571);
INSERT INTO factTable VALUES(1679, 35, 1679, 28, 11, 179, 13186, 10695, 0, 0);
INSERT INTO factTable VALUES(1676, 19, 1676, 3, 6, 72, 2365, 1895, 0, 0);
INSERT INTO factTable VALUES(1677, 11, 1677, 0, 3, 32, 1005, 917, 0, 0);
INSERT INTO factTable VALUES(1681, 63, 1681, 78, 19, 298, 86061, 74474, 24020, 238178);
INSERT INTO factTable VALUES(1682, 96, 1682, 464, 31, 498, 264740, 234226, 13347, 46571);
INSERT INTO factTable VALUES(1683, 17, 1683, 4, 6, 72, 1898, 1570, 0, 0);
INSERT INTO factTable VALUES(1680, 46, 1680, 59, 24, 324, 37134, 31211, 12610, 173732);
INSERT INTO factTable VALUES(1685, 65, 1685, 120, 23, 224, 92976, 80538, 26932, 240726);
INSERT INTO factTable VALUES(1687, 69, 1687, 91, 14, 282, 113452, 99420, 30317, 248690);
INSERT INTO factTable VALUES(1686, 61, 1686, 74, 31, 187, 79868, 69025, 22545, 235035);
INSERT INTO factTable VALUES(1684, 9, 1684, 0, 1, 6, 793, 744, 0, 0);
INSERT INTO factTable VALUES(1689, 85, 1689, 235, 27, 153, 188302, 165137, 12022, 65748);
INSERT INTO factTable VALUES(1690, 62, 1690, 211, 14, 124, 83012, 71820, 23130, 236369);
INSERT INTO factTable VALUES(1688, 85, 1688, 235, 27, 153, 188302, 165137, 12022, 65748);
INSERT INTO factTable VALUES(1691, 66, 1691, 64, 35, 239, 96717, 83941, 28508, 243455);
INSERT INTO factTable VALUES(1692, 31, 1692, 9, 13, 91, 7425, 5635, 0, 0);
INSERT INTO factTable VALUES(1694, 80, 1694, 263, 36, 674, 160374, 140212, 11066, 50187);
INSERT INTO factTable VALUES(1695, 45, 1695, 102, 27, 251, 34975, 29459, 11873, 169446);
INSERT INTO factTable VALUES(1696, 29, 1696, 6, 14, 94, 6777, 5249, 0, 0);
INSERT INTO factTable VALUES(1693, 48, 1693, 55, 47, 225, 42219, 35644, 15646, 178883);
INSERT INTO factTable VALUES(1698, 5, 1698, 0, 0, 0, 454, 422, 0, 0);
INSERT INTO factTable VALUES(1697, 46, 1697, 59, 24, 324, 37134, 31211, 12610, 173732);
INSERT INTO factTable VALUES(1700, 16, 1700, 2, 14, 39, 1592, 1342, 0, 0);
INSERT INTO factTable VALUES(1699, 45, 1699, 102, 27, 251, 34975, 29459, 11873, 169446);
INSERT INTO factTable VALUES(1703, 4, 1703, 0, 0, 2, 450, 422, 0, 0);
INSERT INTO factTable VALUES(1701, 97, 1701, 591, 50, 31, 269146, 237960, 14197, 40370);
INSERT INTO factTable VALUES(1704, 5, 1704, 0, 0, 0, 454, 422, 0, 0);
INSERT INTO factTable VALUES(1705, 84, 1705, 240, 19, 220, 183192, 160442, 12342, 49361);
INSERT INTO factTable VALUES(1702, 2, 1702, 0, 0, 0, 372, 356, 0, 0);
INSERT INTO factTable VALUES(1707, 42, 1707, 21, 26, 269, 27953, 23396, 0, 0);
INSERT INTO factTable VALUES(1708, 75, 1708, 108, 13, 408, 135726, 118701, 35069, 269449);
INSERT INTO factTable VALUES(1709, 88, 1709, 252, 24, 402, 205165, 179949, 12499, 49212);
INSERT INTO factTable VALUES(1710, 56, 1710, 44, 22, 148, 59409, 50313, 19987, 210199);
INSERT INTO factTable VALUES(1711, 95, 1711, 551, 49, 103, 256810, 227289, 13592, 49320);
INSERT INTO factTable VALUES(1706, 22, 1706, 0, 6, 101, 3332, 2625, 0, 0);
INSERT INTO factTable VALUES(1713, 82, 1713, 192, 25, 732, 176035, 154290, 11495, 49958);
INSERT INTO factTable VALUES(1715, 91, 1715, 329, 28, 110, 232113, 205173, 13120, 48358);
INSERT INTO factTable VALUES(1714, 48, 1714, 55, 47, 225, 42219, 35644, 15646, 178883);
INSERT INTO factTable VALUES(1717, 81, 1717, 219, 48, 367, 21743, 148173, 11028, 47150);
INSERT INTO factTable VALUES(1718, 20, 1718, 9, 10, 45, 2438, 1904, 0, 0);
INSERT INTO factTable VALUES(1712, 53, 1712, 42, 42, 352, 50563, 42352, 18301, 197951);
INSERT INTO factTable VALUES(1720, 69, 1720, 91, 14, 282, 113452, 99420, 30317, 248690);
INSERT INTO factTable VALUES(1721, 89, 1721, 523, 53, -19, 216769, 190996, 12832, 47714);
INSERT INTO factTable VALUES(1719, 18, 1719, 2, 7, 51, 2028, 1643, 0, 0);
INSERT INTO factTable VALUES(1722, 11, 1722, 0, 3, 32, 1005, 917, 0, 0);
INSERT INTO factTable VALUES(1723, 21, 1723, 1, 1, 63, 2756, 2177, 0, 0);
INSERT INTO factTable VALUES(1724, 88, 1724, 252, 24, 402, 205165, 179949, 12499, 49212);
INSERT INTO factTable VALUES(1725, 85, 1725, 235, 27, 153, 188302, 165137, 12022, 65748);
INSERT INTO factTable VALUES(1716, 5, 1716, 0, 0, 0, 454, 422, 0, 0);
INSERT INTO factTable VALUES(1726, 50, 1726, 95, 26, 254, 46173, 39038, 16763, 186330);
INSERT INTO factTable VALUES(1727, 33, 1727, 16, 10, 80, 9712, 7620, 0, 0);
INSERT INTO factTable VALUES(1728, 30, 1728, 22, 21, 106, 7193, 5516, 0, 0);
INSERT INTO factTable VALUES(1730, 22, 1730, 0, 6, 101, 3332, 2625, 0, 0);
INSERT INTO factTable VALUES(1732, 93, 1732, 471, 35, 178, 246433, 218200, 13285, 48153);
INSERT INTO factTable VALUES(1729, 20, 1729, 9, 10, 45, 2438, 1904, 0, 0);
INSERT INTO factTable VALUES(1733, 79, 1733, 108, 21, 564, 154139, 134950, 11705, 44703);
INSERT INTO factTable VALUES(1735, 59, 1735, 131, 8, 208, 72531, 60233, 21827, 230411);
INSERT INTO factTable VALUES(1734, 69, 1734, 91, 14, 282, 113452, 99420, 30317, 248690);
INSERT INTO factTable VALUES(1737, 83, 1737, 153, 21, 352, 179964, 157593, 11389, 42551);
INSERT INTO factTable VALUES(1738, 14, 1738, 0, 0, 17, 1230, 1083, 0, 0);
INSERT INTO factTable VALUES(1731, 20, 1731, 9, 10, 45, 2438, 1904, 0, 0);
INSERT INTO factTable VALUES(1739, 95, 1739, 551, 49, 103, 256810, 227289, 13592, 49320);
INSERT INTO factTable VALUES(1736, 64, 1736, 243, 8, 233, 88924, 76853, 26408, 239226);
INSERT INTO factTable VALUES(1740, 89, 1740, 523, 53, -19, 216769, 190996, 12832, 47714);
INSERT INTO factTable VALUES(1743, 93, 1743, 471, 35, 178, 246433, 218200, 13285, 48153);
INSERT INTO factTable VALUES(1745, 66, 1745, 64, 35, 239, 96717, 83941, 28508, 243455);
INSERT INTO factTable VALUES(1742, 56, 1742, 44, 22, 148, 59409, 50313, 19987, 210199);
INSERT INTO factTable VALUES(1746, 70, 1746, 183, 18, 32, 116358, 102093, 31994, 249105);
INSERT INTO factTable VALUES(1747, 92, 1747, 298, 22, 289, 237947, 210398, 13213, 48023);
INSERT INTO factTable VALUES(1741, 65, 1741, 120, 23, 224, 92976, 80538, 26932, 240726);
INSERT INTO factTable VALUES(1748, 69, 1748, 91, 14, 282, 113452, 99420, 30317, 248690);
INSERT INTO factTable VALUES(1749, 18, 1749, 2, 7, 51, 2028, 1643, 0, 0);
INSERT INTO factTable VALUES(1744, 56, 1744, 44, 22, 148, 59409, 50313, 19987, 210199);
INSERT INTO factTable VALUES(1751, 81, 1751, 219, 48, 367, 21743, 148173, 11028, 47150);
INSERT INTO factTable VALUES(1753, 28, 1753, 11, 8, 110, 6663, 5249, 0, 0);
INSERT INTO factTable VALUES(1750, 38, 1750, 30, 40, 267, 17679, 14386, 0, 0);
INSERT INTO factTable VALUES(1754, 83, 1754, 153, 21, 352, 179964, 157593, 11389, 42551);
INSERT INTO factTable VALUES(1755, 49, 1755, 61, 8, 116, 43749, 36989, 16343, 181770);
INSERT INTO factTable VALUES(1756, 1, 1756, 0, 0, 0, 341, 337, 0, 0);
INSERT INTO factTable VALUES(1752, 40, 1752, 4, 21, 305, 19964, 16122, 0, 0);
INSERT INTO factTable VALUES(1758, 85, 1758, 235, 27, 153, 188302, 165137, 12022, 65748);
INSERT INTO factTable VALUES(1760, 22, 1760, 0, 6, 101, 3332, 2625, 0, 0);
INSERT INTO factTable VALUES(1757, 45, 1757, 102, 27, 251, 34975, 29459, 11873, 169446);
INSERT INTO factTable VALUES(1762, 17, 1762, 4, 6, 72, 1898, 1570, 0, 0);
INSERT INTO factTable VALUES(1759, 68, 1759, 113, 16, 404, 108699, 95054, 29690, 246847);
INSERT INTO factTable VALUES(1763, 22, 1763, 0, 6, 101, 3332, 2625, 0, 0);
INSERT INTO factTable VALUES(1761, 42, 1761, 21, 26, 269, 27953, 23396, 0, 0);
INSERT INTO factTable VALUES(1766, 23, 1766, 1, 3, 100, 3822, 3032, 0, 0);
INSERT INTO factTable VALUES(1765, 41, 1765, 73, 46, 280, 27075, 22834, 0, 0);
INSERT INTO factTable VALUES(1767, 18, 1767, 2, 7, 51, 2028, 1643, 0, 0);
INSERT INTO factTable VALUES(1768, 48, 1768, 55, 47, 225, 42219, 35644, 15646, 178883);
INSERT INTO factTable VALUES(1770, 13, 1770, 0, 0, 21, 1293, 1167, 0, 0);
INSERT INTO factTable VALUES(1771, 21, 1771, 1, 1, 63, 2756, 2177, 0, 0);
INSERT INTO factTable VALUES(1773, 24, 1773, 4, 20, 79, 4336, 3443, 0, 0);
INSERT INTO factTable VALUES(1772, 31, 1772, 9, 13, 91, 7425, 5635, 0, 0);
INSERT INTO factTable VALUES(1774, 28, 1774, 11, 8, 110, 6663, 5249, 0, 0);
INSERT INTO factTable VALUES(1764, 16, 1764, 2, 14, 39, 1592, 1342, 0, 0);
INSERT INTO factTable VALUES(1775, 97, 1775, 591, 50, 31, 269146, 237960, 14197, 40370);
INSERT INTO factTable VALUES(1769, 20, 1769, 9, 10, 45, 2438, 1904, 0, 0);
INSERT INTO factTable VALUES(1777, 51, 1777, 71, 19, 193, 47361, 39943, 17754, 193571);
INSERT INTO factTable VALUES(1776, 2, 1776, 0, 0, 0, 372, 356, 0, 0);
INSERT INTO factTable VALUES(1780, 81, 1780, 219, 48, 367, 21743, 148173, 11028, 47150);
INSERT INTO factTable VALUES(1779, 44, 1779, 20, 10, 267, 33001, 27865, 11165, 165549);
INSERT INTO factTable VALUES(1778, 25, 1778, 11, 9, 133, 5775, 4729, 0, 0);
INSERT INTO factTable VALUES(1781, 44, 1781, 20, 10, 267, 33001, 27865, 11165, 165549);
INSERT INTO factTable VALUES(1782, 74, 1782, 285, 33, 172, 132060, 115564, 34360, 262919);
INSERT INTO factTable VALUES(1785, 10, 1785, 0, 0, 0, 862, 811, 0, 0);
INSERT INTO factTable VALUES(1784, 51, 1784, 71, 19, 193, 47361, 39943, 17754, 193571);
INSERT INTO factTable VALUES(1787, 64, 1787, 243, 8, 233, 88924, 76853, 26408, 239226);
INSERT INTO factTable VALUES(1786, 81, 1786, 219, 48, 367, 21743, 148173, 11028, 47150);
INSERT INTO factTable VALUES(1783, 7, 1783, 0, 0, 13, 543, 487, 0, 0);
INSERT INTO factTable VALUES(1788, 12, 1788, 6, 1, 20, 1205, 1109, 0, 0);
INSERT INTO factTable VALUES(1789, 93, 1789, 471, 35, 178, 246433, 218200, 13285, 48153);
INSERT INTO factTable VALUES(1790, 70, 1790, 183, 18, 32, 116358, 102093, 31994, 249105);
